transaction_id,user_id,age,gender,daily_screen_time_hours,social_media_hours,gaming_hours,work_study_hours,sleep_hours,notifications_per_day,app_opens_per_day,weekend_screen_time,stress_level,academic_work_impact,addiction_level,addicted_label
TXN00001,U00001,21,Male,3.23,2.01,0.89,4.55,7.55,248,154,3.95,Medium,Yes,,0
TXN00002,U00002,24,Other,5.09,3.81,2.24,4.44,7.66,127,71,6.71,Medium,Yes,,0
TXN00003,U00003,31,Other,6.06,1.36,4.63,2.35,4.12,79,131,8.68,High,No,Mild,0
TXN00004,U00004,32,Other,7.83,5.85,3.11,3.54,6.63,248,157,9.77,High,Yes,Moderate,1
TXN00005,U00005,25,Male,9.96,5.92,5.82,5.27,3.81,241,252,12.55,Low,No,Severe,1
TXN00006,U00006,26,Male,9.32,4.26,2.69,3.99,4.5,187,131,10.98,Medium,Yes,Severe,1
TXN00007,U00007,25,Male,10.4,4.93,4.0,0.86,6.21,270,170,11.43,Medium,No,Severe,1
TXN00008,U00008,26,Male,4.26,4.6,3.76,4.61,4.83,239,167,5.66,Low,No,Moderate,1
TXN00009,U00009,21,Other,4.38,1.38,2.72,3.78,6.23,172,134,6.2,High,Yes,,0
TXN00010,U00010,35,Other,9.76,4.73,3.76,2.11,3.0,125,157,12.69,Low,Yes,Severe,1
TXN00011,U00011,34,Female,8.48,1.34,4.65,3.47,6.4,225,65,10.48,Medium,Yes,Moderate,1
TXN00012,U00012,27,Other,5.16,1.82,2.27,0.93,7.79,228,32,8.1,High,Yes,,0
TXN00013,U00013,33,Other,11.52,1.41,4.51,3.84,6.44,263,141,13.8,Medium,No,Severe,1
TXN00014,U00014,32,Male,4.09,1.74,1.35,3.74,5.54,76,16,4.77,High,Yes,,0
TXN00015,U00015,19,Male,10.74,0.89,3.35,4.18,3.06,158,236,12.68,Low,No,Severe,1
TXN00016,U00016,21,Male,3.87,2.87,1.69,3.07,7.78,192,180,4.62,Medium,No,,0
TXN00017,U00017,24,Other,4.71,2.97,1.69,2.03,5.62,39,128,7.23,High,Yes,,0
TXN00018,U00018,35,Female,10.52,5.83,5.31,5.17,3.65,214,188,11.55,Medium,Yes,Moderate,1
TXN00019,U00019,18,Female,11.87,1.96,4.74,3.0,4.8,277,207,14.02,Medium,Yes,Moderate,1
TXN00020,U00020,24,Other,11.72,3.69,3.77,4.61,3.16,239,187,13.48,High,Yes,Moderate,1
TXN00021,U00021,20,Female,10.66,0.88,1.87,5.24,4.72,317,210,11.78,High,Yes,Moderate,1
TXN00022,U00022,34,Female,5.85,1.93,2.68,2.23,5.7,53,180,7.1,Medium,Yes,,0
TXN00023,U00023,21,Other,3.66,1.67,1.86,5.63,7.66,280,102,5.08,Low,No,Mild,0
TXN00024,U00024,34,Female,3.07,4.99,3.6,4.15,6.33,159,157,3.86,Low,Yes,Severe,1
TXN00025,U00025,24,Male,9.46,1.62,4.14,1.95,5.1,306,78,10.19,Medium,No,Moderate,1
TXN00026,U00026,28,Female,9.94,4.0,2.65,4.58,5.38,199,208,10.46,Low,Yes,Moderate,1
TXN00027,U00027,35,Female,4.33,1.2,1.23,5.44,8.08,240,25,7.08,Low,Yes,,0
TXN00028,U00028,35,Male,10.96,2.74,4.08,1.35,7.08,311,106,13.9,Low,No,Moderate,1
TXN00029,U00029,28,Male,10.04,2.76,4.28,4.54,4.02,130,92,11.5,Low,No,Moderate,1
TXN00030,U00030,32,Other,6.15,5.01,5.89,1.73,5.07,227,174,7.35,Low,No,Severe,1
TXN00031,U00031,34,Other,6.6,5.9,3.74,5.67,3.42,156,110,8.55,Medium,Yes,Moderate,1
TXN00032,U00032,31,Other,6.11,4.83,3.35,5.91,3.42,320,212,7.09,Low,No,Moderate,1
TXN00033,U00033,35,Other,9.18,5.67,5.35,1.58,4.04,295,174,11.24,High,Yes,Severe,1
TXN00034,U00034,27,Other,9.0,2.29,5.19,3.55,3.0,295,187,11.19,Low,No,Severe,1
TXN00035,U00035,18,Other,5.73,1.66,3.14,3.84,5.95,133,128,7.92,High,No,,0
TXN00036,U00036,20,Male,5.55,4.15,4.08,1.01,7.18,150,144,6.61,Low,Yes,Moderate,1
TXN00037,U00037,25,Male,11.86,3.86,5.47,3.0,6.09,272,139,14.16,Medium,No,Severe,1
TXN00038,U00038,22,Other,8.9,0.53,4.6,4.74,3.38,198,121,9.84,High,No,Moderate,1
TXN00039,U00039,25,Male,11.26,1.17,2.93,3.06,4.49,268,242,12.55,Medium,No,Severe,1
TXN00040,U00040,33,Male,7.05,4.63,5.76,2.03,5.6,249,250,8.15,Medium,Yes,Severe,1
TXN00041,U00041,26,Female,6.02,5.41,2.72,1.33,3.82,164,144,6.68,Medium,No,Severe,1
TXN00042,U00042,19,Female,4.86,2.81,4.42,3.71,6.83,274,187,6.31,Low,No,Mild,0
TXN00043,U00043,31,Other,7.84,4.54,5.6,5.44,4.3,194,201,9.55,Medium,No,Severe,1
TXN00044,U00044,23,Female,10.56,5.56,5.52,3.44,6.98,241,209,12.72,Low,No,Moderate,1
TXN00045,U00045,23,Female,3.45,2.59,0.85,2.3,7.93,117,86,5.83,Medium,No,,0
TXN00046,U00046,18,Other,9.74,0.79,5.41,1.73,3.21,256,75,12.13,Low,Yes,Moderate,1
TXN00047,U00047,22,Female,5.15,3.1,0.46,5.71,6.59,85,109,6.07,High,Yes,,0
TXN00048,U00048,21,Other,8.21,5.61,3.9,5.49,4.59,273,115,8.9,High,Yes,Moderate,1
TXN00049,U00049,27,Male,10.65,3.8,2.88,5.91,5.62,213,226,12.22,Medium,Yes,Severe,1
TXN00050,U00050,31,Female,10.4,1.08,6.24,4.0,5.83,306,129,11.99,High,No,Severe,1
TXN00051,U00051,31,Male,10.43,3.76,3.69,1.85,6.31,196,205,11.54,Medium,No,Severe,1
TXN00052,U00052,33,Male,10.66,1.5,2.45,4.89,4.43,315,217,12.91,Medium,Yes,Moderate,1
TXN00053,U00053,25,Female,9.48,3.19,4.63,4.3,5.81,215,179,11.96,Low,No,Moderate,1
TXN00054,U00054,25,Female,5.76,3.7,2.69,3.42,5.61,245,180,7.09,High,No,Mild,0
TXN00055,U00055,26,Other,5.07,4.47,3.66,4.59,6.38,301,137,6.05,High,No,Severe,1
TXN00056,U00056,34,Male,8.37,5.89,4.93,2.13,4.52,167,68,10.64,Low,No,Moderate,1
TXN00057,U00057,35,Male,5.63,5.69,4.95,4.64,3.0,128,236,6.84,Medium,No,Severe,1
TXN00058,U00058,19,Male,5.27,5.24,2.86,0.86,4.31,272,251,7.49,Low,Yes,Severe,1
TXN00059,U00059,25,Female,4.07,4.7,4.83,4.85,3.12,258,187,5.7,Medium,No,Severe,1
TXN00060,U00060,19,Male,8.49,4.57,5.39,1.64,3.85,259,85,9.38,Low,Yes,Moderate,1
TXN00061,U00061,31,Female,7.05,3.77,1.97,1.77,6.88,234,156,7.73,Low,No,Mild,0
TXN00062,U00062,21,Male,7.9,4.06,6.03,5.05,3.0,167,168,9.89,High,No,Severe,1
TXN00063,U00063,32,Male,9.2,4.35,6.17,3.25,4.32,145,243,9.8,Medium,No,Severe,1
TXN00064,U00064,20,Female,5.06,4.21,5.84,3.73,3.0,320,158,7.0,Low,No,Severe,1
TXN00065,U00065,23,Female,11.97,2.9,5.66,5.83,4.22,229,175,13.27,Low,Yes,Severe,1
TXN00066,U00066,33,Female,5.59,5.7,5.65,3.53,4.15,205,154,6.9,Medium,Yes,Severe,1
TXN00067,U00067,19,Male,4.69,2.49,3.83,3.94,7.12,107,108,6.56,Medium,No,Mild,0
TXN00068,U00068,18,Other,11.76,3.85,2.56,1.37,5.38,231,169,12.49,Low,No,Moderate,1
TXN00069,U00069,22,Other,7.49,4.44,3.64,2.0,6.66,210,127,9.13,Low,No,Moderate,1
TXN00070,U00070,34,Other,9.72,1.25,2.68,4.75,5.94,212,219,10.89,Low,No,Severe,1
TXN00071,U00071,33,Male,10.79,2.96,4.34,2.33,5.53,221,206,13.62,Low,Yes,Severe,1
TXN00072,U00072,31,Male,3.39,4.6,5.22,4.96,3.84,294,128,5.13,Low,Yes,Severe,1
TXN00073,U00073,32,Other,3.9,5.51,2.46,1.29,6.02,164,109,5.57,Medium,No,Severe,1
TXN00074,U00074,20,Other,10.67,5.19,5.04,2.59,4.32,273,189,13.35,Low,Yes,Moderate,1
TXN00075,U00075,27,Male,11.98,4.61,3.34,1.04,5.75,313,90,13.59,High,No,Moderate,1
TXN00076,U00076,28,Female,10.17,2.11,3.1,1.3,5.29,234,111,11.09,Low,No,Moderate,1
TXN00077,U00077,22,Female,5.09,4.01,4.24,4.17,6.15,244,163,7.28,Low,Yes,Severe,1
TXN00078,U00078,27,Other,8.75,2.83,3.4,5.15,3.0,223,213,9.52,Medium,No,Severe,1
TXN00079,U00079,27,Male,3.2,5.07,3.98,0.54,5.99,324,102,5.98,High,No,Severe,1
TXN00080,U00080,29,Female,4.97,1.55,1.8,4.66,7.15,229,75,7.04,High,Yes,Mild,0
TXN00081,U00081,19,Male,8.22,4.53,2.76,2.12,5.46,169,141,9.05,High,No,Severe,1
TXN00082,U00082,26,Other,11.23,5.69,5.47,2.12,6.82,295,94,12.9,Low,Yes,Moderate,1
TXN00083,U00083,30,Other,11.71,4.93,3.86,4.85,3.0,262,121,13.35,High,No,Severe,1
TXN00084,U00084,29,Other,3.98,1.79,0.9,5.36,6.23,211,96,6.1,High,No,Mild,0
TXN00085,U00085,31,Other,4.05,0.75,0.95,5.98,4.22,115,177,4.89,Medium,No,Mild,0
TXN00086,U00086,22,Male,10.97,4.1,5.73,3.89,6.33,196,98,13.2,Low,No,Severe,1
TXN00087,U00087,29,Other,3.89,4.27,3.78,5.88,4.51,191,135,4.86,Low,No,Moderate,1
TXN00088,U00088,24,Male,8.78,3.78,1.69,4.83,4.0,122,209,9.79,High,Yes,Moderate,1
TXN00089,U00089,28,Male,9.97,4.84,3.98,2.03,7.33,123,203,11.1,Low,Yes,Moderate,1
TXN00090,U00090,18,Female,6.22,4.84,4.76,0.59,3.29,157,197,8.04,High,Yes,Severe,1
TXN00091,U00091,29,Female,7.62,1.1,2.82,5.7,3.9,255,173,8.87,High,Yes,Mild,0
TXN00092,U00092,30,Female,6.84,1.09,4.45,2.94,6.95,172,220,7.71,Low,No,Moderate,1
TXN00093,U00093,34,Male,5.65,3.28,2.52,4.86,4.21,222,181,7.95,Low,No,Mild,0
TXN00094,U00094,31,Male,6.05,2.99,2.46,1.02,5.62,225,105,7.49,Low,No,Mild,0
TXN00095,U00095,20,Female,3.84,1.03,3.76,4.96,6.2,205,183,5.74,High,Yes,Mild,0
TXN00096,U00096,31,Male,10.81,4.47,5.47,3.8,4.48,237,194,11.84,High,No,Moderate,1
TXN00097,U00097,29,Male,10.61,2.52,5.45,3.66,5.73,341,233,13.55,High,Yes,Severe,1
TXN00098,U00098,23,Male,5.46,4.69,5.29,2.43,3.72,126,209,7.6,Low,Yes,Moderate,1
TXN00099,U00099,34,Other,4.94,2.81,1.36,2.54,7.75,218,160,6.93,Low,Yes,,0
TXN00100,U00100,19,Male,9.07,2.0,5.05,3.17,4.09,194,145,11.46,Low,No,Severe,1
TXN00101,U00101,27,Female,9.1,3.76,3.71,2.2,3.89,243,79,9.62,Medium,Yes,Moderate,1
TXN00102,U00102,27,Female,5.95,0.54,2.99,1.47,6.21,200,73,7.7,High,No,,0
TXN00103,U00103,19,Female,6.93,3.03,1.11,2.22,5.63,158,203,8.47,Low,No,Mild,0
TXN00104,U00104,23,Female,10.21,3.9,4.93,5.56,3.3,306,92,11.32,High,No,Moderate,1
TXN00105,U00105,27,Male,9.71,1.72,4.72,0.92,5.75,225,195,10.69,Medium,No,Moderate,1
TXN00106,U00106,21,Other,4.32,1.58,3.21,4.68,6.65,100,200,6.06,High,No,Mild,0
TXN00107,U00107,28,Male,4.36,0.88,2.57,2.17,4.94,69,130,6.13,Medium,No,Mild,0
TXN00108,U00108,19,Other,6.32,2.08,4.18,5.88,3.31,242,194,7.78,High,Yes,Moderate,1
TXN00109,U00109,24,Male,5.89,3.12,0.6,0.84,4.97,250,102,8.85,Low,Yes,,0
TXN00110,U00110,32,Male,11.92,3.38,4.84,2.5,6.23,224,194,14.36,High,Yes,Severe,1
TXN00111,U00111,28,Female,3.85,4.23,3.54,4.48,5.05,279,128,5.18,High,Yes,Severe,1
TXN00112,U00112,30,Other,4.16,4.4,2.74,3.57,5.0,209,122,6.34,High,Yes,Severe,1
TXN00113,U00113,29,Male,3.16,2.2,4.6,2.38,7.15,104,97,6.16,Low,Yes,Mild,0
TXN00114,U00114,34,Male,9.94,5.09,5.13,0.71,4.42,286,223,10.77,Medium,Yes,Moderate,1
TXN00115,U00115,23,Female,9.49,0.74,3.06,4.46,7.26,246,137,11.87,Medium,Yes,Moderate,1
TXN00116,U00116,33,Male,11.14,1.57,4.31,3.64,4.88,286,137,13.59,High,No,Moderate,1
TXN00117,U00117,22,Female,10.86,0.79,3.52,2.54,7.1,272,197,13.49,Medium,Yes,Moderate,1
TXN00118,U00118,32,Other,11.15,1.31,4.15,5.71,3.1,240,179,13.98,Medium,Yes,Severe,1
TXN00119,U00119,29,Female,5.12,5.97,3.9,0.66,6.29,339,175,7.6,Low,Yes,Severe,1
TXN00120,U00120,22,Female,9.83,3.08,4.06,5.48,3.0,145,103,11.7,High,No,Moderate,1
TXN00121,U00121,25,Female,5.71,0.76,1.68,4.87,6.56,48,142,7.7,Low,Yes,,0
TXN00122,U00122,31,Female,3.01,2.44,3.08,1.53,6.71,189,132,3.68,High,Yes,Mild,0
TXN00123,U00123,19,Male,8.72,5.9,3.41,0.59,5.65,213,151,11.05,High,Yes,Severe,1
TXN00124,U00124,19,Male,6.17,2.36,4.17,5.07,5.98,268,187,8.25,Low,Yes,Moderate,1
TXN00125,U00125,27,Female,4.81,4.85,5.94,2.24,3.5,226,229,6.49,Low,Yes,Severe,1
TXN00126,U00126,19,Female,10.79,2.33,2.1,2.52,6.9,280,177,13.53,Medium,No,Moderate,1
TXN00127,U00127,33,Male,6.31,4.89,3.47,0.95,4.01,235,244,9.3,Low,No,Severe,1
TXN00128,U00128,20,Female,5.95,2.13,2.58,4.45,4.45,168,129,7.57,High,No,Mild,0
TXN00129,U00129,19,Male,3.68,4.01,3.05,4.91,5.96,97,101,6.3,High,No,Moderate,1
TXN00130,U00130,20,Other,5.12,4.05,3.05,5.72,3.05,129,180,7.99,Medium,No,Moderate,1
TXN00131,U00131,22,Female,7.77,2.69,4.2,1.87,3.41,278,112,9.52,Medium,Yes,Moderate,1
TXN00132,U00132,32,Other,4.93,3.87,2.78,5.99,5.4,54,33,6.56,High,No,,0
TXN00133,U00133,28,Male,9.01,4.4,3.8,2.1,4.25,130,228,9.95,Medium,Yes,Moderate,1
TXN00134,U00134,22,Female,5.13,3.22,2.24,3.65,5.8,196,73,7.16,Low,Yes,Mild,0
TXN00135,U00135,33,Other,7.73,4.73,4.89,0.91,7.28,254,83,9.35,High,No,Moderate,1
TXN00136,U00136,23,Female,9.91,1.21,3.61,5.28,6.64,222,104,11.17,Low,No,Moderate,1
TXN00137,U00137,34,Other,11.05,5.15,2.6,3.99,5.38,122,225,12.31,High,Yes,Moderate,1
TXN00138,U00138,22,Other,4.54,3.93,3.61,2.36,8.66,30,22,5.24,High,No,,0
TXN00139,U00139,31,Female,8.56,0.67,5.96,3.5,4.99,202,213,9.67,High,No,Severe,1
TXN00140,U00140,20,Male,9.2,1.37,4.06,3.05,3.63,161,170,11.85,Medium,No,Severe,1
TXN00141,U00141,29,Male,7.63,1.08,1.77,1.17,5.72,91,64,8.26,Medium,No,Mild,0
TXN00142,U00142,28,Female,11.4,4.47,2.36,1.38,7.38,209,192,14.1,Medium,Yes,Moderate,1
TXN00143,U00143,34,Male,7.12,1.82,3.93,0.77,4.17,242,185,8.33,Low,Yes,Moderate,1
TXN00144,U00144,26,Other,9.55,4.7,3.86,2.7,4.67,174,182,11.43,Low,No,Severe,1
TXN00145,U00145,26,Other,10.43,3.93,4.04,1.21,3.34,185,151,12.32,Medium,Yes,Moderate,1
TXN00146,U00146,34,Other,6.61,0.72,1.76,4.42,6.52,222,181,7.48,High,Yes,Moderate,1
TXN00147,U00147,28,Male,4.46,5.95,5.36,2.15,3.61,337,220,6.29,High,No,Severe,1
TXN00148,U00148,29,Other,5.98,1.1,1.67,2.19,8.54,243,176,6.55,Medium,No,,0
TXN00149,U00149,19,Male,8.25,1.44,4.12,3.91,6.69,127,127,8.83,High,Yes,Moderate,1
TXN00150,U00150,32,Other,5.82,1.33,3.56,2.76,7.19,175,55,8.08,High,Yes,Mild,0
TXN00151,U00151,33,Male,7.73,2.23,1.49,5.52,5.24,145,204,10.24,Medium,No,Mild,0
TXN00152,U00152,26,Male,8.02,1.74,6.29,2.14,3.4,178,215,9.31,Medium,No,Severe,1
TXN00153,U00153,35,Female,6.42,5.89,5.67,5.75,5.72,199,100,7.64,High,Yes,Severe,1
TXN00154,U00154,26,Male,9.73,1.68,4.91,1.99,5.43,159,100,10.5,High,Yes,Moderate,1
TXN00155,U00155,34,Other,5.03,1.78,1.2,2.32,5.83,229,75,5.54,High,Yes,Mild,0
TXN00156,U00156,33,Female,7.3,1.6,4.66,2.27,6.61,251,62,9.43,Low,Yes,Mild,0
TXN00157,U00157,23,Female,11.41,0.7,4.94,4.83,3.74,281,139,14.1,Low,No,Moderate,1
TXN00158,U00158,27,Other,7.09,4.03,3.7,5.39,3.5,219,184,8.27,Low,No,Moderate,1
TXN00159,U00159,32,Other,8.83,4.45,2.46,2.35,3.43,297,139,9.77,High,No,Severe,1
TXN00160,U00160,28,Female,3.78,4.18,3.14,1.27,3.56,188,91,4.93,Low,No,Severe,1
TXN00161,U00161,27,Other,8.24,3.65,3.45,2.48,3.16,295,120,9.9,Low,No,Severe,1
TXN00162,U00162,21,Other,8.75,5.67,3.87,1.71,6.41,247,129,10.39,High,No,Severe,1
TXN00163,U00163,35,Male,11.22,4.67,5.61,5.04,5.53,299,242,13.9,Low,No,Severe,1
TXN00164,U00164,21,Male,3.56,3.51,2.82,3.65,4.37,138,173,5.16,High,Yes,Mild,0
TXN00165,U00165,34,Female,7.01,0.81,2.13,2.78,5.44,233,183,9.19,Medium,Yes,Moderate,1
TXN00166,U00166,18,Female,9.71,3.68,2.58,2.39,3.0,140,107,12.68,Medium,Yes,Severe,1
TXN00167,U00167,23,Other,9.92,4.71,5.51,4.05,4.79,318,162,11.54,Medium,No,Moderate,1
TXN00168,U00168,35,Other,4.2,5.23,2.87,5.96,3.87,157,147,6.79,Low,No,Severe,1
TXN00169,U00169,35,Male,6.82,2.59,1.72,3.03,4.4,103,68,7.4,High,No,Mild,0
TXN00170,U00170,24,Male,3.61,3.77,1.79,4.2,8.42,82,26,5.12,Low,Yes,,0
TXN00171,U00171,34,Female,11.94,1.79,6.07,3.67,4.7,322,172,13.03,Low,Yes,Severe,1
TXN00172,U00172,26,Other,3.55,5.72,5.92,5.51,4.92,234,232,5.29,Medium,No,Severe,1
TXN00173,U00173,31,Other,6.67,2.15,1.54,3.46,4.78,112,116,9.31,Low,No,Mild,0
TXN00174,U00174,31,Male,11.71,3.57,2.14,1.84,3.82,255,85,14.52,Medium,Yes,Moderate,1
TXN00175,U00175,26,Male,6.39,3.83,1.76,0.9,6.52,240,208,7.43,Low,No,Moderate,1
TXN00176,U00176,24,Female,11.43,5.79,2.87,6.0,4.26,187,244,13.69,Medium,Yes,Severe,1
TXN00177,U00177,30,Male,7.2,4.07,3.63,2.48,6.07,244,115,9.71,High,No,Severe,1
TXN00178,U00178,29,Male,5.82,0.75,3.46,4.58,4.57,161,164,7.77,Medium,No,,0
TXN00179,U00179,28,Male,5.07,3.63,1.78,3.53,7.95,141,105,7.48,Medium,No,Mild,0
TXN00180,U00180,29,Female,4.52,4.46,3.55,5.54,5.34,254,80,6.33,Low,Yes,Moderate,1
TXN00181,U00181,22,Male,10.58,1.77,5.23,0.55,4.38,220,105,12.62,High,No,Severe,1
TXN00182,U00182,18,Male,7.79,2.76,0.87,4.47,6.11,128,44,9.55,High,No,Mild,0
TXN00183,U00183,21,Other,7.72,1.83,3.28,1.89,5.29,258,141,8.42,Medium,No,Mild,0
TXN00184,U00184,25,Other,5.7,5.05,1.92,5.95,5.82,98,88,7.21,Medium,No,Moderate,1
TXN00185,U00185,18,Other,9.33,0.95,4.98,4.05,4.39,309,89,12.07,Low,Yes,Moderate,1
TXN00186,U00186,33,Other,5.44,5.58,4.34,2.04,5.34,258,73,6.39,Medium,Yes,Moderate,1
TXN00187,U00187,22,Other,9.77,4.42,3.99,0.92,3.0,186,235,12.36,Medium,No,Severe,1
TXN00188,U00188,22,Female,10.11,4.29,2.71,4.6,3.66,150,201,11.19,Low,No,Severe,1
TXN00189,U00189,18,Other,8.71,4.81,3.4,1.75,5.39,186,175,9.67,High,No,Moderate,1
TXN00190,U00190,27,Male,10.18,4.42,1.93,1.35,6.1,252,104,12.53,Medium,No,Moderate,1
TXN00191,U00191,18,Male,11.49,2.95,4.65,1.06,3.29,200,179,13.38,High,No,Moderate,1
TXN00192,U00192,20,Other,6.19,1.01,3.19,2.28,5.43,129,145,7.66,Low,Yes,Mild,0
TXN00193,U00193,30,Male,4.53,1.98,1.87,1.3,4.45,125,147,5.78,Low,No,Mild,0
TXN00194,U00194,33,Female,8.34,1.58,2.83,2.18,6.37,210,248,9.79,Medium,No,Severe,1
TXN00195,U00195,22,Female,5.7,3.82,2.78,3.13,5.3,121,96,6.93,High,No,,0
TXN00196,U00196,30,Other,5.52,4.82,3.86,5.63,3.0,264,136,7.72,High,Yes,Severe,1
TXN00197,U00197,24,Other,6.95,2.1,4.37,5.0,6.48,194,192,7.8,Medium,Yes,Moderate,1
TXN00198,U00198,22,Female,9.44,4.84,1.9,5.95,5.06,192,201,11.21,High,No,Moderate,1
TXN00199,U00199,35,Female,8.34,5.53,2.84,1.87,5.09,167,255,10.37,High,No,Severe,1
TXN00200,U00200,21,Female,3.09,1.92,2.04,3.35,7.11,167,71,4.7,Medium,No,,0
TXN00201,U00201,18,Other,7.34,2.12,4.48,0.97,7.44,241,76,8.71,Medium,No,Mild,0
TXN00202,U00202,33,Other,6.13,1.04,3.69,2.99,4.0,66,69,6.69,Medium,Yes,Mild,0
TXN00203,U00203,25,Male,7.64,3.54,2.92,2.85,4.98,294,168,9.71,Low,No,Moderate,1
TXN00204,U00204,24,Female,7.05,2.86,1.62,1.68,4.15,270,81,8.99,High,Yes,Moderate,1
TXN00205,U00205,24,Female,7.12,1.94,5.05,3.4,5.78,242,164,9.15,High,Yes,Moderate,1
TXN00206,U00206,32,Male,8.56,4.98,4.42,2.14,5.67,111,99,9.84,Low,No,Moderate,1
TXN00207,U00207,29,Female,9.24,3.31,3.27,1.26,4.63,137,189,11.33,High,Yes,Moderate,1
TXN00208,U00208,27,Other,4.26,2.23,2.6,0.79,5.32,57,164,5.1,Medium,No,Mild,0
TXN00209,U00209,33,Male,6.74,5.12,4.35,0.95,3.0,319,146,7.97,Medium,Yes,Severe,1
TXN00210,U00210,32,Other,8.09,4.75,4.38,3.31,4.68,193,229,10.65,Medium,Yes,Severe,1
TXN00211,U00211,24,Male,11.91,1.06,4.92,4.63,4.24,98,180,13.07,Low,No,Moderate,1
TXN00212,U00212,24,Other,10.3,3.73,3.0,4.41,5.75,132,222,11.15,Low,Yes,Moderate,1
TXN00213,U00213,29,Female,7.79,3.78,1.47,5.88,5.02,201,108,10.67,High,Yes,Mild,0
TXN00214,U00214,19,Male,11.93,5.27,2.91,5.26,3.22,307,172,14.5,High,No,Severe,1
TXN00215,U00215,26,Female,8.65,2.56,2.7,4.87,5.56,228,221,11.02,High,No,Severe,1
TXN00216,U00216,28,Female,8.24,5.28,4.99,1.01,7.27,252,156,10.87,High,No,Moderate,1
TXN00217,U00217,24,Male,7.45,2.28,1.93,3.51,4.29,273,164,9.92,High,Yes,Mild,0
TXN00218,U00218,32,Female,3.15,5.61,2.23,3.01,7.36,199,116,6.14,Low,No,Moderate,1
TXN00219,U00219,20,Other,8.89,1.88,3.89,5.47,3.0,226,250,10.15,High,Yes,Severe,1
TXN00220,U00220,20,Female,9.33,0.51,3.51,1.23,3.92,264,178,9.85,High,No,Moderate,1
TXN00221,U00221,22,Other,7.3,1.76,1.16,4.93,4.16,149,116,8.14,Low,Yes,Mild,0
TXN00222,U00222,18,Male,8.49,1.4,3.0,1.67,6.27,195,222,10.71,Low,Yes,Moderate,1
TXN00223,U00223,21,Other,8.31,2.61,5.45,2.23,3.53,160,230,9.02,High,No,Moderate,1
TXN00224,U00224,27,Other,4.85,3.84,1.55,2.65,6.61,255,101,6.59,Low,Yes,Mild,0
TXN00225,U00225,20,Male,7.75,5.88,6.35,5.64,3.0,345,235,9.3,High,Yes,Severe,1
TXN00226,U00226,18,Other,8.29,0.58,3.26,5.57,6.37,226,219,9.51,High,No,Severe,1
TXN00227,U00227,30,Other,3.74,3.45,3.26,2.03,5.09,185,92,6.68,Low,No,Mild,0
TXN00228,U00228,20,Other,5.79,2.91,4.61,1.81,4.8,166,69,7.42,High,Yes,Mild,0
TXN00229,U00229,23,Female,4.07,4.39,4.41,1.4,7.19,223,197,6.53,High,No,Moderate,1
TXN00230,U00230,22,Female,9.75,5.3,4.53,1.15,6.95,175,174,10.93,Low,No,Moderate,1
TXN00231,U00231,32,Other,7.6,0.8,4.24,1.42,4.41,252,66,10.34,High,Yes,Mild,0
TXN00232,U00232,34,Female,3.02,5.22,1.65,0.75,4.54,128,110,5.85,Low,No,Moderate,1
TXN00233,U00233,25,Male,6.75,4.46,3.49,0.93,3.78,253,103,7.7,High,Yes,Severe,1
TXN00234,U00234,32,Female,10.79,4.75,3.64,0.98,4.16,219,141,12.02,Medium,Yes,Severe,1
TXN00235,U00235,33,Other,11.98,4.77,5.33,3.51,5.68,163,91,14.81,Low,Yes,Severe,1
TXN00236,U00236,18,Male,11.56,0.51,5.03,5.17,5.37,151,142,13.38,Low,No,Severe,1
TXN00237,U00237,22,Other,9.4,1.01,5.29,5.44,5.24,269,160,11.05,High,Yes,Moderate,1
TXN00238,U00238,22,Female,8.73,2.67,4.77,0.84,5.08,158,150,9.96,Medium,No,Severe,1
TXN00239,U00239,32,Male,5.45,0.91,1.61,4.79,6.33,94,67,6.36,Medium,No,Mild,0
TXN00240,U00240,35,Female,6.22,4.74,3.41,3.05,6.74,113,105,8.74,Medium,Yes,Moderate,1
TXN00241,U00241,22,Male,3.82,1.87,1.42,3.32,7.55,86,59,4.4,Medium,No,,0
TXN00242,U00242,32,Other,3.92,4.87,2.09,0.84,6.41,146,98,4.92,Medium,No,Moderate,1
TXN00243,U00243,26,Female,11.26,0.91,5.59,1.59,5.81,297,97,11.99,Medium,Yes,Moderate,1
TXN00244,U00244,19,Female,4.51,3.66,4.09,2.67,3.83,229,149,5.44,Low,Yes,Mild,0
TXN00245,U00245,32,Male,10.95,0.69,4.88,1.85,3.43,230,230,12.65,Low,No,Severe,1
TXN00246,U00246,31,Other,4.8,5.37,4.5,3.97,5.71,328,94,7.77,High,No,Severe,1
TXN00247,U00247,33,Other,6.1,3.61,2.89,1.99,3.02,242,121,6.67,Medium,Yes,Moderate,1
TXN00248,U00248,29,Other,9.9,6.0,5.5,1.05,5.86,158,201,12.44,High,Yes,Moderate,1
TXN00249,U00249,30,Other,6.19,5.12,4.98,1.47,5.57,296,156,8.97,Low,No,Moderate,1
TXN00250,U00250,24,Other,10.53,4.96,5.48,3.48,3.69,99,88,11.17,High,Yes,Moderate,1
TXN00251,U00251,33,Other,3.01,5.55,2.41,1.22,6.13,295,147,3.66,Low,Yes,Moderate,1
TXN00252,U00252,29,Other,11.65,2.55,6.17,2.68,3.0,202,172,12.49,Low,No,Severe,1
TXN00253,U00253,28,Male,4.57,5.83,5.17,5.61,5.64,182,240,7.11,Medium,No,Severe,1
TXN00254,U00254,23,Female,9.56,5.72,5.39,2.65,7.37,235,73,10.52,Medium,Yes,Moderate,1
TXN00255,U00255,22,Female,5.98,0.93,1.39,2.26,7.36,42,178,8.3,Medium,No,,0
TXN00256,U00256,24,Female,5.25,0.87,1.83,1.09,3.71,153,152,7.58,Low,No,Mild,0
TXN00257,U00257,29,Male,7.91,1.06,3.52,5.25,5.83,265,122,8.82,Low,Yes,Moderate,1
TXN00258,U00258,28,Other,5.35,1.08,2.17,5.38,4.42,74,180,8.2,Low,No,Mild,0
TXN00259,U00259,18,Female,6.88,4.09,4.83,2.89,3.0,209,142,9.82,Medium,No,Severe,1
TXN00260,U00260,25,Male,3.86,2.66,2.2,3.2,4.75,20,124,4.58,High,No,,0
TXN00261,U00261,18,Other,4.86,4.01,5.51,3.1,3.42,290,166,6.54,High,No,Moderate,1
TXN00262,U00262,35,Other,6.49,2.54,2.33,1.53,3.9,167,159,7.65,Medium,Yes,Mild,0
TXN00263,U00263,21,Other,3.77,2.39,2.97,5.84,6.35,196,55,6.37,High,No,Mild,0
TXN00264,U00264,25,Female,7.29,0.93,4.41,4.43,5.96,285,172,9.79,High,Yes,Mild,0
TXN00265,U00265,23,Female,11.54,1.42,3.25,1.56,3.0,145,201,12.54,High,Yes,Severe,1
TXN00266,U00266,20,Female,3.78,3.56,2.21,5.21,6.84,243,18,6.25,High,No,,0
TXN00267,U00267,22,Female,4.33,3.73,3.83,5.67,7.86,199,65,6.79,High,No,Mild,0
TXN00268,U00268,30,Female,8.89,3.65,4.29,1.45,3.91,283,245,11.09,Medium,Yes,Severe,1
TXN00269,U00269,25,Male,3.44,3.11,1.07,2.55,6.02,223,92,4.72,Medium,Yes,,0
TXN00270,U00270,27,Other,11.77,2.94,5.7,1.98,3.98,290,112,12.74,Low,No,Severe,1
TXN00271,U00271,29,Male,10.39,3.33,2.24,2.21,5.18,124,199,13.09,Low,Yes,Moderate,1
TXN00272,U00272,19,Male,5.25,3.01,3.67,4.38,5.73,230,133,7.01,High,Yes,,0
TXN00273,U00273,29,Male,7.4,2.95,5.44,3.11,5.38,178,106,9.99,Medium,Yes,Moderate,1
TXN00274,U00274,30,Female,3.45,5.2,4.72,1.68,3.9,147,117,4.62,Medium,Yes,Moderate,1
TXN00275,U00275,22,Female,8.83,3.81,2.43,1.89,5.72,203,254,10.02,Medium,No,Severe,1
TXN00276,U00276,24,Other,7.2,4.22,5.7,2.68,3.0,255,185,9.1,High,No,Severe,1
TXN00277,U00277,21,Other,7.34,2.35,1.91,2.29,4.95,222,116,8.31,High,Yes,Mild,0
TXN00278,U00278,30,Female,8.94,4.24,4.49,4.1,7.39,156,172,10.45,High,Yes,Moderate,1
TXN00279,U00279,25,Male,9.18,4.01,4.3,5.67,3.71,201,133,11.78,High,Yes,Severe,1
TXN00280,U00280,33,Other,4.15,1.92,3.23,4.7,5.32,194,100,6.29,Low,No,,0
TXN00281,U00281,27,Male,6.78,5.38,3.89,3.72,4.19,155,210,7.41,High,Yes,Severe,1
TXN00282,U00282,34,Male,4.08,4.24,4.52,2.77,6.02,163,125,7.06,Medium,No,Severe,1
TXN00283,U00283,28,Male,10.76,1.49,1.92,2.33,7.34,170,227,11.41,Medium,No,Moderate,1
TXN00284,U00284,23,Other,7.41,4.7,1.95,3.88,5.75,193,174,10.32,Medium,Yes,Moderate,1
TXN00285,U00285,24,Female,9.58,5.73,5.97,4.66,4.49,129,91,11.65,Low,Yes,Severe,1
TXN00286,U00286,22,Other,3.92,3.27,2.02,0.86,3.91,129,156,6.24,High,No,Mild,0
TXN00287,U00287,22,Other,6.08,5.46,3.04,1.54,7.17,297,168,6.63,Low,Yes,Moderate,1
TXN00288,U00288,18,Other,8.31,1.43,3.07,4.08,3.07,314,228,9.45,High,Yes,Moderate,1
TXN00289,U00289,21,Female,8.88,0.61,4.36,2.79,4.61,230,129,10.57,Low,Yes,Moderate,1
TXN00290,U00290,31,Male,8.95,4.14,3.48,3.83,3.0,337,116,10.73,High,Yes,Severe,1
TXN00291,U00291,21,Other,7.48,3.85,3.91,5.07,8.08,146,144,8.72,Low,No,Mild,0
TXN00292,U00292,33,Female,5.98,0.52,2.69,5.49,8.26,191,141,6.85,Low,Yes,,0
TXN00293,U00293,25,Other,7.11,5.88,3.46,0.78,5.76,348,100,9.74,Medium,No,Severe,1
TXN00294,U00294,21,Female,3.85,4.67,1.78,5.19,5.89,133,149,5.24,Medium,No,Moderate,1
TXN00295,U00295,28,Male,4.65,2.7,3.85,2.0,6.24,237,137,7.15,High,Yes,,0
TXN00296,U00296,19,Other,11.83,5.14,2.01,5.51,5.07,235,177,12.78,Medium,No,Moderate,1
TXN00297,U00297,22,Other,7.35,3.18,5.15,2.92,3.19,257,145,7.88,High,Yes,Moderate,1
TXN00298,U00298,34,Other,9.19,3.9,3.33,4.5,5.07,259,229,10.65,High,Yes,Moderate,1
TXN00299,U00299,23,Other,7.55,3.08,2.78,1.41,7.08,137,101,8.88,Medium,Yes,Mild,0
TXN00300,U00300,30,Male,6.63,1.79,2.64,4.91,5.72,274,167,8.25,Low,No,Mild,0
TXN00301,U00301,30,Female,6.71,3.56,1.6,1.0,5.62,248,228,7.97,High,Yes,Moderate,1
TXN00302,U00302,29,Male,10.43,4.99,4.98,2.33,6.35,243,186,12.72,Medium,No,Moderate,1
TXN00303,U00303,25,Other,3.02,2.45,2.53,4.9,6.96,115,42,3.63,Low,No,,0
TXN00304,U00304,31,Other,3.96,3.86,0.75,5.62,6.27,137,63,6.25,Low,No,,0
TXN00305,U00305,21,Other,9.95,2.98,5.03,5.76,3.0,252,91,11.78,Low,No,Severe,1
TXN00306,U00306,23,Female,9.23,1.46,4.86,1.07,5.86,245,147,10.99,Medium,No,Moderate,1
TXN00307,U00307,30,Male,11.67,5.84,3.41,1.23,4.76,269,196,12.92,High,No,Moderate,1
TXN00308,U00308,24,Female,8.62,2.1,2.98,4.2,7.32,256,110,10.38,High,No,Moderate,1
TXN00309,U00309,35,Male,7.32,3.64,3.47,2.8,7.07,270,176,8.53,Medium,Yes,Mild,0
TXN00310,U00310,30,Other,4.31,4.19,2.4,4.63,3.62,163,129,5.18,Low,No,Moderate,1
TXN00311,U00311,19,Female,6.23,2.99,3.26,4.22,6.23,112,205,8.13,Low,No,Mild,0
TXN00312,U00312,30,Other,6.75,4.83,5.14,5.81,3.0,315,154,7.76,Medium,Yes,Severe,1
TXN00313,U00313,35,Male,9.65,1.58,5.3,1.56,4.12,299,109,10.62,Low,Yes,Severe,1
TXN00314,U00314,31,Female,5.51,1.95,1.44,5.15,3.73,174,79,6.11,Medium,Yes,Mild,0
TXN00315,U00315,35,Female,6.22,4.81,2.87,1.71,3.73,107,194,7.12,High,No,Moderate,1
TXN00316,U00316,25,Other,10.95,4.15,2.92,2.11,7.18,248,200,12.64,High,Yes,Moderate,1
TXN00317,U00317,29,Other,7.01,5.47,4.85,3.92,6.42,299,172,8.46,Low,No,Severe,1
TXN00318,U00318,27,Other,3.22,3.34,3.88,3.33,5.99,179,51,4.46,High,Yes,Mild,0
TXN00319,U00319,20,Male,11.53,1.42,5.43,3.46,3.0,106,118,13.71,Low,No,Moderate,1
TXN00320,U00320,35,Male,10.46,5.33,4.57,2.89,6.58,108,104,11.02,High,No,Moderate,1
TXN00321,U00321,20,Female,3.49,4.87,4.63,3.66,3.12,191,194,4.96,High,No,Severe,1
TXN00322,U00322,18,Female,6.51,1.15,0.82,4.46,3.98,245,189,7.12,Low,No,Mild,0
TXN00323,U00323,27,Other,8.46,2.05,6.11,2.6,5.8,132,211,9.35,Low,Yes,Severe,1
TXN00324,U00324,27,Male,11.64,1.29,4.31,5.53,6.48,276,230,13.07,Low,Yes,Moderate,1
TXN00325,U00325,18,Male,8.15,2.67,3.79,0.97,3.85,279,153,9.18,High,Yes,Moderate,1
TXN00326,U00326,25,Other,8.55,1.89,2.86,4.19,4.65,138,230,10.2,High,Yes,Severe,1
TXN00327,U00327,20,Female,5.26,1.59,2.32,5.73,6.11,191,75,6.01,High,Yes,,0
TXN00328,U00328,33,Male,7.06,3.89,2.82,3.71,5.44,183,145,9.96,Low,Yes,Moderate,1
TXN00329,U00329,25,Other,9.41,4.02,3.51,2.48,5.16,209,212,11.07,Medium,No,Severe,1
TXN00330,U00330,21,Male,4.58,3.84,3.37,5.22,5.13,157,65,5.74,High,Yes,,0
TXN00331,U00331,34,Female,8.68,4.97,3.92,4.73,3.86,99,206,9.83,High,No,Moderate,1
TXN00332,U00332,30,Other,5.01,4.75,4.53,2.1,4.99,220,88,6.5,High,Yes,Moderate,1
TXN00333,U00333,23,Male,9.81,1.27,2.24,3.61,5.45,313,102,12.15,Medium,No,Moderate,1
TXN00334,U00334,33,Other,5.09,1.95,0.94,4.18,6.83,222,107,6.56,Medium,Yes,,0
TXN00335,U00335,28,Other,3.93,5.83,4.93,2.0,5.44,273,229,5.86,Medium,No,Severe,1
TXN00336,U00336,20,Female,7.65,2.57,4.43,3.34,5.29,277,128,9.37,Medium,Yes,Mild,0
TXN00337,U00337,23,Female,5.07,3.33,1.12,1.33,5.21,174,45,7.22,Medium,No,,0
TXN00338,U00338,33,Male,7.31,3.75,3.39,2.76,4.8,87,186,9.29,Low,Yes,Mild,0
TXN00339,U00339,23,Female,5.32,1.49,4.63,3.8,6.24,59,112,8.19,Low,No,Mild,0
TXN00340,U00340,23,Other,4.97,2.76,1.37,3.7,7.15,214,170,6.13,High,No,Mild,0
TXN00341,U00341,20,Female,5.07,2.62,0.43,1.61,8.37,149,122,7.64,High,Yes,,0
TXN00342,U00342,19,Female,10.9,3.42,5.41,1.01,5.07,355,244,12.75,Low,No,Severe,1
TXN00343,U00343,19,Male,9.28,2.86,6.15,3.15,5.56,214,240,11.79,High,Yes,Severe,1
TXN00344,U00344,26,Other,7.29,1.78,4.24,2.06,7.65,159,105,8.26,High,Yes,Mild,0
TXN00345,U00345,18,Other,6.38,1.63,4.82,2.75,3.38,199,214,7.51,High,No,Moderate,1
TXN00346,U00346,26,Other,11.93,2.69,3.21,3.54,4.61,170,184,13.83,Medium,No,Severe,1
TXN00347,U00347,29,Other,9.97,2.69,2.15,5.25,3.44,148,179,12.43,Low,Yes,Moderate,1
TXN00348,U00348,30,Other,10.07,4.9,4.86,4.27,3.0,224,252,10.58,Low,Yes,Severe,1
TXN00349,U00349,31,Other,3.79,1.95,1.48,3.85,7.76,122,172,5.93,Medium,Yes,,0
TXN00350,U00350,33,Other,6.95,1.61,3.43,4.92,4.99,63,193,8.73,High,Yes,Mild,0
TXN00351,U00351,19,Other,6.24,4.1,5.5,0.98,4.14,192,155,8.41,Medium,Yes,Moderate,1
TXN00352,U00352,20,Other,11.27,3.52,5.3,3.58,4.72,213,160,12.34,Low,No,Severe,1
TXN00353,U00353,18,Female,5.35,2.74,1.23,0.9,5.02,84,171,8.24,High,No,Mild,0
TXN00354,U00354,33,Other,9.93,4.67,6.24,3.02,4.17,275,97,11.63,Medium,Yes,Severe,1
TXN00355,U00355,25,Male,9.09,1.76,3.66,5.75,4.42,127,157,10.21,Low,No,Severe,1
TXN00356,U00356,35,Female,11.38,3.12,3.01,5.42,4.11,281,113,13.13,Low,Yes,Moderate,1
TXN00357,U00357,24,Other,5.06,5.09,4.95,2.46,6.41,120,85,7.25,High,No,Moderate,1
TXN00358,U00358,19,Male,10.63,2.54,3.66,5.44,6.06,272,160,12.36,High,No,Severe,1
TXN00359,U00359,22,Other,3.49,4.9,4.31,3.47,4.36,225,134,5.13,Low,No,Severe,1
TXN00360,U00360,18,Other,3.11,1.66,3.12,2.29,6.46,121,87,4.98,Low,No,Mild,0
TXN00361,U00361,28,Male,6.29,3.24,1.64,4.35,5.38,273,142,7.49,Low,Yes,Mild,0
TXN00362,U00362,26,Female,10.24,3.55,5.83,1.58,5.7,314,128,11.92,Low,Yes,Severe,1
TXN00363,U00363,22,Male,11.96,5.17,4.47,4.46,5.63,201,154,13.87,High,Yes,Severe,1
TXN00364,U00364,23,Male,3.54,4.98,4.31,3.96,4.12,210,156,4.94,High,No,Severe,1
TXN00365,U00365,31,Other,4.09,5.27,6.25,1.59,4.69,291,227,5.03,Medium,No,Severe,1
TXN00366,U00366,34,Other,7.39,4.55,5.96,2.6,3.39,286,127,10.06,High,No,Severe,1
TXN00367,U00367,30,Female,10.64,0.89,3.05,1.76,3.53,199,158,12.65,Medium,No,Severe,1
TXN00368,U00368,34,Male,11.69,2.78,2.34,0.63,6.17,259,129,14.54,High,Yes,Moderate,1
TXN00369,U00369,30,Other,3.93,0.85,4.31,3.52,3.82,156,174,6.34,Low,Yes,Mild,0
TXN00370,U00370,22,Male,3.76,5.62,3.16,1.76,6.22,203,225,4.58,High,Yes,Moderate,1
TXN00371,U00371,29,Other,10.74,2.29,4.3,5.86,4.53,194,230,12.35,High,Yes,Severe,1
TXN00372,U00372,31,Male,7.71,4.02,3.64,2.41,4.53,331,112,9.31,Medium,No,Severe,1
TXN00373,U00373,27,Male,3.1,3.38,3.83,1.25,4.99,191,42,5.32,Medium,No,Mild,0
TXN00374,U00374,31,Female,10.18,3.78,5.59,3.52,3.0,350,233,11.77,Low,Yes,Severe,1
TXN00375,U00375,25,Male,5.37,2.82,1.76,4.7,7.79,261,109,6.58,High,No,Mild,0
TXN00376,U00376,20,Other,4.64,2.09,2.55,3.9,5.72,179,140,5.61,Low,Yes,,0
TXN00377,U00377,18,Female,4.67,1.06,1.88,4.43,6.97,114,63,5.55,Medium,Yes,Mild,0
TXN00378,U00378,27,Male,10.07,3.24,3.89,4.33,3.0,145,127,10.71,Medium,Yes,Severe,1
TXN00379,U00379,24,Male,11.06,1.88,3.13,0.57,7.29,272,128,12.52,Medium,Yes,Moderate,1
TXN00380,U00380,32,Female,9.62,1.02,4.26,1.65,4.65,169,147,10.52,High,Yes,Moderate,1
TXN00381,U00381,33,Female,8.75,1.59,5.15,5.25,3.88,118,125,10.83,Medium,Yes,Moderate,1
TXN00382,U00382,21,Female,6.56,1.84,4.68,3.7,6.81,231,192,7.45,Low,Yes,Mild,0
TXN00383,U00383,20,Female,9.17,2.36,5.48,4.68,3.17,181,230,10.05,High,Yes,Moderate,1
TXN00384,U00384,25,Female,5.85,3.57,2.58,2.41,8.51,207,64,6.4,Medium,No,,0
TXN00385,U00385,19,Other,7.37,2.91,2.78,4.33,3.75,137,204,8.74,High,No,Moderate,1
TXN00386,U00386,35,Male,4.44,3.42,1.8,5.01,6.94,136,15,6.88,High,No,,0
TXN00387,U00387,29,Female,9.98,1.81,5.28,4.12,4.53,224,138,11.79,Medium,Yes,Severe,1
TXN00388,U00388,31,Male,8.77,1.11,4.49,0.87,5.86,158,135,11.45,Low,Yes,Severe,1
TXN00389,U00389,21,Male,3.29,4.03,3.15,3.19,5.71,241,130,3.91,Low,Yes,Moderate,1
TXN00390,U00390,33,Other,11.36,5.08,4.27,4.01,3.72,315,196,13.92,High,Yes,Severe,1
TXN00391,U00391,19,Other,9.61,5.09,1.91,1.69,5.24,115,124,11.44,Low,Yes,Moderate,1
TXN00392,U00392,23,Male,8.03,3.57,4.58,4.71,5.49,262,182,10.29,Medium,Yes,Moderate,1
TXN00393,U00393,35,Other,6.61,2.36,2.23,5.99,4.89,180,145,8.49,Medium,No,Moderate,1
TXN00394,U00394,31,Male,10.44,2.28,3.36,3.5,3.79,265,155,11.84,Medium,No,Severe,1
TXN00395,U00395,19,Other,11.85,3.78,4.47,5.96,3.46,201,146,12.89,Medium,Yes,Severe,1
TXN00396,U00396,34,Female,8.01,5.59,2.22,0.71,4.5,125,132,9.43,High,Yes,Moderate,1
TXN00397,U00397,27,Male,3.83,2.7,4.47,4.54,6.96,257,163,4.76,High,Yes,Mild,0
TXN00398,U00398,30,Male,3.71,0.81,3.88,2.41,7.38,161,70,6.38,Low,Yes,Mild,0
TXN00399,U00399,27,Male,7.72,2.26,3.06,2.3,6.84,94,52,9.9,Medium,No,Mild,0
TXN00400,U00400,31,Other,5.61,2.67,1.33,0.95,6.27,67,180,7.11,Low,No,Mild,0
TXN00401,U00401,22,Male,9.86,3.15,2.39,2.67,5.47,233,222,12.85,High,Yes,Moderate,1
TXN00402,U00402,26,Female,9.99,2.28,5.3,0.99,5.92,198,158,11.36,Medium,No,Moderate,1
TXN00403,U00403,23,Male,11.89,3.89,5.56,2.93,3.56,101,124,12.89,Medium,Yes,Moderate,1
TXN00404,U00404,19,Male,5.19,3.92,1.39,5.08,4.99,142,68,6.45,Medium,Yes,Mild,0
TXN00405,U00405,35,Male,4.91,3.51,3.8,3.52,6.5,91,44,6.35,High,Yes,Mild,0
TXN00406,U00406,19,Male,5.56,4.84,4.07,0.79,5.85,92,82,7.03,Medium,No,Moderate,1
TXN00407,U00407,27,Male,10.81,4.07,2.52,2.59,7.29,115,145,12.52,High,Yes,Moderate,1
TXN00408,U00408,34,Female,11.7,3.58,4.45,0.72,7.05,168,150,13.42,High,Yes,Moderate,1
TXN00409,U00409,29,Male,6.2,2.16,5.58,5.88,4.14,105,225,7.34,Medium,Yes,Moderate,1
TXN00410,U00410,22,Male,6.08,2.66,2.15,4.51,5.24,263,221,8.76,High,Yes,Moderate,1
TXN00411,U00411,22,Female,6.84,2.22,3.22,2.97,4.29,222,75,8.79,High,Yes,Mild,0
TXN00412,U00412,34,Female,11.19,2.87,5.24,4.74,5.85,234,105,12.48,High,Yes,Moderate,1
TXN00413,U00413,22,Male,9.54,4.71,5.12,2.78,4.75,203,228,12.37,Medium,Yes,Moderate,1
TXN00414,U00414,22,Male,4.66,4.69,4.85,1.97,4.65,184,242,5.74,High,Yes,Severe,1
TXN00415,U00415,33,Male,4.21,5.15,3.48,4.07,3.73,189,190,5.89,Low,Yes,Moderate,1
TXN00416,U00416,31,Female,9.88,0.58,3.48,2.77,5.44,176,142,10.55,Medium,No,Severe,1
TXN00417,U00417,25,Female,6.85,4.77,4.03,5.03,6.14,190,221,9.7,High,Yes,Moderate,1
TXN00418,U00418,32,Female,10.44,0.73,5.58,3.35,4.68,278,75,12.33,High,Yes,Moderate,1
TXN00419,U00419,32,Male,6.58,2.18,4.91,3.04,4.8,246,78,8.8,Low,No,Moderate,1
TXN00420,U00420,34,Female,4.02,4.78,5.35,4.33,3.51,195,147,5.65,Low,No,Moderate,1
TXN00421,U00421,20,Other,5.25,4.3,5.23,4.88,6.13,121,88,6.04,Medium,No,Moderate,1
TXN00422,U00422,30,Male,9.54,5.86,4.05,1.38,5.38,101,108,12.32,High,Yes,Moderate,1
TXN00423,U00423,23,Other,9.92,0.78,2.83,4.52,7.22,163,225,10.87,Low,Yes,Moderate,1
TXN00424,U00424,26,Female,3.11,3.24,2.79,4.94,6.44,181,100,4.15,High,No,Mild,0
TXN00425,U00425,32,Male,3.71,3.8,1.78,3.51,6.49,197,93,4.33,Low,Yes,Mild,0
TXN00426,U00426,22,Other,10.68,4.17,5.75,2.14,6.24,137,117,12.22,Low,Yes,Severe,1
TXN00427,U00427,35,Other,4.6,3.0,3.12,5.62,4.12,131,122,6.02,Medium,Yes,Mild,0
TXN00428,U00428,20,Other,5.64,1.24,2.78,2.01,6.87,154,68,7.88,High,Yes,,0
TXN00429,U00429,34,Male,11.88,3.16,5.15,5.64,6.54,198,199,13.9,Medium,No,Severe,1
TXN00430,U00430,33,Female,7.68,3.98,2.77,1.49,6.44,236,114,10.63,Low,Yes,Mild,0
TXN00431,U00431,21,Other,9.64,1.64,4.06,2.78,3.1,179,208,12.16,Low,Yes,Moderate,1
TXN00432,U00432,27,Male,5.29,0.87,1.2,3.52,7.95,49,100,6.64,High,Yes,,0
TXN00433,U00433,28,Female,10.5,5.57,4.32,3.11,3.0,159,213,11.39,Medium,No,Severe,1
TXN00434,U00434,19,Female,10.52,2.15,4.5,2.24,5.31,143,212,12.73,Medium,Yes,Moderate,1
TXN00435,U00435,18,Female,6.05,2.56,2.94,1.41,6.43,102,192,6.84,Medium,No,Mild,0
TXN00436,U00436,31,Male,3.78,5.32,3.09,5.06,4.26,224,142,4.72,Medium,Yes,Moderate,1
TXN00437,U00437,32,Other,7.55,4.89,5.22,1.35,4.43,213,199,8.83,Medium,Yes,Moderate,1
TXN00438,U00438,22,Female,4.85,0.7,2.35,5.26,4.22,134,51,7.07,High,Yes,Mild,0
TXN00439,U00439,19,Other,3.93,4.71,5.38,0.62,5.51,288,143,5.23,Low,No,Severe,1
TXN00440,U00440,28,Female,9.96,4.19,3.49,1.37,3.0,284,233,11.75,Low,No,Severe,1
TXN00441,U00441,22,Female,11.49,4.92,3.9,1.44,4.3,318,151,13.34,Low,Yes,Moderate,1
TXN00442,U00442,19,Female,3.95,0.8,2.51,1.48,6.38,206,201,6.54,High,No,Mild,0
TXN00443,U00443,28,Female,10.36,4.42,4.28,3.43,7.28,283,184,12.28,Low,No,Moderate,1
TXN00444,U00444,27,Other,9.16,4.41,3.46,1.77,3.91,310,222,10.31,Medium,No,Moderate,1
TXN00445,U00445,28,Other,10.1,5.35,4.21,0.67,4.24,214,212,11.75,Low,No,Severe,1
TXN00446,U00446,22,Other,7.57,2.73,3.66,1.09,6.2,73,117,9.4,Medium,No,Mild,0
TXN00447,U00447,25,Male,7.93,5.86,3.14,2.37,6.56,241,175,10.39,Medium,No,Moderate,1
TXN00448,U00448,20,Female,9.65,4.42,5.75,1.13,4.78,208,232,10.39,Medium,Yes,Severe,1
TXN00449,U00449,20,Other,8.38,4.27,3.99,5.01,4.37,255,80,9.11,Low,Yes,Moderate,1
TXN00450,U00450,22,Other,7.08,2.1,4.06,2.96,3.83,314,146,8.33,High,No,Moderate,1
TXN00451,U00451,29,Other,11.91,3.7,4.05,3.31,6.71,308,140,12.57,High,Yes,Moderate,1
TXN00452,U00452,35,Female,10.39,2.48,5.84,5.26,3.16,304,241,11.88,Medium,No,Severe,1
TXN00453,U00453,31,Male,7.91,4.14,3.5,1.54,4.63,182,171,8.8,High,Yes,Moderate,1
TXN00454,U00454,20,Other,8.84,1.29,5.94,4.12,6.49,159,111,9.68,Medium,No,Severe,1
TXN00455,U00455,23,Female,7.09,2.83,4.88,2.62,3.92,198,219,7.61,Medium,Yes,Moderate,1
TXN00456,U00456,35,Female,8.19,0.68,2.55,3.16,3.76,273,213,11.09,Low,Yes,Severe,1
TXN00457,U00457,34,Female,3.7,5.39,1.95,3.1,6.24,261,84,5.91,High,No,Moderate,1
TXN00458,U00458,35,Male,10.01,3.08,3.65,3.08,6.2,197,155,12.91,Medium,No,Moderate,1
TXN00459,U00459,27,Female,9.54,3.6,2.65,3.1,3.0,138,164,12.06,High,Yes,Severe,1
TXN00460,U00460,20,Other,4.14,0.92,3.14,1.89,7.27,90,80,4.68,Low,Yes,,0
TXN00461,U00461,32,Female,6.33,1.46,3.93,1.8,4.51,190,48,7.69,Low,Yes,Mild,0
TXN00462,U00462,31,Male,9.93,1.81,3.36,4.01,3.85,277,153,10.57,Medium,Yes,Moderate,1
TXN00463,U00463,32,Female,6.59,2.16,3.78,4.64,6.1,152,139,8.28,Low,No,Mild,0
TXN00464,U00464,32,Female,6.44,2.24,3.72,5.76,3.34,226,228,7.82,Medium,No,Moderate,1
TXN00465,U00465,26,Female,10.22,1.9,3.94,3.04,5.94,151,215,12.65,High,No,Moderate,1
TXN00466,U00466,35,Male,3.1,0.55,1.07,2.76,6.06,230,154,4.48,High,No,Mild,0
TXN00467,U00467,19,Female,3.21,1.01,3.75,4.11,8.26,173,178,4.01,Low,Yes,,0
TXN00468,U00468,23,Female,11.06,4.33,3.41,3.07,6.31,288,206,13.87,Medium,No,Severe,1
TXN00469,U00469,23,Other,10.03,2.03,1.85,2.64,7.38,156,132,10.97,Low,No,Moderate,1
TXN00470,U00470,30,Male,4.61,3.21,0.58,4.73,5.48,184,42,7.39,High,No,,0
TXN00471,U00471,20,Male,3.63,4.5,5.51,0.6,4.34,292,253,4.13,Low,No,Severe,1
TXN00472,U00472,28,Female,11.14,3.66,3.66,5.67,5.11,201,168,13.75,Low,Yes,Moderate,1
TXN00473,U00473,33,Other,4.09,3.44,4.77,2.33,5.06,69,201,7.08,High,Yes,Mild,0
TXN00474,U00474,28,Other,3.72,3.03,3.07,4.06,5.29,30,113,5.87,Medium,No,,0
TXN00475,U00475,29,Female,7.38,5.37,4.15,1.54,3.0,131,241,8.48,Medium,Yes,Severe,1
TXN00476,U00476,35,Other,11.68,4.96,5.47,0.59,4.43,176,75,13.19,Low,No,Moderate,1
TXN00477,U00477,25,Male,11.32,0.7,2.17,4.1,5.02,248,76,12.43,High,Yes,Moderate,1
TXN00478,U00478,19,Male,11.14,5.01,1.99,3.86,6.66,106,92,11.93,High,Yes,Moderate,1
TXN00479,U00479,31,Other,6.04,5.1,4.55,2.71,3.44,265,212,7.9,Medium,Yes,Moderate,1
TXN00480,U00480,23,Male,6.02,1.16,1.36,2.78,6.83,196,82,7.62,High,Yes,Mild,0
TXN00481,U00481,30,Male,10.0,0.59,3.55,0.53,3.71,112,216,12.72,Medium,No,Moderate,1
TXN00482,U00482,22,Female,8.76,3.38,4.05,5.66,4.85,134,242,9.71,Medium,Yes,Severe,1
TXN00483,U00483,31,Male,3.04,1.8,1.27,3.42,4.13,147,178,4.81,Medium,Yes,Mild,0
TXN00484,U00484,24,Female,4.01,1.32,3.38,5.51,6.74,60,26,4.65,Medium,No,,0
TXN00485,U00485,26,Male,6.01,4.93,4.63,0.74,6.23,227,110,6.91,Low,No,Moderate,1
TXN00486,U00486,25,Male,9.49,3.76,2.9,1.59,5.95,173,123,11.94,Medium,Yes,Moderate,1
TXN00487,U00487,31,Female,10.83,2.57,2.48,3.09,5.08,317,176,11.69,High,No,Moderate,1
TXN00488,U00488,29,Male,4.23,4.46,4.13,5.87,3.81,122,73,6.46,Low,No,Moderate,1
TXN00489,U00489,32,Female,7.13,1.44,2.17,5.38,6.42,257,203,10.01,Low,Yes,Mild,0
TXN00490,U00490,34,Female,7.4,5.98,4.77,5.1,3.36,311,199,9.74,Low,Yes,Severe,1
TXN00491,U00491,25,Other,11.03,3.75,3.0,3.66,3.0,136,100,14.01,High,Yes,Severe,1
TXN00492,U00492,30,Female,7.31,4.89,4.89,2.99,3.98,232,68,9.54,Medium,Yes,Moderate,1
TXN00493,U00493,27,Male,5.15,5.99,2.46,4.18,3.0,242,236,7.52,Low,No,Severe,1
TXN00494,U00494,30,Female,4.66,5.29,4.11,4.37,3.0,250,83,6.12,High,No,Moderate,1
TXN00495,U00495,31,Male,9.78,4.34,4.85,3.66,3.03,300,110,11.83,Medium,Yes,Severe,1
TXN00496,U00496,21,Male,6.45,3.06,1.76,2.52,5.82,270,82,8.35,Low,Yes,Moderate,1
TXN00497,U00497,35,Male,4.02,3.13,4.56,3.69,8.02,108,97,5.32,Medium,No,Mild,0
TXN00498,U00498,20,Male,6.36,2.99,2.81,5.06,5.82,191,176,9.11,Medium,No,Mild,0
TXN00499,U00499,32,Male,3.79,2.65,0.72,5.77,4.85,62,85,4.57,Low,No,,0
TXN00500,U00500,34,Male,11.57,0.62,4.07,4.25,6.29,246,178,13.12,High,Yes,Severe,1
TXN00501,U00501,20,Female,3.2,4.91,5.74,3.36,3.61,273,177,5.34,Medium,No,Severe,1
TXN00502,U00502,27,Female,8.11,5.44,3.63,4.84,3.12,220,163,10.53,Low,Yes,Severe,1
TXN00503,U00503,32,Other,11.61,3.9,3.04,3.44,3.0,169,129,12.51,Low,Yes,Severe,1
TXN00504,U00504,22,Male,6.97,2.53,2.42,4.39,5.89,178,102,8.4,High,Yes,Moderate,1
TXN00505,U00505,18,Female,6.64,3.25,2.18,3.02,4.34,91,204,9.58,Medium,No,Moderate,1
TXN00506,U00506,22,Male,10.2,4.51,6.09,2.36,3.0,247,100,11.05,High,Yes,Severe,1
TXN00507,U00507,30,Male,8.56,1.71,3.03,2.3,5.64,139,214,10.38,Medium,Yes,Moderate,1
TXN00508,U00508,35,Female,10.65,4.22,6.23,5.87,3.87,250,171,12.66,High,Yes,Severe,1
TXN00509,U00509,22,Other,9.44,2.85,3.94,0.57,3.65,203,204,12.13,Low,Yes,Severe,1
TXN00510,U00510,31,Male,10.23,2.09,4.82,5.84,4.81,319,171,11.08,High,Yes,Moderate,1
TXN00511,U00511,27,Male,7.27,5.27,6.35,0.86,6.42,318,186,7.99,Medium,No,Severe,1
TXN00512,U00512,35,Other,7.16,3.62,5.26,1.6,6.65,164,206,8.89,Medium,No,Moderate,1
TXN00513,U00513,32,Male,5.02,4.85,3.02,2.15,4.98,287,210,5.83,High,No,Severe,1
TXN00514,U00514,33,Female,11.16,4.05,2.51,4.71,4.32,142,243,13.52,High,No,Severe,1
TXN00515,U00515,33,Other,11.77,5.0,3.89,4.53,3.0,191,131,13.72,Low,No,Severe,1
TXN00516,U00516,22,Other,6.22,0.79,2.24,4.0,8.0,67,114,7.45,High,Yes,Mild,0
TXN00517,U00517,23,Other,9.88,3.79,2.27,2.27,4.32,306,142,11.06,High,No,Moderate,1
TXN00518,U00518,29,Other,10.41,0.57,3.67,2.55,5.08,177,106,11.17,Low,Yes,Moderate,1
TXN00519,U00519,34,Female,10.61,4.42,5.21,4.91,3.98,144,119,13.16,Low,No,Severe,1
TXN00520,U00520,29,Other,4.25,2.93,3.95,3.38,8.87,64,92,4.82,Low,Yes,,0
TXN00521,U00521,22,Male,9.19,2.19,2.44,5.9,4.81,285,93,9.88,Medium,No,Moderate,1
TXN00522,U00522,21,Other,3.3,4.13,3.97,3.08,6.99,101,81,4.55,Low,Yes,Moderate,1
TXN00523,U00523,24,Other,8.29,1.6,4.28,0.66,3.56,281,136,11.16,Medium,No,Moderate,1
TXN00524,U00524,25,Male,7.54,0.88,4.08,4.7,6.08,238,89,10.45,Low,Yes,Mild,0
TXN00525,U00525,34,Other,10.66,3.11,4.39,1.52,5.93,117,111,13.25,Medium,No,Moderate,1
TXN00526,U00526,25,Female,6.67,4.69,2.86,3.06,5.24,216,157,8.93,High,Yes,Moderate,1
TXN00527,U00527,33,Male,4.04,2.06,2.4,2.22,8.89,133,72,5.92,Medium,No,,0
TXN00528,U00528,33,Male,11.45,2.52,1.65,4.21,5.92,191,177,13.26,High,Yes,Moderate,1
TXN00529,U00529,30,Male,6.61,3.75,2.01,5.59,7.3,106,158,9.55,Medium,Yes,Moderate,1
TXN00530,U00530,25,Female,10.54,4.49,3.51,4.42,4.72,194,254,13.4,Medium,No,Severe,1
TXN00531,U00531,34,Female,5.51,4.72,2.03,1.88,5.14,250,99,6.08,High,Yes,Moderate,1
TXN00532,U00532,18,Male,11.75,2.6,5.12,1.34,4.9,149,109,13.9,High,No,Severe,1
TXN00533,U00533,27,Female,8.96,3.2,2.65,2.39,6.77,229,69,11.84,Low,No,Moderate,1
TXN00534,U00534,32,Male,5.83,2.57,2.64,0.68,6.2,275,117,8.54,Low,No,Mild,0
TXN00535,U00535,27,Female,9.44,3.18,2.04,4.21,5.87,265,203,11.37,Medium,Yes,Moderate,1
TXN00536,U00536,26,Female,7.45,5.84,4.87,2.44,6.5,207,105,8.02,Low,Yes,Severe,1
TXN00537,U00537,18,Other,9.89,3.94,3.12,2.85,7.36,195,154,10.53,Low,Yes,Moderate,1
TXN00538,U00538,27,Female,8.33,5.51,2.66,2.18,3.62,130,227,9.65,Medium,No,Severe,1
TXN00539,U00539,18,Female,9.26,3.73,6.34,2.58,3.86,271,115,11.78,Low,Yes,Severe,1
TXN00540,U00540,34,Female,10.3,4.17,3.07,2.15,6.46,176,217,12.39,Low,Yes,Severe,1
TXN00541,U00541,19,Other,5.68,3.65,3.22,3.94,8.81,203,163,6.42,Medium,No,,0
TXN00542,U00542,34,Female,7.28,1.65,3.98,4.08,5.06,260,116,8.86,High,No,Mild,0
TXN00543,U00543,30,Other,5.26,3.33,2.69,3.51,8.46,180,147,7.92,High,No,,0
TXN00544,U00544,32,Male,5.41,4.01,5.64,5.19,6.18,269,250,6.06,Low,No,Severe,1
TXN00545,U00545,25,Other,4.35,4.27,3.6,2.89,3.53,337,106,6.43,Medium,No,Severe,1
TXN00546,U00546,23,Other,5.31,3.81,2.42,1.12,4.56,117,119,6.97,High,No,Mild,0
TXN00547,U00547,19,Male,4.82,2.0,0.12,4.84,5.75,160,60,6.93,Low,No,,0
TXN00548,U00548,20,Male,5.83,2.14,0.25,5.75,8.54,191,38,7.32,High,Yes,,0
TXN00549,U00549,34,Female,11.4,3.37,5.72,5.72,6.29,189,217,14.11,Low,Yes,Severe,1
TXN00550,U00550,30,Other,10.25,4.59,6.14,1.7,3.0,179,160,11.85,Medium,Yes,Severe,1
TXN00551,U00551,29,Male,9.3,1.12,4.58,3.11,3.21,196,127,10.71,High,No,Severe,1
TXN00552,U00552,19,Other,10.57,4.14,5.36,4.3,6.45,151,129,12.45,Medium,No,Moderate,1
TXN00553,U00553,25,Male,10.72,2.64,5.24,2.66,7.3,155,142,11.45,Low,No,Moderate,1
TXN00554,U00554,32,Female,8.68,5.34,5.47,2.73,3.0,346,110,11.24,Medium,No,Severe,1
TXN00555,U00555,31,Other,10.89,5.01,5.7,4.34,4.38,215,197,12.9,High,No,Severe,1
TXN00556,U00556,18,Male,9.86,4.03,2.33,2.94,5.78,90,167,10.86,Medium,No,Moderate,1
TXN00557,U00557,23,Other,5.25,4.42,5.47,4.07,3.0,277,195,7.73,Medium,No,Severe,1
TXN00558,U00558,22,Male,5.35,4.28,4.91,4.9,3.79,196,159,6.3,Medium,Yes,Moderate,1
TXN00559,U00559,35,Male,8.82,3.95,6.03,5.86,3.0,304,133,9.44,High,No,Severe,1
TXN00560,U00560,20,Other,11.62,1.44,3.87,0.58,5.27,287,181,14.19,Medium,Yes,Moderate,1
TXN00561,U00561,24,Other,4.71,5.24,5.53,2.08,4.32,158,200,7.35,High,Yes,Severe,1
TXN00562,U00562,24,Male,6.76,2.75,1.38,2.1,4.88,213,155,9.53,Medium,No,Mild,0
TXN00563,U00563,33,Other,4.2,2.28,2.77,4.28,7.71,201,123,6.54,Medium,Yes,,0
TXN00564,U00564,19,Other,3.47,5.62,4.28,2.45,4.83,296,243,5.74,Low,Yes,Severe,1
TXN00565,U00565,30,Female,5.72,2.67,2.28,5.82,6.22,203,85,6.87,High,No,Mild,0
TXN00566,U00566,22,Female,3.81,4.41,4.13,1.93,3.51,157,217,6.49,Medium,No,Severe,1
TXN00567,U00567,26,Male,8.52,4.69,2.66,2.22,6.92,170,190,10.93,Low,No,Moderate,1
TXN00568,U00568,22,Female,3.49,1.51,2.68,1.4,5.8,84,166,4.09,Medium,No,Mild,0
TXN00569,U00569,21,Other,10.61,5.27,2.09,1.01,6.81,136,108,12.98,Medium,Yes,Moderate,1
TXN00570,U00570,23,Female,6.75,0.92,4.67,4.22,6.89,96,137,8.95,High,Yes,Moderate,1
TXN00571,U00571,21,Male,10.53,1.35,2.72,5.07,5.07,241,250,13.42,High,Yes,Severe,1
TXN00572,U00572,32,Other,5.92,4.52,4.54,5.77,5.46,144,77,8.42,Medium,No,Moderate,1
TXN00573,U00573,20,Female,7.92,3.81,1.97,1.9,3.98,287,167,8.64,Low,Yes,Moderate,1
TXN00574,U00574,27,Other,8.82,5.75,3.02,2.14,5.7,313,169,11.58,High,Yes,Severe,1
TXN00575,U00575,21,Female,10.49,3.32,3.56,5.37,5.04,234,218,12.05,Medium,No,Moderate,1
TXN00576,U00576,31,Female,3.84,3.32,4.69,4.22,6.61,237,79,6.67,High,Yes,Mild,0
TXN00577,U00577,31,Male,3.71,4.91,2.8,5.91,5.98,166,128,5.52,Medium,Yes,Moderate,1
TXN00578,U00578,34,Other,3.97,2.84,0.38,4.13,7.06,84,105,5.11,Low,Yes,,0
TXN00579,U00579,32,Female,4.62,1.5,2.37,0.96,7.65,131,120,6.59,Medium,No,Mild,0
TXN00580,U00580,23,Male,4.9,0.93,3.93,1.93,7.53,131,151,5.44,Medium,Yes,,0
TXN00581,U00581,33,Female,7.14,2.73,4.23,4.59,6.17,167,223,9.67,High,No,Moderate,1
TXN00582,U00582,20,Female,4.13,0.58,0.45,0.59,8.87,239,21,5.15,High,Yes,,0
TXN00583,U00583,35,Male,4.72,2.16,2.65,3.11,3.8,97,79,7.07,Medium,No,Mild,0
TXN00584,U00584,32,Female,8.27,1.61,4.68,5.09,3.0,127,116,10.35,High,No,Severe,1
TXN00585,U00585,35,Other,11.99,0.7,4.0,3.32,5.36,298,214,13.07,Low,Yes,Severe,1
TXN00586,U00586,28,Male,7.98,1.97,3.39,5.39,4.23,214,205,9.35,High,No,Mild,0
TXN00587,U00587,27,Female,9.54,3.08,3.35,3.29,5.54,265,151,12.34,High,No,Moderate,1
TXN00588,U00588,30,Male,11.64,5.08,5.09,4.54,5.68,329,131,13.69,Medium,Yes,Severe,1
TXN00589,U00589,23,Female,4.8,3.83,1.2,2.79,8.17,132,100,5.82,Low,Yes,Mild,0
TXN00590,U00590,29,Female,9.09,1.46,5.04,3.27,6.53,176,175,9.87,Low,Yes,Moderate,1
TXN00591,U00591,26,Female,11.94,4.82,4.68,4.74,5.41,319,103,14.57,High,Yes,Moderate,1
TXN00592,U00592,32,Other,11.66,4.66,5.5,4.8,5.64,309,91,14.22,Low,Yes,Moderate,1
TXN00593,U00593,21,Female,10.84,5.51,3.03,2.11,4.09,254,217,13.17,Low,Yes,Severe,1
TXN00594,U00594,22,Female,4.11,1.61,3.88,4.73,4.53,233,136,5.46,High,Yes,,0
TXN00595,U00595,29,Female,9.44,2.78,4.92,1.85,5.49,260,197,11.91,Low,No,Severe,1
TXN00596,U00596,32,Female,11.57,3.34,4.33,5.69,4.89,287,67,13.86,High,Yes,Moderate,1
TXN00597,U00597,28,Female,6.61,4.75,4.14,2.66,3.0,289,128,9.37,Low,No,Severe,1
TXN00598,U00598,35,Other,10.86,4.47,3.65,2.39,5.82,355,225,12.89,Low,No,Severe,1
TXN00599,U00599,24,Other,10.99,3.93,4.07,2.93,4.45,297,168,13.43,Medium,Yes,Moderate,1
TXN00600,U00600,28,Male,6.51,4.45,5.12,3.36,5.33,144,88,8.29,Medium,No,Moderate,1
TXN00601,U00601,18,Other,11.01,3.47,3.43,5.08,3.47,233,219,11.79,Low,No,Severe,1
TXN00602,U00602,34,Female,6.19,0.76,4.2,1.19,4.24,278,66,7.82,Low,Yes,Moderate,1
TXN00603,U00603,27,Female,9.0,4.98,4.69,1.27,3.8,313,153,9.76,High,Yes,Severe,1
TXN00604,U00604,21,Other,4.32,2.84,2.45,1.01,5.61,88,161,5.36,Low,No,Mild,0
TXN00605,U00605,35,Other,7.67,2.67,1.85,3.24,5.61,167,165,10.0,Medium,Yes,Mild,0
TXN00606,U00606,22,Male,7.36,3.02,5.47,3.32,5.28,267,119,9.0,Low,Yes,Moderate,1
TXN00607,U00607,31,Male,3.99,2.53,1.16,3.38,5.03,98,110,5.25,Medium,Yes,,0
TXN00608,U00608,31,Female,3.44,5.42,5.16,1.69,6.59,215,65,4.25,Medium,Yes,Moderate,1
TXN00609,U00609,33,Other,8.16,3.61,6.0,4.8,4.24,309,245,8.99,Low,No,Severe,1
TXN00610,U00610,32,Other,4.34,4.5,2.76,3.94,4.91,224,149,7.09,Medium,Yes,Severe,1
TXN00611,U00611,26,Other,8.81,5.26,4.43,3.65,6.48,271,144,10.71,Low,Yes,Moderate,1
TXN00612,U00612,35,Female,8.19,0.79,3.88,1.54,5.04,319,69,8.99,High,Yes,Moderate,1
TXN00613,U00613,24,Female,5.21,4.38,5.15,2.94,6.53,245,147,6.71,Low,No,Moderate,1
TXN00614,U00614,31,Male,4.62,0.63,2.91,2.6,4.11,80,178,5.54,Low,Yes,Mild,0
TXN00615,U00615,22,Female,5.76,2.74,0.68,3.88,5.96,26,29,7.01,Low,No,,0
TXN00616,U00616,28,Female,5.32,5.68,5.2,0.79,3.98,242,215,6.41,High,No,Moderate,1
TXN00617,U00617,19,Other,5.87,3.54,0.26,0.66,7.35,246,19,7.04,High,Yes,,0
TXN00618,U00618,22,Other,5.74,2.74,1.14,4.0,4.62,91,135,7.59,Low,Yes,Mild,0
TXN00619,U00619,32,Other,3.38,4.97,6.24,3.91,5.04,167,90,4.03,Medium,No,Severe,1
TXN00620,U00620,30,Other,11.99,5.13,3.25,5.12,3.37,166,226,13.9,Medium,Yes,Severe,1
TXN00621,U00621,21,Female,10.47,4.49,6.4,5.33,3.05,254,171,13.18,Medium,No,Severe,1
TXN00622,U00622,25,Male,8.96,2.27,2.44,5.77,4.38,267,99,11.08,Low,No,Moderate,1
TXN00623,U00623,23,Female,6.72,5.42,4.41,4.69,5.32,291,84,8.57,High,No,Moderate,1
TXN00624,U00624,30,Male,10.45,2.47,2.31,4.72,6.04,92,96,12.11,Low,No,Moderate,1
TXN00625,U00625,18,Female,9.83,4.24,5.24,1.55,5.77,285,167,12.35,Low,Yes,Severe,1
TXN00626,U00626,19,Other,5.53,5.47,4.43,1.65,3.78,300,228,7.02,Medium,No,Moderate,1
TXN00627,U00627,24,Male,8.94,3.61,5.13,3.61,3.0,157,106,9.76,High,Yes,Severe,1
TXN00628,U00628,18,Female,11.93,4.31,4.53,1.89,4.62,241,90,14.77,High,Yes,Severe,1
TXN00629,U00629,31,Male,5.47,4.24,4.27,2.49,5.52,351,147,6.09,Medium,No,Severe,1
TXN00630,U00630,30,Female,4.75,0.95,2.29,0.64,7.82,196,123,7.64,Low,Yes,,0
TXN00631,U00631,27,Female,3.57,3.94,0.11,2.88,4.61,224,175,6.41,Medium,Yes,,0
TXN00632,U00632,25,Male,11.63,5.08,4.89,3.36,3.97,108,218,13.68,Low,No,Moderate,1
TXN00633,U00633,19,Male,11.25,2.58,5.16,4.31,6.42,105,178,11.89,High,No,Moderate,1
TXN00634,U00634,19,Female,8.03,2.12,3.93,1.03,5.48,184,243,10.5,High,Yes,Severe,1
TXN00635,U00635,32,Male,10.16,5.34,4.08,2.37,7.12,290,71,11.8,Medium,Yes,Moderate,1
TXN00636,U00636,18,Male,8.36,0.87,5.56,1.56,4.68,288,220,9.5,Medium,No,Severe,1
TXN00637,U00637,25,Female,4.24,0.74,0.51,3.71,6.81,186,106,5.52,High,Yes,,0
TXN00638,U00638,27,Female,8.43,2.1,6.28,3.35,5.06,162,104,9.52,High,Yes,Severe,1
TXN00639,U00639,24,Female,11.79,4.02,3.21,0.88,3.0,246,209,13.79,Medium,No,Severe,1
TXN00640,U00640,28,Male,4.46,3.0,3.16,0.73,5.49,20,178,5.52,Low,No,,0
TXN00641,U00641,33,Other,9.61,5.74,2.93,4.57,3.82,137,66,11.02,Low,No,Moderate,1
TXN00642,U00642,21,Other,4.28,2.92,3.33,5.52,5.32,62,90,5.27,Low,Yes,Mild,0
TXN00643,U00643,23,Female,6.06,3.55,1.51,0.62,7.49,80,45,8.64,Low,No,Mild,0
TXN00644,U00644,24,Male,5.75,1.82,3.24,4.13,8.74,224,174,8.45,High,Yes,,0
TXN00645,U00645,22,Male,10.15,1.55,3.91,2.56,4.8,287,152,12.95,High,Yes,Severe,1
TXN00646,U00646,28,Male,5.22,3.96,1.12,1.2,6.79,169,140,6.24,Low,No,,0
TXN00647,U00647,34,Female,6.49,5.35,5.4,2.56,4.44,170,172,8.77,High,No,Severe,1
TXN00648,U00648,26,Female,8.23,4.01,4.76,4.07,3.83,319,116,9.86,Low,No,Moderate,1
TXN00649,U00649,31,Other,11.0,3.64,5.34,2.56,5.38,124,86,12.24,High,No,Moderate,1
TXN00650,U00650,19,Female,7.19,3.92,2.5,3.07,5.54,260,167,8.48,Medium,Yes,Mild,0
TXN00651,U00651,25,Male,5.39,0.92,3.61,2.12,6.76,159,179,6.09,Medium,Yes,,0
TXN00652,U00652,20,Male,6.24,3.5,2.94,4.21,4.03,280,135,7.22,High,Yes,Moderate,1
TXN00653,U00653,27,Male,5.54,2.41,4.79,5.7,7.4,248,43,7.22,High,Yes,Mild,0
TXN00654,U00654,25,Female,9.51,1.65,2.53,3.73,5.39,209,183,10.86,Low,No,Moderate,1
TXN00655,U00655,31,Female,4.89,2.97,3.03,2.56,6.3,87,118,7.75,Low,No,Mild,0
TXN00656,U00656,25,Female,6.77,4.27,3.21,4.78,5.32,173,215,7.33,Low,Yes,Moderate,1
TXN00657,U00657,30,Male,11.82,1.62,3.16,3.44,3.75,117,149,13.74,Medium,No,Moderate,1
TXN00658,U00658,21,Male,9.07,1.48,4.91,3.82,3.02,140,82,11.85,Medium,No,Moderate,1
TXN00659,U00659,27,Female,8.94,0.88,2.63,3.35,3.0,345,195,10.42,Low,Yes,Severe,1
TXN00660,U00660,20,Other,6.5,5.47,2.43,5.29,4.29,299,186,7.4,High,No,Moderate,1
TXN00661,U00661,32,Female,5.48,0.54,1.37,0.85,5.5,261,103,7.29,High,No,Mild,0
TXN00662,U00662,19,Male,9.64,2.08,5.12,3.01,6.05,272,141,11.12,Low,No,Moderate,1
TXN00663,U00663,31,Other,7.12,5.51,3.13,3.63,3.87,136,151,9.83,Low,No,Severe,1
TXN00664,U00664,20,Female,9.28,4.47,3.27,3.21,6.57,266,121,12.27,Low,Yes,Severe,1
TXN00665,U00665,32,Female,4.48,1.64,0.18,0.65,7.37,192,133,5.93,High,No,,0
TXN00666,U00666,19,Male,3.1,1.13,4.47,2.3,7.07,179,158,3.77,High,Yes,Mild,0
TXN00667,U00667,33,Other,10.38,5.13,2.28,0.6,3.35,165,96,12.22,Medium,Yes,Moderate,1
TXN00668,U00668,18,Female,9.1,1.34,3.03,1.69,3.06,262,201,10.14,High,Yes,Moderate,1
TXN00669,U00669,27,Female,7.0,3.79,0.99,2.58,4.61,118,135,9.77,Low,Yes,Mild,0
TXN00670,U00670,18,Male,11.9,2.35,2.37,4.18,3.89,315,89,14.39,High,Yes,Moderate,1
TXN00671,U00671,31,Male,7.61,4.99,2.89,3.95,5.71,228,166,10.46,Low,Yes,Moderate,1
TXN00672,U00672,29,Male,5.91,0.58,2.62,0.57,5.46,76,31,8.05,Medium,No,,0
TXN00673,U00673,24,Other,6.7,4.72,4.4,5.95,5.31,327,235,7.63,Low,No,Severe,1
TXN00674,U00674,22,Other,5.99,3.99,4.34,2.25,7.53,178,57,7.33,High,No,Mild,0
TXN00675,U00675,25,Male,7.53,4.38,1.65,0.62,6.32,121,144,8.62,Medium,Yes,Moderate,1
TXN00676,U00676,22,Female,6.37,2.13,1.41,1.62,3.87,240,193,9.34,Medium,No,Mild,0
TXN00677,U00677,28,Male,8.79,4.68,4.48,5.88,5.02,198,96,9.86,High,No,Severe,1
TXN00678,U00678,24,Female,7.85,5.49,4.26,1.87,5.99,274,121,9.87,Medium,No,Moderate,1
TXN00679,U00679,18,Other,3.58,3.2,3.81,0.79,8.96,72,47,4.31,High,Yes,,0
TXN00680,U00680,20,Female,6.84,3.07,1.46,1.59,5.61,210,103,8.1,High,No,Mild,0
TXN00681,U00681,33,Female,3.72,5.85,3.19,1.42,4.89,219,221,6.06,Low,No,Moderate,1
TXN00682,U00682,31,Female,10.69,4.67,6.09,3.77,3.0,311,134,11.83,Medium,No,Severe,1
TXN00683,U00683,30,Female,8.06,3.14,3.73,4.43,3.0,173,91,8.59,High,No,Severe,1
TXN00684,U00684,31,Other,11.46,5.84,3.89,3.19,4.98,275,108,12.98,Low,Yes,Severe,1
TXN00685,U00685,23,Female,4.75,2.9,1.82,5.52,6.95,185,165,6.84,Medium,Yes,Mild,0
TXN00686,U00686,25,Female,5.18,0.69,3.25,3.97,7.54,198,180,6.05,High,No,,0
TXN00687,U00687,25,Female,8.42,5.73,4.97,0.57,6.37,254,163,9.91,High,Yes,Moderate,1
TXN00688,U00688,23,Other,10.47,1.89,2.81,5.82,5.86,187,215,11.74,Medium,Yes,Moderate,1
TXN00689,U00689,29,Other,10.33,1.98,2.44,4.62,6.05,91,108,12.87,Low,Yes,Moderate,1
TXN00690,U00690,31,Other,7.72,4.1,5.33,1.44,3.79,305,124,8.72,Low,Yes,Severe,1
TXN00691,U00691,24,Male,4.67,0.82,0.73,4.68,5.67,250,119,6.27,High,Yes,,0
TXN00692,U00692,27,Male,3.77,1.19,0.26,0.66,5.56,144,40,4.29,Medium,Yes,,0
TXN00693,U00693,24,Female,7.7,0.54,4.01,5.93,6.33,214,186,10.09,High,No,Moderate,1
TXN00694,U00694,28,Other,12.0,4.99,6.16,4.16,3.8,139,181,14.68,Low,Yes,Severe,1
TXN00695,U00695,30,Other,9.53,5.38,2.96,3.81,6.01,196,153,10.95,High,No,Severe,1
TXN00696,U00696,24,Male,3.03,4.01,6.17,2.27,4.95,348,101,5.95,High,No,Severe,1
TXN00697,U00697,33,Other,6.6,3.87,1.13,2.85,7.89,176,65,8.94,Medium,Yes,Mild,0
TXN00698,U00698,34,Other,3.29,3.24,1.15,5.08,8.18,278,159,4.21,Medium,Yes,Mild,0
TXN00699,U00699,35,Male,5.17,1.66,3.81,4.13,4.1,166,47,6.07,Medium,No,Mild,0
TXN00700,U00700,26,Other,8.99,5.73,4.28,4.16,7.05,252,190,9.72,High,No,Moderate,1
TXN00701,U00701,20,Female,8.8,2.57,4.47,4.55,4.62,254,208,11.72,Medium,Yes,Moderate,1
TXN00702,U00702,21,Female,5.62,1.11,1.36,3.76,5.35,49,161,7.04,Medium,No,,0
TXN00703,U00703,19,Female,8.31,1.54,3.15,2.83,6.37,294,97,10.11,High,Yes,Moderate,1
TXN00704,U00704,18,Other,7.84,3.03,1.38,5.69,7.47,182,156,8.71,Medium,Yes,Mild,0
TXN00705,U00705,28,Male,5.78,5.95,2.89,5.98,5.28,247,251,8.35,Medium,No,Severe,1
TXN00706,U00706,28,Female,4.37,4.44,5.79,5.64,3.11,313,103,7.18,Low,No,Severe,1
TXN00707,U00707,23,Other,11.92,3.51,3.75,4.23,6.56,318,190,13.4,High,No,Severe,1
TXN00708,U00708,24,Other,9.31,3.51,2.79,2.28,5.66,346,103,11.93,High,No,Severe,1
TXN00709,U00709,23,Other,8.19,2.93,3.53,5.43,3.84,295,115,10.53,Low,No,Moderate,1
TXN00710,U00710,22,Other,6.39,5.9,5.12,1.43,3.0,216,211,7.34,Low,Yes,Severe,1
TXN00711,U00711,31,Female,11.73,3.95,3.22,0.69,3.98,215,142,13.95,Low,No,Moderate,1
TXN00712,U00712,30,Other,5.48,4.09,3.07,1.16,3.27,215,229,7.65,High,Yes,Moderate,1
TXN00713,U00713,33,Male,5.46,4.6,5.58,1.5,4.28,290,201,6.71,Low,Yes,Severe,1
TXN00714,U00714,35,Other,4.66,4.97,1.68,3.56,5.31,297,200,6.38,High,Yes,Moderate,1
TXN00715,U00715,21,Other,4.63,3.8,0.72,3.55,8.1,51,25,5.45,Low,Yes,,0
TXN00716,U00716,26,Female,10.66,0.69,5.52,3.28,4.54,229,108,12.22,High,Yes,Moderate,1
TXN00717,U00717,19,Other,11.52,3.36,4.73,4.13,4.9,237,190,13.76,High,No,Moderate,1
TXN00718,U00718,21,Male,8.96,0.75,2.55,1.28,5.95,180,124,10.97,Low,No,Severe,1
TXN00719,U00719,31,Male,3.67,1.9,1.53,5.47,6.3,41,80,5.86,High,Yes,,0
TXN00720,U00720,26,Female,11.96,4.33,3.17,2.55,5.06,335,220,13.97,Medium,Yes,Severe,1
TXN00721,U00721,30,Female,3.23,3.82,1.11,1.19,4.19,195,144,3.89,High,Yes,Mild,0
TXN00722,U00722,26,Other,4.32,4.89,3.49,1.04,6.51,181,186,7.2,Low,Yes,Severe,1
TXN00723,U00723,33,Other,3.86,2.42,3.09,2.05,4.92,80,52,4.79,Medium,Yes,Mild,0
TXN00724,U00724,35,Female,7.97,5.35,3.21,3.76,4.07,265,196,10.25,High,Yes,Moderate,1
TXN00725,U00725,26,Female,3.48,4.49,6.3,4.39,3.22,280,197,5.75,Low,No,Severe,1
TXN00726,U00726,34,Female,5.58,5.74,4.48,4.45,6.26,183,168,7.67,Low,No,Severe,1
TXN00727,U00727,20,Other,8.71,0.92,3.36,1.01,4.69,146,163,10.6,Medium,Yes,Severe,1
TXN00728,U00728,34,Other,11.39,1.25,3.59,4.27,5.95,226,96,12.9,High,Yes,Moderate,1
TXN00729,U00729,31,Other,9.32,4.62,2.58,4.56,7.18,300,200,11.53,Low,No,Moderate,1
TXN00730,U00730,34,Female,11.13,1.46,3.07,1.23,4.49,103,173,12.87,Low,No,Moderate,1
TXN00731,U00731,25,Female,10.49,5.18,5.03,2.1,5.07,157,119,11.0,High,No,Moderate,1
TXN00732,U00732,34,Male,10.43,0.69,4.25,3.9,4.3,216,91,12.47,Medium,No,Severe,1
TXN00733,U00733,18,Female,6.15,4.47,3.21,0.55,4.84,140,86,7.97,Low,No,Moderate,1
TXN00734,U00734,18,Other,4.4,4.11,3.3,2.67,3.45,234,136,6.24,Medium,Yes,Severe,1
TXN00735,U00735,32,Female,4.46,2.45,2.54,2.48,7.62,105,68,5.43,Low,Yes,Mild,0
TXN00736,U00736,28,Female,11.11,1.38,2.4,3.14,5.89,158,95,12.66,High,No,Moderate,1
TXN00737,U00737,30,Male,7.52,5.58,4.97,2.64,3.39,117,70,8.34,Medium,Yes,Moderate,1
TXN00738,U00738,28,Female,6.87,3.78,0.83,3.14,4.97,76,149,7.99,Low,Yes,Mild,0
TXN00739,U00739,21,Other,10.78,5.97,2.59,5.01,3.79,270,91,13.03,High,Yes,Moderate,1
TXN00740,U00740,22,Female,5.06,1.23,0.95,5.95,7.88,164,44,7.1,Low,Yes,Mild,0
TXN00741,U00741,34,Female,5.76,3.98,1.73,2.35,5.86,185,149,7.87,Medium,Yes,Mild,0
TXN00742,U00742,26,Female,11.49,4.41,3.39,5.42,3.0,125,103,13.64,Medium,Yes,Severe,1
TXN00743,U00743,26,Female,11.18,1.05,3.14,5.72,3.74,202,118,11.92,Low,Yes,Severe,1
TXN00744,U00744,29,Male,9.69,3.74,4.02,1.81,4.14,239,163,10.41,Low,Yes,Moderate,1
TXN00745,U00745,24,Male,4.74,2.95,0.39,5.68,7.29,97,136,7.71,Low,Yes,,0
TXN00746,U00746,24,Male,6.76,4.41,5.97,4.68,5.91,268,178,9.5,Medium,Yes,Severe,1
TXN00747,U00747,33,Other,6.77,5.62,3.62,0.62,5.6,268,98,7.99,High,Yes,Moderate,1
TXN00748,U00748,30,Male,7.46,3.43,3.65,0.91,4.87,220,163,9.37,Medium,No,Moderate,1
TXN00749,U00749,23,Male,3.03,3.65,3.17,0.55,7.88,186,156,4.79,High,No,Mild,0
TXN00750,U00750,27,Male,9.37,3.54,3.08,0.75,3.17,135,253,10.24,Medium,Yes,Severe,1
TXN00751,U00751,25,Female,11.91,1.65,2.06,4.07,5.75,184,148,12.62,High,No,Moderate,1
TXN00752,U00752,27,Other,5.92,0.81,4.06,5.03,4.69,126,85,7.06,Low,Yes,Mild,0
TXN00753,U00753,26,Male,10.83,3.99,4.6,4.99,3.09,193,142,12.78,Medium,Yes,Severe,1
TXN00754,U00754,31,Male,6.32,5.46,2.77,1.5,3.0,345,135,7.29,Medium,Yes,Severe,1
TXN00755,U00755,27,Other,4.47,1.48,1.58,3.84,4.81,38,124,5.58,High,No,,0
TXN00756,U00756,34,Male,4.24,4.63,1.65,1.05,4.63,118,68,6.65,High,Yes,Moderate,1
TXN00757,U00757,20,Male,5.41,5.66,4.0,4.86,3.0,292,92,7.27,Medium,Yes,Moderate,1
TXN00758,U00758,33,Male,9.84,5.41,4.86,2.19,5.06,152,79,11.7,Medium,Yes,Moderate,1
TXN00759,U00759,21,Other,7.9,1.06,5.15,2.78,3.0,147,71,8.97,Medium,Yes,Moderate,1
TXN00760,U00760,27,Female,5.03,5.33,3.14,5.36,6.6,118,190,5.95,Low,Yes,Moderate,1
TXN00761,U00761,29,Other,3.69,2.34,1.44,5.59,4.88,31,169,4.57,Medium,No,,0
TXN00762,U00762,31,Other,4.35,4.17,3.61,5.0,3.67,151,159,7.14,High,No,Severe,1
TXN00763,U00763,20,Other,10.1,5.24,5.51,4.78,3.56,127,164,11.72,Medium,Yes,Moderate,1
TXN00764,U00764,31,Other,11.64,2.03,2.76,5.97,3.0,223,180,12.94,Medium,No,Severe,1
TXN00765,U00765,28,Male,4.24,5.69,6.09,2.61,4.57,262,226,5.97,High,Yes,Severe,1
TXN00766,U00766,31,Male,7.74,4.77,5.65,1.71,3.0,217,90,8.75,Low,No,Severe,1
TXN00767,U00767,21,Male,3.54,2.42,3.4,5.27,8.19,95,132,4.4,High,No,,0
TXN00768,U00768,25,Female,3.5,1.26,3.85,4.37,6.2,26,123,4.93,High,Yes,,0
TXN00769,U00769,23,Other,3.27,2.51,0.32,0.92,7.06,228,121,4.14,Low,No,,0
TXN00770,U00770,34,Other,9.29,2.15,3.25,2.36,6.42,267,68,10.51,Low,Yes,Moderate,1
TXN00771,U00771,23,Female,7.53,0.56,4.13,4.24,7.64,196,106,10.33,High,No,Mild,0
TXN00772,U00772,23,Other,5.45,1.01,1.51,5.73,7.84,122,173,6.09,Medium,Yes,,0
TXN00773,U00773,32,Male,7.3,4.09,3.22,2.59,3.15,185,230,8.86,Medium,Yes,Moderate,1
TXN00774,U00774,29,Other,8.43,5.16,1.71,2.05,5.34,106,119,10.42,Medium,Yes,Moderate,1
TXN00775,U00775,19,Female,5.16,0.97,2.28,0.75,8.94,143,26,5.78,Low,No,,0
TXN00776,U00776,27,Male,11.63,3.25,2.86,2.65,4.5,123,89,12.96,High,Yes,Moderate,1
TXN00777,U00777,30,Other,7.29,5.28,1.75,1.39,5.97,110,225,8.02,High,Yes,Moderate,1
TXN00778,U00778,22,Female,9.92,1.39,5.45,3.34,6.18,256,198,12.75,Medium,No,Moderate,1
TXN00779,U00779,27,Other,6.24,5.21,3.32,5.4,6.38,189,126,7.26,High,Yes,Moderate,1
TXN00780,U00780,33,Female,3.88,0.58,3.07,2.2,8.4,224,37,5.63,Medium,No,,0
TXN00781,U00781,23,Male,3.61,3.67,1.41,0.89,7.7,137,81,6.58,Medium,No,,0
TXN00782,U00782,33,Male,3.36,5.22,4.0,5.21,6.23,158,202,4.78,High,No,Severe,1
TXN00783,U00783,31,Male,7.55,1.95,4.3,4.25,6.49,219,54,9.9,Low,Yes,Mild,0
TXN00784,U00784,27,Male,6.38,3.64,4.22,1.73,7.63,226,63,7.75,Medium,No,Mild,0
TXN00785,U00785,23,Other,9.59,5.55,5.29,4.73,3.8,174,81,10.88,High,No,Moderate,1
TXN00786,U00786,33,Female,4.03,3.0,2.18,5.72,5.15,74,96,5.95,High,No,,0
TXN00787,U00787,31,Male,11.81,1.67,2.45,0.63,6.31,198,134,12.94,Low,Yes,Moderate,1
TXN00788,U00788,26,Female,6.65,2.14,4.45,5.29,5.26,261,131,7.61,Low,Yes,Moderate,1
TXN00789,U00789,27,Other,4.48,2.42,1.68,3.12,7.6,61,126,5.87,High,No,,0
TXN00790,U00790,24,Female,3.7,4.17,4.87,2.28,6.54,312,171,4.24,Medium,Yes,Severe,1
TXN00791,U00791,21,Male,10.13,4.21,2.65,4.47,7.35,303,97,12.22,High,Yes,Moderate,1
TXN00792,U00792,24,Female,6.78,3.5,1.46,2.58,5.27,103,187,9.67,Medium,No,Mild,0
TXN00793,U00793,27,Male,7.52,5.27,5.2,4.07,4.15,230,180,8.9,High,No,Severe,1
TXN00794,U00794,23,Male,7.13,2.55,3.01,1.39,5.66,127,151,9.22,High,Yes,Mild,0
TXN00795,U00795,20,Female,8.85,3.89,4.05,3.23,5.48,264,115,10.93,High,Yes,Severe,1
TXN00796,U00796,24,Male,5.01,3.0,2.32,1.58,5.81,86,129,7.93,Medium,No,Mild,0
TXN00797,U00797,29,Male,10.04,3.29,2.67,4.12,4.28,293,171,12.22,Low,No,Moderate,1
TXN00798,U00798,18,Male,4.38,2.56,4.07,5.01,6.4,140,83,7.28,Medium,Yes,Mild,0
TXN00799,U00799,30,Male,10.46,4.91,4.71,1.21,4.96,311,134,11.97,Medium,Yes,Severe,1
TXN00800,U00800,21,Male,9.39,1.19,2.87,3.67,3.86,320,250,12.18,High,Yes,Severe,1
TXN00801,U00801,20,Other,3.84,2.91,2.52,3.76,4.63,201,154,6.64,Low,No,,0
TXN00802,U00802,22,Other,11.85,3.99,5.51,1.53,5.04,181,166,12.83,Low,No,Severe,1
TXN00803,U00803,19,Male,5.47,5.64,4.11,4.01,5.51,116,93,7.12,High,Yes,Moderate,1
TXN00804,U00804,27,Female,5.36,1.49,0.31,5.15,8.61,73,115,6.11,Low,No,,0
TXN00805,U00805,20,Female,4.89,2.81,3.56,3.98,6.53,61,61,6.14,Low,Yes,,0
TXN00806,U00806,29,Male,7.36,3.88,2.99,1.37,7.04,86,89,9.38,High,Yes,Mild,0
TXN00807,U00807,29,Other,4.03,1.69,2.11,1.71,6.97,87,108,5.21,Low,Yes,Mild,0
TXN00808,U00808,35,Male,8.87,3.07,5.64,2.9,6.36,174,154,9.8,High,No,Severe,1
TXN00809,U00809,27,Female,4.49,1.63,3.69,2.88,5.71,207,109,7.03,High,Yes,Mild,0
TXN00810,U00810,24,Female,8.1,2.56,4.93,0.85,3.0,133,220,9.23,Medium,No,Severe,1
TXN00811,U00811,18,Female,4.03,4.95,3.32,1.52,4.0,145,160,5.46,Medium,Yes,Moderate,1
TXN00812,U00812,18,Other,9.45,1.68,3.87,2.27,3.95,106,163,10.66,Low,Yes,Moderate,1
TXN00813,U00813,26,Male,9.45,5.7,5.63,4.19,4.68,290,197,11.66,Medium,No,Severe,1
TXN00814,U00814,24,Other,3.45,3.22,0.19,2.01,5.04,135,58,5.45,High,No,,0
TXN00815,U00815,18,Female,5.57,4.04,5.02,5.93,7.0,162,98,8.17,Medium,Yes,Moderate,1
TXN00816,U00816,18,Other,3.63,1.02,4.01,4.48,4.94,247,128,5.13,High,No,Mild,0
TXN00817,U00817,19,Male,6.54,4.33,3.42,5.17,7.25,121,160,9.38,Low,Yes,Moderate,1
TXN00818,U00818,18,Female,4.25,5.96,5.05,4.48,3.92,112,113,6.56,Medium,Yes,Moderate,1
TXN00819,U00819,19,Male,4.0,5.71,2.7,2.31,4.86,332,187,5.17,Low,Yes,Severe,1
TXN00820,U00820,22,Other,5.87,1.31,3.14,5.18,7.73,218,154,8.04,High,Yes,Mild,0
TXN00821,U00821,33,Male,11.79,2.27,4.52,1.74,4.09,165,86,13.17,Low,Yes,Moderate,1
TXN00822,U00822,33,Other,3.54,0.57,1.66,5.0,4.55,81,127,4.56,High,No,Mild,0
TXN00823,U00823,32,Male,8.9,5.16,2.82,1.22,6.23,223,205,11.57,High,Yes,Severe,1
TXN00824,U00824,20,Male,5.5,1.4,1.23,5.28,7.42,57,133,8.19,High,Yes,,0
TXN00825,U00825,32,Other,4.68,0.66,3.45,2.99,4.9,195,61,6.07,Low,Yes,Mild,0
TXN00826,U00826,31,Other,7.57,0.79,1.89,1.04,6.62,242,148,8.55,Low,No,Mild,0
TXN00827,U00827,26,Male,7.77,3.21,2.53,4.25,6.61,83,96,8.56,Low,No,Mild,0
TXN00828,U00828,35,Male,3.91,1.75,3.28,4.44,5.46,80,96,6.24,High,No,Mild,0
TXN00829,U00829,23,Other,10.07,2.41,3.55,3.78,5.4,149,137,11.83,High,No,Severe,1
TXN00830,U00830,25,Male,4.53,4.25,3.07,2.33,4.15,128,211,6.1,Low,Yes,Severe,1
TXN00831,U00831,23,Male,9.11,5.19,4.78,5.83,4.72,250,153,10.79,Low,Yes,Severe,1
TXN00832,U00832,34,Female,7.53,4.65,5.5,1.05,5.72,210,205,9.26,Medium,No,Severe,1
TXN00833,U00833,29,Female,7.13,5.05,2.8,2.34,5.23,259,217,8.84,Medium,Yes,Moderate,1
TXN00834,U00834,25,Other,8.93,1.28,4.39,1.84,5.43,235,182,9.95,Low,Yes,Severe,1
TXN00835,U00835,21,Female,11.69,5.32,5.12,5.45,4.12,349,224,12.63,High,No,Severe,1
TXN00836,U00836,31,Male,11.51,2.02,3.16,3.69,5.26,338,246,12.32,Medium,No,Severe,1
TXN00837,U00837,18,Male,7.49,4.27,4.27,1.33,6.45,284,232,9.65,Medium,No,Severe,1
TXN00838,U00838,27,Female,3.14,0.73,1.13,3.76,4.74,98,16,4.72,High,Yes,,0
TXN00839,U00839,22,Other,6.15,2.06,5.04,4.16,6.36,129,87,8.43,Low,Yes,Moderate,1
TXN00840,U00840,20,Other,5.62,0.68,4.53,1.87,6.75,153,148,7.12,Low,No,Mild,0
TXN00841,U00841,27,Female,4.56,2.9,4.3,4.92,4.33,251,91,5.69,Medium,Yes,Mild,0
TXN00842,U00842,20,Other,5.68,5.6,4.24,1.51,5.62,338,201,6.42,High,No,Severe,1
TXN00843,U00843,29,Other,7.22,2.85,2.48,2.76,3.82,198,46,10.11,Medium,Yes,Mild,0
TXN00844,U00844,27,Other,10.08,3.69,3.89,3.91,6.15,349,165,10.71,Medium,Yes,Severe,1
TXN00845,U00845,18,Other,7.17,4.7,4.47,5.12,3.0,194,117,8.5,Low,No,Severe,1
TXN00846,U00846,28,Male,10.78,1.17,3.94,3.31,6.13,269,117,12.57,High,No,Moderate,1
TXN00847,U00847,22,Other,5.71,2.21,3.96,0.54,6.68,196,66,6.5,Low,Yes,,0
TXN00848,U00848,21,Other,5.22,1.07,0.9,3.28,5.46,86,116,6.73,Low,Yes,Mild,0
TXN00849,U00849,32,Female,10.73,3.89,4.13,4.0,3.0,334,151,11.66,High,Yes,Severe,1
TXN00850,U00850,27,Female,5.61,1.05,2.36,2.52,5.74,118,42,7.27,Medium,Yes,,0
TXN00851,U00851,32,Other,4.08,2.64,3.12,0.69,6.63,223,198,5.69,Medium,Yes,Mild,0
TXN00852,U00852,32,Female,5.49,5.9,3.03,5.21,5.16,179,199,6.97,Low,Yes,Moderate,1
TXN00853,U00853,28,Female,7.14,5.22,2.96,4.82,5.06,225,107,9.93,High,No,Severe,1
TXN00854,U00854,23,Male,8.18,5.6,4.7,3.39,3.48,172,215,11.07,Medium,No,Moderate,1
TXN00855,U00855,18,Male,10.67,1.38,1.99,1.08,7.1,211,147,13.07,High,Yes,Moderate,1
TXN00856,U00856,30,Female,9.8,2.81,1.86,3.87,3.42,306,83,11.4,Medium,Yes,Moderate,1
TXN00857,U00857,21,Other,9.29,2.58,5.56,3.66,3.8,154,190,10.88,Medium,Yes,Moderate,1
TXN00858,U00858,23,Female,6.91,3.41,4.76,0.97,3.01,261,89,7.92,Low,Yes,Moderate,1
TXN00859,U00859,35,Female,10.78,2.37,5.13,5.77,5.38,260,217,11.76,Low,No,Severe,1
TXN00860,U00860,35,Male,10.68,4.91,3.36,3.94,6.83,235,85,11.5,High,No,Moderate,1
TXN00861,U00861,33,Female,5.08,3.81,1.32,1.73,8.73,232,79,6.56,Medium,Yes,,0
TXN00862,U00862,20,Other,7.81,1.83,3.67,3.86,4.31,248,79,9.67,Low,No,Moderate,1
TXN00863,U00863,18,Female,3.29,2.82,0.8,5.38,4.77,72,155,5.83,Medium,Yes,,0
TXN00864,U00864,20,Male,10.25,3.6,4.84,5.09,5.73,213,108,13.12,High,Yes,Severe,1
TXN00865,U00865,26,Male,9.51,1.07,3.59,1.74,4.48,212,142,11.96,Low,Yes,Moderate,1
TXN00866,U00866,24,Other,7.81,5.23,5.13,4.56,4.59,138,189,10.22,High,Yes,Severe,1
TXN00867,U00867,31,Male,7.95,1.14,1.27,3.89,7.77,145,89,9.31,Low,Yes,Mild,0
TXN00868,U00868,18,Male,5.04,4.61,5.15,4.86,5.46,295,68,7.72,Low,Yes,Moderate,1
TXN00869,U00869,22,Male,6.95,2.05,2.06,3.81,7.71,129,73,8.97,Medium,Yes,Mild,0
TXN00870,U00870,26,Other,11.45,1.63,5.22,4.97,6.14,344,146,13.06,Medium,No,Severe,1
TXN00871,U00871,25,Male,7.74,1.97,4.39,3.27,3.14,320,170,10.0,High,No,Moderate,1
TXN00872,U00872,24,Other,11.21,5.13,3.68,2.18,5.39,121,160,13.52,Low,Yes,Moderate,1
TXN00873,U00873,32,Other,8.85,3.0,2.86,3.24,3.0,196,240,10.31,Low,Yes,Severe,1
TXN00874,U00874,30,Other,7.46,5.25,3.14,0.74,3.83,137,175,9.29,High,No,Moderate,1
TXN00875,U00875,29,Female,11.44,5.51,5.42,2.35,5.83,192,241,12.48,Low,No,Severe,1
TXN00876,U00876,19,Female,10.27,3.54,5.41,5.63,4.19,226,183,11.83,High,No,Moderate,1
TXN00877,U00877,32,Other,9.71,5.59,2.93,0.58,5.7,195,111,12.71,High,No,Severe,1
TXN00878,U00878,30,Male,3.35,2.01,1.87,1.88,6.64,252,195,3.88,Medium,No,Mild,0
TXN00879,U00879,32,Other,7.16,2.92,3.47,5.81,5.06,306,207,8.2,Low,Yes,Moderate,1
TXN00880,U00880,35,Other,5.83,0.85,0.72,4.71,5.74,242,141,6.65,High,Yes,,0
TXN00881,U00881,19,Female,5.09,4.1,3.14,3.29,4.08,206,100,6.97,Low,Yes,Severe,1
TXN00882,U00882,18,Male,9.11,5.22,3.01,4.45,5.6,179,92,9.8,Medium,Yes,Moderate,1
TXN00883,U00883,24,Female,5.93,2.54,4.09,2.79,6.59,279,112,6.79,Medium,No,Mild,0
TXN00884,U00884,29,Other,7.24,5.85,4.89,1.38,3.0,163,241,7.8,High,Yes,Severe,1
TXN00885,U00885,34,Male,10.05,4.42,5.36,2.58,5.52,258,103,11.5,High,Yes,Moderate,1
TXN00886,U00886,34,Female,11.98,3.97,5.34,3.46,3.0,349,225,14.48,High,No,Severe,1
TXN00887,U00887,26,Female,4.76,3.66,3.64,2.31,8.1,112,74,6.4,High,Yes,,0
TXN00888,U00888,31,Other,6.26,2.44,2.82,5.53,6.64,209,98,7.88,Medium,Yes,Mild,0
TXN00889,U00889,25,Other,9.99,2.74,4.74,1.26,3.27,198,177,11.27,Low,No,Severe,1
TXN00890,U00890,22,Male,8.18,3.98,4.69,5.45,6.84,93,107,8.98,Medium,No,Moderate,1
TXN00891,U00891,19,Other,10.5,0.63,3.07,0.9,4.42,260,189,13.26,Medium,Yes,Severe,1
TXN00892,U00892,35,Other,5.17,2.11,1.35,5.04,6.01,175,172,5.94,High,Yes,,0
TXN00893,U00893,29,Male,11.55,5.51,4.12,4.57,4.86,283,187,13.8,High,Yes,Moderate,1
TXN00894,U00894,18,Female,8.34,2.53,5.0,2.59,4.07,255,240,9.54,Low,Yes,Severe,1
TXN00895,U00895,28,Other,3.43,3.35,2.1,3.3,8.68,93,97,4.89,Low,Yes,,0
TXN00896,U00896,24,Male,6.87,2.03,4.32,2.23,5.26,97,70,8.09,Medium,No,Mild,0
TXN00897,U00897,27,Other,11.45,1.93,4.02,1.08,3.94,161,101,12.19,High,Yes,Moderate,1
TXN00898,U00898,19,Other,11.64,3.47,5.6,0.54,5.85,131,184,12.65,High,No,Severe,1
TXN00899,U00899,22,Other,10.48,2.12,2.84,4.38,5.9,238,200,12.21,Low,Yes,Severe,1
TXN00900,U00900,21,Male,11.72,4.92,5.38,1.72,3.0,165,219,13.06,Medium,Yes,Severe,1
TXN00901,U00901,31,Male,3.9,4.38,3.69,1.55,5.41,304,225,4.49,High,Yes,Moderate,1
TXN00902,U00902,30,Male,10.85,1.71,2.38,3.09,5.08,137,192,12.06,Low,Yes,Moderate,1
TXN00903,U00903,31,Female,3.61,3.57,1.63,1.48,5.58,122,197,5.06,High,Yes,Mild,0
TXN00904,U00904,34,Female,8.91,1.49,3.6,1.78,3.41,249,215,11.4,Medium,No,Severe,1
TXN00905,U00905,21,Female,4.97,5.8,5.19,4.7,4.79,204,148,6.09,Medium,Yes,Moderate,1
TXN00906,U00906,28,Female,8.95,2.41,3.19,1.2,6.87,305,190,10.95,High,Yes,Moderate,1
TXN00907,U00907,26,Female,7.57,5.39,5.53,0.83,5.57,191,171,9.1,Medium,No,Severe,1
TXN00908,U00908,19,Other,5.41,4.51,2.96,5.0,4.29,194,121,7.34,Low,Yes,Moderate,1
TXN00909,U00909,28,Other,4.16,3.47,3.8,0.62,6.21,219,100,6.94,High,Yes,,0
TXN00910,U00910,24,Male,6.26,1.59,2.23,3.45,6.77,148,139,8.76,Medium,No,Moderate,1
TXN00911,U00911,35,Female,9.6,5.67,1.74,0.61,7.13,116,193,11.09,Medium,Yes,Moderate,1
TXN00912,U00912,27,Male,3.22,3.97,2.75,0.69,7.87,228,111,5.36,Low,No,,0
TXN00913,U00913,20,Other,7.54,4.37,4.53,0.61,6.24,228,219,10.34,Low,No,Moderate,1
TXN00914,U00914,27,Female,10.06,2.84,5.37,2.16,4.17,150,157,12.98,High,No,Severe,1
TXN00915,U00915,31,Female,3.84,5.82,4.64,3.16,6.18,261,219,4.95,Low,No,Severe,1
TXN00916,U00916,35,Male,9.43,2.99,4.71,0.64,5.57,239,184,11.12,Low,No,Severe,1
TXN00917,U00917,20,Female,3.86,1.43,3.46,3.19,5.62,56,118,5.9,Medium,Yes,,0
TXN00918,U00918,26,Other,6.71,4.57,5.74,0.7,5.2,278,194,9.39,Medium,Yes,Severe,1
TXN00919,U00919,33,Male,5.82,4.09,3.69,4.4,4.41,344,110,8.62,Medium,Yes,Severe,1
TXN00920,U00920,18,Other,4.46,4.61,2.26,2.91,7.27,99,173,6.2,High,No,Moderate,1
TXN00921,U00921,35,Male,6.76,0.55,1.27,5.98,6.94,280,109,8.57,High,No,Mild,0
TXN00922,U00922,27,Other,7.71,1.62,3.26,4.43,6.04,119,160,9.37,Medium,Yes,Mild,0
TXN00923,U00923,33,Male,3.09,2.79,1.4,0.87,8.1,134,88,4.09,Low,No,Mild,0
TXN00924,U00924,19,Female,8.62,3.77,2.67,4.0,6.08,213,250,9.16,Low,No,Severe,1
TXN00925,U00925,27,Male,6.31,4.72,6.14,3.59,4.99,176,109,8.29,Low,Yes,Severe,1
TXN00926,U00926,26,Male,8.07,1.2,3.69,4.05,4.62,237,216,10.08,High,No,Moderate,1
TXN00927,U00927,18,Male,10.05,5.94,1.97,4.92,3.56,132,186,12.74,Medium,Yes,Moderate,1
TXN00928,U00928,34,Female,10.27,2.84,4.29,2.16,5.52,186,233,11.75,Medium,No,Severe,1
TXN00929,U00929,34,Other,5.85,0.93,3.22,1.68,4.45,217,111,8.13,Medium,No,Mild,0
TXN00930,U00930,26,Other,9.17,3.57,3.34,2.41,3.01,183,184,11.6,Medium,No,Moderate,1
TXN00931,U00931,35,Other,10.89,5.56,2.36,2.56,7.1,92,115,12.5,High,Yes,Moderate,1
TXN00932,U00932,27,Male,5.96,5.51,6.06,3.27,3.0,194,98,8.08,High,No,Severe,1
TXN00933,U00933,26,Other,5.47,0.81,3.09,0.67,6.93,175,195,7.55,Medium,Yes,Mild,0
TXN00934,U00934,35,Male,10.27,0.71,2.52,5.42,3.0,313,135,12.95,Low,Yes,Severe,1
TXN00935,U00935,19,Other,6.99,4.41,3.66,5.22,3.35,343,139,9.13,High,Yes,Severe,1
TXN00936,U00936,28,Male,11.08,1.43,5.55,4.47,4.55,93,168,12.62,High,Yes,Moderate,1
TXN00937,U00937,34,Female,4.33,1.97,1.49,0.74,6.44,231,169,5.85,High,Yes,Mild,0
TXN00938,U00938,35,Male,6.16,2.38,3.07,4.33,6.25,173,62,6.95,Low,Yes,Mild,0
TXN00939,U00939,28,Other,8.32,5.81,5.47,4.84,3.08,220,207,9.02,High,Yes,Severe,1
TXN00940,U00940,24,Female,9.73,4.56,2.84,2.59,4.19,161,100,11.64,Medium,Yes,Moderate,1
TXN00941,U00941,24,Male,4.59,2.12,2.79,1.95,6.7,168,108,5.96,High,No,,0
TXN00942,U00942,30,Other,4.4,3.63,3.98,2.89,7.41,194,88,5.42,High,No,,0
TXN00943,U00943,24,Other,5.32,3.07,0.93,1.13,6.66,102,161,6.17,High,No,Mild,0
TXN00944,U00944,30,Other,8.92,5.46,3.69,1.08,3.71,355,92,9.82,Medium,No,Severe,1
TXN00945,U00945,21,Female,4.68,2.47,1.45,3.51,7.08,167,197,6.32,High,No,Mild,0
TXN00946,U00946,25,Female,5.27,2.55,2.15,4.23,5.05,279,99,7.68,High,Yes,Mild,0
TXN00947,U00947,26,Male,11.59,2.7,1.71,3.32,7.05,316,217,14.5,High,Yes,Moderate,1
TXN00948,U00948,28,Male,10.1,0.8,1.96,4.86,3.54,178,182,11.59,Medium,Yes,Moderate,1
TXN00949,U00949,23,Male,5.71,0.94,1.74,1.62,4.11,117,79,7.92,Medium,Yes,Mild,0
TXN00950,U00950,29,Female,3.9,3.52,1.58,1.67,6.63,116,133,6.17,Low,No,,0
TXN00951,U00951,22,Male,6.6,2.3,1.93,4.21,7.63,207,140,8.44,Medium,No,Mild,0
TXN00952,U00952,23,Female,9.91,2.53,2.96,5.03,5.65,282,166,12.7,High,Yes,Moderate,1
TXN00953,U00953,24,Female,3.4,2.16,0.37,2.61,5.31,58,87,4.68,High,No,,0
TXN00954,U00954,31,Female,4.62,2.69,2.07,1.09,8.13,108,40,6.76,Medium,Yes,,0
TXN00955,U00955,22,Other,8.17,2.61,4.22,3.17,6.42,227,198,10.6,Medium,No,Severe,1
TXN00956,U00956,21,Other,8.43,4.91,4.2,2.55,4.23,210,226,11.36,Low,Yes,Severe,1
TXN00957,U00957,30,Male,10.83,0.94,2.43,5.72,5.28,191,140,12.62,High,No,Severe,1
TXN00958,U00958,32,Other,5.54,1.17,1.96,2.52,8.5,195,109,6.67,Medium,No,,0
TXN00959,U00959,26,Male,4.61,2.46,0.07,2.29,7.36,172,43,6.0,Low,No,,0
TXN00960,U00960,20,Male,7.81,1.19,1.38,3.21,7.72,143,157,10.03,Low,No,Mild,0
TXN00961,U00961,28,Female,6.36,1.31,5.51,4.01,6.87,187,196,9.31,Low,No,Moderate,1
TXN00962,U00962,30,Other,3.2,5.73,3.43,4.09,6.07,339,200,6.11,Low,No,Severe,1
TXN00963,U00963,34,Other,7.85,4.87,5.18,0.77,4.68,180,201,9.04,High,Yes,Severe,1
TXN00964,U00964,19,Other,8.44,5.5,5.11,2.0,3.93,129,196,10.58,Medium,No,Severe,1
TXN00965,U00965,28,Other,3.87,1.74,3.64,1.72,6.45,241,195,6.44,High,No,Mild,0
TXN00966,U00966,30,Other,7.28,3.57,2.17,2.26,7.4,93,158,9.92,Medium,Yes,Mild,0
TXN00967,U00967,30,Female,5.3,0.68,4.21,5.82,6.54,198,128,6.01,High,No,Mild,0
TXN00968,U00968,28,Male,7.06,3.07,2.22,3.72,5.71,234,175,8.6,Low,No,Moderate,1
TXN00969,U00969,30,Male,11.29,1.22,4.03,5.17,3.34,145,119,14.27,High,No,Moderate,1
TXN00970,U00970,30,Male,7.95,2.44,2.47,5.45,4.15,287,157,10.03,High,No,Moderate,1
TXN00971,U00971,30,Other,7.45,3.05,4.9,2.97,7.06,135,167,8.67,High,No,Moderate,1
TXN00972,U00972,23,Other,9.15,1.04,3.92,2.8,4.78,138,227,9.72,Low,Yes,Moderate,1
TXN00973,U00973,31,Male,11.51,2.29,2.6,3.63,5.02,113,159,12.07,High,No,Moderate,1
TXN00974,U00974,32,Female,6.32,5.31,3.1,5.65,6.25,207,123,7.55,Low,Yes,Severe,1
TXN00975,U00975,25,Female,9.15,2.94,2.57,1.47,4.98,254,93,11.66,Medium,Yes,Moderate,1
TXN00976,U00976,20,Other,3.06,0.68,2.71,5.27,8.98,240,113,3.74,Medium,No,,0
TXN00977,U00977,35,Male,9.43,2.91,5.71,0.83,5.75,337,100,10.84,High,No,Severe,1
TXN00978,U00978,21,Female,4.31,1.94,3.3,4.64,5.0,63,108,5.84,Medium,Yes,,0
TXN00979,U00979,24,Female,5.38,2.32,3.57,3.02,6.89,247,102,7.77,Medium,No,Mild,0
TXN00980,U00980,32,Female,9.3,3.63,4.78,4.69,3.0,198,96,10.35,Medium,No,Severe,1
TXN00981,U00981,23,Other,8.11,2.18,5.25,4.2,3.0,331,122,8.98,Medium,No,Severe,1
TXN00982,U00982,25,Other,3.25,1.66,2.01,3.71,4.87,239,170,5.61,High,No,Mild,0
TXN00983,U00983,23,Female,11.75,4.04,3.95,3.26,5.26,186,189,13.87,High,No,Moderate,1
TXN00984,U00984,30,Female,3.13,5.71,3.77,2.2,3.11,196,245,5.58,Low,Yes,Severe,1
TXN00985,U00985,32,Other,8.12,4.01,2.45,4.6,5.79,326,224,10.87,High,Yes,Severe,1
TXN00986,U00986,19,Male,6.59,1.04,2.12,0.87,6.19,191,177,9.27,Low,No,Mild,0
TXN00987,U00987,26,Male,10.18,1.5,6.15,5.22,3.13,308,206,11.12,High,No,Severe,1
TXN00988,U00988,24,Male,9.6,5.55,6.02,1.23,3.46,178,148,10.71,High,No,Severe,1
TXN00989,U00989,35,Female,10.93,0.78,5.56,0.9,4.25,238,111,12.62,Low,Yes,Severe,1
TXN00990,U00990,18,Female,8.24,5.24,2.05,5.38,6.4,139,215,10.75,High,No,Moderate,1
TXN00991,U00991,31,Female,8.41,3.21,3.11,3.29,4.41,290,166,9.57,High,Yes,Severe,1
TXN00992,U00992,35,Male,7.53,3.94,2.05,4.66,3.72,91,146,10.26,High,No,Moderate,1
TXN00993,U00993,23,Male,3.59,2.88,1.22,5.59,6.49,183,152,6.15,Low,Yes,,0
TXN00994,U00994,27,Male,7.52,2.26,2.92,1.07,5.05,211,93,9.45,Low,No,Mild,0
TXN00995,U00995,30,Female,10.07,5.19,4.04,1.36,7.21,211,217,12.54,High,No,Moderate,1
TXN00996,U00996,33,Male,11.41,5.09,3.88,2.18,5.37,337,170,13.03,Medium,No,Severe,1
TXN00997,U00997,30,Female,3.5,2.75,3.38,1.27,5.76,125,44,6.05,Low,Yes,Mild,0
TXN00998,U00998,29,Male,3.21,2.85,1.53,3.57,7.83,224,70,5.25,Medium,No,,0
TXN00999,U00999,25,Female,4.44,4.48,5.37,3.76,7.18,101,164,6.66,High,No,Moderate,1
TXN01000,U01000,30,Other,3.53,0.81,2.17,3.46,5.67,127,68,5.21,High,Yes,Mild,0
TXN01001,U01001,31,Other,10.42,5.31,4.76,3.66,4.63,237,152,11.74,High,No,Severe,1
TXN01002,U01002,18,Female,4.26,4.73,5.08,4.35,6.23,308,157,7.02,Medium,Yes,Moderate,1
TXN01003,U01003,32,Female,5.05,2.49,1.6,5.84,4.87,209,45,5.9,High,No,Mild,0
TXN01004,U01004,33,Female,10.18,5.07,2.64,5.94,3.78,269,201,13.17,High,No,Severe,1
TXN01005,U01005,28,Male,8.71,4.54,3.86,5.86,6.41,226,105,11.21,Low,No,Moderate,1
TXN01006,U01006,31,Other,10.36,3.06,5.96,5.97,3.0,209,108,11.31,High,No,Severe,1
TXN01007,U01007,31,Other,11.0,2.71,2.78,3.93,4.65,92,122,12.31,Low,No,Moderate,1
TXN01008,U01008,28,Male,7.79,4.09,3.2,5.02,6.26,353,237,8.67,Low,Yes,Severe,1
TXN01009,U01009,21,Female,3.24,3.81,3.38,4.79,6.93,37,98,5.92,Low,Yes,,0
TXN01010,U01010,23,Other,6.82,1.99,5.35,1.69,4.5,125,177,7.63,Medium,Yes,Moderate,1
TXN01011,U01011,24,Male,6.42,2.96,2.4,1.63,5.41,263,71,7.15,Low,Yes,Mild,0
TXN01012,U01012,21,Other,11.47,4.57,3.83,5.97,3.97,178,113,13.97,Medium,No,Severe,1
TXN01013,U01013,21,Other,11.5,0.59,3.92,2.81,6.43,150,180,12.9,Medium,Yes,Severe,1
TXN01014,U01014,27,Male,5.06,4.36,4.2,4.96,6.84,94,135,7.38,Medium,Yes,Moderate,1
TXN01015,U01015,23,Other,8.08,1.2,3.02,4.32,5.53,140,242,10.59,High,No,Severe,1
TXN01016,U01016,31,Female,10.41,2.81,2.3,3.35,3.58,297,111,11.82,Low,Yes,Moderate,1
TXN01017,U01017,24,Female,5.75,3.94,3.64,1.96,5.94,220,21,7.08,Medium,Yes,,0
TXN01018,U01018,19,Female,7.86,4.69,5.29,1.43,3.0,214,147,8.59,Low,Yes,Severe,1
TXN01019,U01019,31,Other,10.71,3.45,2.94,3.82,4.97,204,211,12.38,Medium,Yes,Severe,1
TXN01020,U01020,35,Male,6.29,3.87,3.67,3.13,7.07,273,186,7.28,Low,Yes,Mild,0
TXN01021,U01021,20,Other,9.69,4.44,3.53,3.88,3.22,189,137,12.02,Medium,No,Severe,1
TXN01022,U01022,34,Male,7.65,5.93,2.67,5.45,4.38,185,102,9.6,Low,No,Moderate,1
TXN01023,U01023,23,Female,3.13,3.99,4.14,1.81,5.49,57,186,4.83,Medium,Yes,Mild,0
TXN01024,U01024,24,Female,7.08,1.95,3.36,4.6,5.85,221,151,8.42,Low,No,Moderate,1
TXN01025,U01025,35,Male,7.11,1.03,4.22,4.7,4.88,255,133,8.68,Low,Yes,Mild,0
TXN01026,U01026,32,Other,10.47,1.16,5.25,1.19,3.66,240,201,12.35,Low,Yes,Severe,1
TXN01027,U01027,24,Other,4.28,4.24,5.5,1.59,5.45,259,243,6.73,High,Yes,Severe,1
TXN01028,U01028,25,Male,9.24,5.98,3.07,1.37,5.16,287,252,11.89,Low,Yes,Severe,1
TXN01029,U01029,26,Male,3.44,5.83,3.2,2.64,5.25,197,186,5.11,Low,No,Moderate,1
TXN01030,U01030,26,Male,9.38,4.17,3.24,4.53,4.77,142,105,11.77,Low,Yes,Severe,1
TXN01031,U01031,25,Male,6.52,1.38,3.28,3.75,4.02,179,83,7.59,Medium,Yes,Moderate,1
TXN01032,U01032,22,Other,4.85,1.28,1.1,2.3,7.37,153,94,6.66,High,No,,0
TXN01033,U01033,32,Male,5.69,1.19,3.77,3.0,4.02,248,127,8.38,Low,No,Mild,0
TXN01034,U01034,32,Other,6.83,1.43,3.64,5.26,5.89,129,97,8.64,Low,No,Mild,0
TXN01035,U01035,33,Other,10.53,5.8,4.09,4.01,5.99,196,160,13.29,High,No,Severe,1
TXN01036,U01036,26,Other,11.85,0.96,2.0,4.93,3.99,216,121,13.83,High,No,Moderate,1
TXN01037,U01037,33,Male,8.05,5.11,3.1,3.35,7.06,187,75,10.05,High,Yes,Moderate,1
TXN01038,U01038,25,Female,6.25,4.2,5.22,2.82,4.67,280,75,7.62,Medium,No,Moderate,1
TXN01039,U01039,31,Female,9.02,0.64,4.67,0.63,6.36,150,164,11.82,Low,No,Severe,1
TXN01040,U01040,29,Other,6.17,5.81,3.51,4.81,3.56,303,252,7.33,Low,Yes,Severe,1
TXN01041,U01041,30,Male,9.78,4.8,3.09,3.25,3.0,215,247,11.63,Low,No,Severe,1
TXN01042,U01042,20,Male,8.76,2.22,3.59,1.52,4.62,157,189,10.14,Medium,No,Moderate,1
TXN01043,U01043,28,Male,3.14,1.54,1.24,3.28,7.39,95,158,4.99,Medium,Yes,,0
TXN01044,U01044,20,Other,9.4,5.53,4.25,5.19,3.56,177,201,10.78,Low,No,Moderate,1
TXN01045,U01045,27,Male,8.52,5.84,3.7,1.74,5.82,187,230,9.41,Medium,Yes,Severe,1
TXN01046,U01046,25,Other,5.21,1.74,3.39,1.69,3.76,117,45,7.85,Medium,No,Mild,0
TXN01047,U01047,35,Female,11.99,1.56,3.14,3.35,3.9,272,189,14.36,High,No,Severe,1
TXN01048,U01048,29,Male,6.28,5.59,2.54,3.47,3.25,267,99,7.58,High,Yes,Moderate,1
TXN01049,U01049,34,Other,9.38,3.44,2.82,5.04,3.13,214,255,12.32,Low,No,Severe,1
TXN01050,U01050,19,Female,7.14,2.91,3.96,0.86,7.38,95,208,8.76,High,Yes,Moderate,1
TXN01051,U01051,22,Female,3.57,2.45,3.82,2.02,5.63,249,22,5.85,Medium,No,,0
TXN01052,U01052,24,Other,8.96,2.2,4.39,2.18,3.95,294,195,11.83,Low,No,Moderate,1
TXN01053,U01053,19,Other,9.41,2.47,2.08,5.88,5.66,225,170,11.74,High,Yes,Moderate,1
TXN01054,U01054,23,Female,10.52,0.66,6.12,4.51,3.59,149,193,12.46,High,No,Severe,1
TXN01055,U01055,33,Male,4.25,2.39,1.18,2.45,6.88,280,104,6.0,Low,No,Mild,0
TXN01056,U01056,25,Male,6.16,4.06,2.73,2.98,3.0,190,95,8.86,Low,Yes,Severe,1
TXN01057,U01057,23,Other,3.02,5.92,1.65,2.3,4.28,294,210,4.93,Low,Yes,Moderate,1
TXN01058,U01058,33,Female,4.64,1.7,1.38,5.3,8.61,173,110,6.57,Medium,Yes,,0
TXN01059,U01059,18,Male,8.6,5.64,5.15,4.87,3.44,169,139,9.37,High,Yes,Moderate,1
TXN01060,U01060,33,Female,4.74,1.35,2.45,2.36,6.55,188,155,7.32,Medium,Yes,,0
TXN01061,U01061,25,Other,6.29,1.82,4.07,1.54,5.52,146,55,9.08,Medium,Yes,Mild,0
TXN01062,U01062,28,Female,11.21,3.6,4.41,3.37,6.31,254,116,12.42,Low,No,Moderate,1
TXN01063,U01063,31,Other,6.64,2.57,2.76,3.2,5.15,178,196,8.11,Medium,No,Mild,0
TXN01064,U01064,19,Female,4.69,0.99,3.57,4.61,7.07,64,179,5.97,Low,Yes,,0
TXN01065,U01065,30,Male,4.69,5.8,1.81,5.04,6.83,279,195,6.5,Low,No,Moderate,1
TXN01066,U01066,21,Female,7.12,1.52,1.69,2.26,6.91,181,92,9.05,High,Yes,Mild,0
TXN01067,U01067,24,Female,11.1,1.14,3.56,5.47,5.07,337,174,14.06,Medium,Yes,Severe,1
TXN01068,U01068,19,Other,4.4,3.79,2.49,1.92,8.65,194,161,6.68,High,No,,0
TXN01069,U01069,26,Other,6.68,0.56,4.09,2.57,7.49,103,164,7.81,Low,No,Mild,0
TXN01070,U01070,32,Other,4.16,4.29,1.88,1.13,3.62,292,190,4.83,High,No,Moderate,1
TXN01071,U01071,26,Male,11.6,4.43,4.38,2.07,4.19,309,210,12.75,Low,No,Moderate,1
TXN01072,U01072,35,Other,10.62,1.6,3.67,0.7,5.05,118,123,11.22,Medium,Yes,Moderate,1
TXN01073,U01073,20,Male,5.18,3.88,2.55,1.29,6.39,65,168,7.6,Low,Yes,Mild,0
TXN01074,U01074,18,Other,11.54,2.38,6.2,5.57,3.68,176,254,12.18,Medium,Yes,Severe,1
TXN01075,U01075,20,Male,5.03,3.95,1.34,4.47,4.61,132,32,7.64,High,No,,0
TXN01076,U01076,35,Male,11.68,0.81,4.34,2.75,5.3,248,108,13.99,Medium,No,Moderate,1
TXN01077,U01077,21,Male,9.16,0.53,1.61,0.82,4.64,235,95,11.8,High,Yes,Moderate,1
TXN01078,U01078,33,Other,11.43,4.05,3.53,3.89,4.12,316,150,13.64,High,No,Severe,1
TXN01079,U01079,32,Female,7.31,5.44,3.42,5.34,3.91,163,228,9.64,Medium,No,Moderate,1
TXN01080,U01080,18,Female,6.89,2.15,0.97,2.76,7.66,273,98,9.86,Low,No,Mild,0
TXN01081,U01081,31,Male,10.95,3.03,3.41,5.74,4.99,176,148,13.11,Low,Yes,Moderate,1
TXN01082,U01082,24,Male,8.12,5.71,5.32,4.81,3.74,243,230,10.78,Medium,No,Severe,1
TXN01083,U01083,30,Other,4.27,1.1,3.41,2.15,7.45,253,199,5.8,Low,Yes,Mild,0
TXN01084,U01084,23,Other,8.94,5.65,3.33,5.69,3.01,142,163,10.86,Low,No,Moderate,1
TXN01085,U01085,30,Other,8.18,4.9,2.2,2.24,4.01,279,98,10.59,Medium,No,Moderate,1
TXN01086,U01086,21,Male,10.08,0.97,1.63,5.24,3.14,308,88,11.36,Medium,Yes,Moderate,1
TXN01087,U01087,27,Other,10.57,2.5,5.24,3.71,6.63,211,151,12.83,Medium,No,Moderate,1
TXN01088,U01088,23,Male,11.11,1.34,3.26,3.43,5.68,130,208,12.99,Medium,No,Moderate,1
TXN01089,U01089,22,Other,11.18,1.03,2.56,5.34,4.23,247,133,13.6,High,No,Severe,1
TXN01090,U01090,23,Other,7.03,0.61,2.77,4.19,5.25,141,61,9.75,Low,Yes,Mild,0
TXN01091,U01091,27,Other,9.1,5.54,2.84,5.64,6.42,175,252,10.4,High,Yes,Severe,1
TXN01092,U01092,33,Female,3.14,5.4,4.07,1.43,5.93,174,221,4.34,High,Yes,Severe,1
TXN01093,U01093,23,Female,3.47,1.81,1.23,2.97,6.45,30,84,5.84,High,No,,0
TXN01094,U01094,35,Male,3.28,5.3,6.11,0.56,4.68,202,187,4.28,Medium,No,Severe,1
TXN01095,U01095,26,Female,9.27,2.35,4.81,5.19,6.43,194,152,10.1,Medium,No,Moderate,1
TXN01096,U01096,27,Male,5.4,5.52,5.28,0.97,5.9,171,195,8.14,Low,Yes,Moderate,1
TXN01097,U01097,20,Male,4.59,0.86,2.29,1.8,4.89,39,17,6.9,High,No,,0
TXN01098,U01098,32,Other,8.68,2.32,4.26,3.87,3.15,125,116,11.48,Low,Yes,Moderate,1
TXN01099,U01099,20,Other,3.03,4.85,3.33,0.77,3.0,207,250,4.85,Medium,Yes,Severe,1
TXN01100,U01100,23,Other,7.22,4.52,3.97,5.23,4.89,219,66,7.92,Low,No,Moderate,1
TXN01101,U01101,24,Other,9.3,4.37,2.7,1.53,3.55,183,131,10.79,High,No,Severe,1
TXN01102,U01102,27,Male,4.96,1.88,1.38,1.82,4.53,247,79,6.16,Low,Yes,,0
TXN01103,U01103,33,Other,6.1,4.53,4.88,5.0,3.0,320,204,6.63,High,Yes,Severe,1
TXN01104,U01104,29,Female,9.28,3.83,6.24,3.63,5.37,206,205,10.68,Medium,No,Severe,1
TXN01105,U01105,33,Female,5.82,6.0,3.16,3.73,3.0,215,194,7.48,Medium,No,Severe,1
TXN01106,U01106,32,Female,7.07,1.28,4.6,2.81,3.01,125,146,8.52,High,Yes,Moderate,1
TXN01107,U01107,18,Female,6.91,5.0,6.02,1.33,6.36,180,114,7.45,Medium,Yes,Severe,1
TXN01108,U01108,24,Female,3.2,2.66,2.01,5.75,6.17,113,88,4.92,High,No,Mild,0
TXN01109,U01109,23,Male,7.39,4.16,3.81,1.08,6.39,305,212,9.41,Low,Yes,Severe,1
TXN01110,U01110,31,Female,7.41,5.76,4.93,2.36,3.5,283,199,9.44,High,Yes,Severe,1
TXN01111,U01111,29,Female,10.26,5.25,3.08,5.84,3.18,204,159,11.8,Low,No,Moderate,1
TXN01112,U01112,33,Male,10.08,3.55,3.91,2.32,3.77,122,147,12.53,High,Yes,Moderate,1
TXN01113,U01113,33,Other,8.07,5.4,3.65,5.34,3.83,162,249,9.37,High,No,Severe,1
TXN01114,U01114,26,Female,3.6,2.64,1.57,4.73,6.9,148,55,5.28,Low,Yes,Mild,0
TXN01115,U01115,33,Female,8.06,4.81,5.43,3.17,4.31,316,202,9.06,High,Yes,Moderate,1
TXN01116,U01116,19,Male,9.62,1.57,5.6,2.05,5.66,233,92,10.87,Low,Yes,Severe,1
TXN01117,U01117,18,Female,8.86,4.69,2.71,3.06,6.19,162,204,10.92,High,Yes,Severe,1
TXN01118,U01118,21,Female,11.43,3.01,2.39,3.84,4.18,240,97,12.74,Low,Yes,Moderate,1
TXN01119,U01119,35,Other,7.29,1.28,4.13,2.56,3.81,166,205,8.6,Low,No,Mild,0
TXN01120,U01120,27,Male,5.92,4.66,1.76,3.31,6.15,272,98,7.66,Low,Yes,Moderate,1
TXN01121,U01121,34,Other,4.47,4.43,2.77,2.48,3.71,145,195,5.83,Low,No,Severe,1
TXN01122,U01122,19,Male,7.72,4.03,3.18,1.35,6.6,298,118,9.34,Low,No,Moderate,1
TXN01123,U01123,19,Other,8.8,3.57,1.81,5.14,3.91,100,75,9.85,Low,Yes,Moderate,1
TXN01124,U01124,28,Male,5.91,4.66,4.28,0.61,6.34,216,71,8.08,High,No,Moderate,1
TXN01125,U01125,24,Male,8.31,1.65,3.93,0.54,6.06,238,159,10.08,Low,No,Moderate,1
TXN01126,U01126,35,Male,3.07,3.95,3.29,1.96,5.38,154,80,5.66,High,No,Mild,0
TXN01127,U01127,28,Male,11.08,2.66,4.2,2.98,4.9,256,196,13.51,Low,Yes,Moderate,1
TXN01128,U01128,30,Female,10.24,4.59,5.9,1.6,4.67,316,166,12.82,High,Yes,Severe,1
TXN01129,U01129,32,Male,3.49,3.94,3.07,5.36,4.84,185,46,4.76,Low,Yes,Mild,0
TXN01130,U01130,33,Male,11.52,2.64,2.91,5.91,5.61,132,190,13.22,High,No,Moderate,1
TXN01131,U01131,21,Male,10.96,5.19,4.08,5.21,7.16,90,142,12.57,High,Yes,Moderate,1
TXN01132,U01132,29,Male,4.94,1.55,2.49,5.32,4.04,161,45,6.18,Low,Yes,Mild,0
TXN01133,U01133,26,Male,7.11,5.63,5.53,5.53,3.44,252,72,9.81,Medium,Yes,Moderate,1
TXN01134,U01134,20,Male,9.52,3.0,5.15,4.32,4.13,95,209,11.22,High,Yes,Moderate,1
TXN01135,U01135,30,Other,9.1,0.66,4.39,5.07,3.96,128,237,11.84,High,Yes,Severe,1
TXN01136,U01136,27,Other,9.47,1.61,3.47,4.19,6.43,173,150,11.69,Low,Yes,Severe,1
TXN01137,U01137,33,Other,10.13,4.44,5.37,2.08,3.0,219,206,12.68,High,Yes,Severe,1
TXN01138,U01138,29,Other,9.54,3.47,2.88,4.02,4.73,238,167,10.97,Medium,No,Moderate,1
TXN01139,U01139,33,Other,9.08,2.74,6.25,0.98,3.24,160,175,11.89,High,No,Severe,1
TXN01140,U01140,23,Male,11.01,2.39,5.27,5.9,3.55,177,203,13.09,High,Yes,Moderate,1
TXN01141,U01141,30,Other,3.74,2.8,0.45,3.26,4.69,46,162,4.25,High,Yes,,0
TXN01142,U01142,28,Male,7.4,2.29,4.15,2.55,7.92,188,140,8.45,Medium,No,Mild,0
TXN01143,U01143,32,Female,4.4,4.32,4.61,4.44,6.92,219,92,6.14,Low,No,Moderate,1
TXN01144,U01144,27,Female,10.43,3.48,1.99,4.98,3.01,97,140,11.23,Low,Yes,Moderate,1
TXN01145,U01145,32,Other,11.56,2.82,3.83,2.72,5.24,201,177,13.03,Low,No,Severe,1
TXN01146,U01146,33,Female,8.72,3.76,4.32,5.87,5.15,179,72,9.86,Medium,No,Moderate,1
TXN01147,U01147,29,Male,11.54,4.27,5.58,2.59,7.23,284,87,13.23,High,Yes,Moderate,1
TXN01148,U01148,21,Male,7.09,4.62,3.37,5.91,3.0,204,231,9.53,Medium,Yes,Severe,1
TXN01149,U01149,18,Female,9.15,3.76,4.3,0.66,5.18,107,193,10.1,Medium,No,Moderate,1
TXN01150,U01150,21,Male,9.28,3.2,5.21,2.11,3.63,164,218,10.61,Low,Yes,Moderate,1
TXN01151,U01151,33,Other,7.38,0.53,4.7,4.94,6.97,287,161,7.99,Low,Yes,Moderate,1
TXN01152,U01152,33,Female,5.06,2.95,3.6,5.51,4.16,90,73,7.41,High,Yes,Mild,0
TXN01153,U01153,29,Other,10.15,2.86,5.23,5.44,3.76,264,117,11.7,Low,No,Severe,1
TXN01154,U01154,31,Male,3.6,0.98,3.51,4.16,6.64,149,77,6.37,Low,Yes,,0
TXN01155,U01155,20,Male,8.13,4.16,4.18,5.98,3.78,192,212,8.8,High,Yes,Severe,1
TXN01156,U01156,35,Other,3.36,1.61,2.0,4.61,5.46,150,55,5.14,Low,Yes,Mild,0
TXN01157,U01157,34,Male,3.08,5.34,2.95,5.56,5.97,330,144,4.05,Medium,No,Severe,1
TXN01158,U01158,21,Other,4.55,3.54,3.31,5.22,4.02,225,72,7.19,Low,Yes,Mild,0
TXN01159,U01159,20,Female,8.1,1.86,5.41,5.12,3.73,182,157,9.62,Medium,Yes,Severe,1
TXN01160,U01160,18,Male,4.73,4.5,3.09,2.97,6.66,147,97,6.43,High,No,Moderate,1
TXN01161,U01161,34,Female,5.59,4.75,4.13,0.67,3.0,146,127,8.02,Low,No,Severe,1
TXN01162,U01162,26,Other,7.18,4.94,6.07,2.17,4.51,208,168,9.82,Medium,No,Severe,1
TXN01163,U01163,35,Other,11.31,3.83,5.04,3.66,4.21,148,215,14.25,High,Yes,Severe,1
TXN01164,U01164,26,Female,11.41,5.31,3.98,1.75,7.07,172,126,13.33,Medium,No,Moderate,1
TXN01165,U01165,34,Other,9.08,2.03,3.99,4.18,3.75,246,100,11.59,High,No,Moderate,1
TXN01166,U01166,29,Other,9.41,3.54,2.42,3.04,5.24,120,139,11.51,Low,No,Moderate,1
TXN01167,U01167,33,Female,6.37,2.65,3.67,5.63,5.77,142,77,7.51,Low,No,Mild,0
TXN01168,U01168,35,Female,11.85,0.52,2.36,5.64,7.08,206,205,13.81,Medium,No,Moderate,1
TXN01169,U01169,19,Male,11.83,3.95,3.56,1.09,4.87,170,95,12.68,Low,No,Moderate,1
TXN01170,U01170,20,Male,5.5,3.52,1.07,4.81,8.67,195,123,6.51,High,Yes,,0
TXN01171,U01171,28,Male,11.79,4.46,2.74,1.82,3.89,244,211,14.17,High,No,Moderate,1
TXN01172,U01172,18,Female,7.98,2.24,2.48,4.93,6.61,142,203,10.02,Low,Yes,Moderate,1
TXN01173,U01173,21,Female,3.86,5.15,3.28,3.03,3.0,169,146,5.06,Low,Yes,Severe,1
TXN01174,U01174,30,Male,7.02,1.78,4.99,2.75,4.9,128,163,9.65,Medium,Yes,Moderate,1
TXN01175,U01175,33,Other,6.93,5.31,2.97,0.61,5.18,189,178,8.95,Medium,Yes,Moderate,1
TXN01176,U01176,30,Other,4.52,2.72,0.87,2.44,5.73,203,89,7.27,Medium,No,,0
TXN01177,U01177,25,Male,8.81,0.86,5.25,0.62,4.67,217,187,9.36,Medium,No,Severe,1
TXN01178,U01178,31,Female,5.29,1.76,1.47,5.98,6.65,63,71,7.92,High,Yes,,0
TXN01179,U01179,29,Male,3.43,1.76,3.63,1.37,6.47,196,52,4.56,High,No,Mild,0
TXN01180,U01180,27,Female,4.27,2.9,3.48,1.52,6.34,62,148,4.94,Low,Yes,,0
TXN01181,U01181,35,Other,7.23,2.83,1.47,0.59,8.03,209,59,7.9,Low,No,Mild,0
TXN01182,U01182,21,Other,10.01,3.54,3.88,1.48,4.5,172,152,12.48,Medium,Yes,Severe,1
TXN01183,U01183,18,Female,7.51,5.42,3.98,1.42,4.21,341,123,8.61,High,No,Severe,1
TXN01184,U01184,25,Female,7.09,4.41,5.25,1.39,4.83,135,107,10.05,Low,Yes,Severe,1
TXN01185,U01185,34,Female,10.19,4.23,3.98,3.48,3.92,259,209,13.1,High,No,Severe,1
TXN01186,U01186,34,Female,11.43,1.42,5.83,1.19,3.0,143,243,14.42,Medium,Yes,Severe,1
TXN01187,U01187,30,Female,5.7,0.63,2.75,4.63,4.67,253,203,8.08,Medium,Yes,Mild,0
TXN01188,U01188,25,Female,4.28,5.45,5.21,1.89,4.7,272,184,5.71,Low,No,Moderate,1
TXN01189,U01189,19,Other,5.21,1.3,2.56,1.06,6.18,109,134,7.98,High,No,,0
TXN01190,U01190,27,Male,6.19,3.32,2.71,5.64,7.61,177,57,7.57,Low,No,Mild,0
TXN01191,U01191,21,Female,4.31,4.41,3.48,0.64,3.08,258,185,4.87,Medium,No,Severe,1
TXN01192,U01192,28,Female,5.56,0.78,2.07,1.18,6.47,144,125,7.97,Low,Yes,,0
TXN01193,U01193,28,Male,8.95,2.92,4.49,1.97,3.54,140,88,10.99,Medium,No,Moderate,1
TXN01194,U01194,19,Male,5.73,5.74,2.38,3.63,4.78,301,103,7.3,High,No,Moderate,1
TXN01195,U01195,20,Other,4.47,0.71,3.71,4.83,4.69,97,166,5.26,High,No,Mild,0
TXN01196,U01196,29,Other,10.66,5.76,3.43,3.57,6.1,333,174,12.74,Medium,Yes,Severe,1
TXN01197,U01197,25,Male,5.04,0.62,2.73,2.3,5.99,182,143,5.67,High,No,Mild,0
TXN01198,U01198,22,Other,8.0,5.14,3.28,5.76,4.19,164,115,10.24,High,No,Severe,1
TXN01199,U01199,30,Female,6.77,2.32,1.92,1.39,5.07,259,81,9.21,Low,No,Moderate,1
TXN01200,U01200,22,Female,6.73,5.88,3.74,2.54,3.49,249,215,9.55,Medium,Yes,Severe,1
TXN01201,U01201,25,Other,5.58,3.86,0.66,1.38,5.97,116,36,6.33,Low,Yes,,0
TXN01202,U01202,31,Female,7.43,1.01,5.48,4.94,5.82,103,65,9.11,Low,Yes,Moderate,1
TXN01203,U01203,29,Male,8.99,0.98,2.26,2.2,3.35,239,86,11.96,High,Yes,Moderate,1
TXN01204,U01204,30,Male,10.42,3.2,3.47,2.1,5.87,143,246,11.63,Low,No,Severe,1
TXN01205,U01205,34,Female,3.87,3.84,3.56,0.68,7.53,225,81,6.11,Medium,No,Mild,0
TXN01206,U01206,30,Male,6.76,5.62,4.78,5.16,5.9,143,126,8.41,High,Yes,Moderate,1
TXN01207,U01207,19,Other,8.29,1.15,2.03,2.97,3.57,108,137,10.72,High,No,Moderate,1
TXN01208,U01208,33,Female,6.92,1.17,3.38,5.68,6.18,205,117,9.76,Low,No,Mild,0
TXN01209,U01209,23,Female,6.52,2.4,1.8,5.13,6.52,189,112,9.05,Medium,No,Moderate,1
TXN01210,U01210,22,Female,10.34,4.6,4.43,4.12,7.21,282,210,13.01,Low,Yes,Moderate,1
TXN01211,U01211,31,Female,3.84,5.32,2.94,0.73,3.53,221,219,5.58,Medium,Yes,Moderate,1
TXN01212,U01212,19,Male,9.94,3.97,4.45,4.9,4.58,90,91,11.65,High,Yes,Moderate,1
TXN01213,U01213,28,Other,9.12,5.22,5.38,2.0,3.86,260,241,11.15,High,Yes,Severe,1
TXN01214,U01214,19,Female,7.09,4.46,4.59,3.46,5.5,136,162,8.42,Medium,Yes,Severe,1
TXN01215,U01215,32,Other,11.23,3.85,2.52,2.23,5.56,205,132,12.48,High,Yes,Moderate,1
TXN01216,U01216,26,Other,6.55,0.52,2.52,1.72,6.6,151,166,7.06,Low,Yes,Moderate,1
TXN01217,U01217,35,Other,11.46,0.59,5.87,4.53,5.55,326,168,13.88,High,Yes,Severe,1
TXN01218,U01218,24,Other,7.81,3.54,3.92,5.2,7.87,154,183,10.12,Low,Yes,Mild,0
TXN01219,U01219,31,Male,3.72,4.06,6.19,0.61,3.0,316,156,4.64,Medium,No,Severe,1
TXN01220,U01220,31,Male,4.84,1.4,0.39,5.62,5.89,158,155,6.94,Low,Yes,,0
TXN01221,U01221,25,Female,3.59,4.74,4.63,1.99,3.71,285,180,4.93,High,No,Moderate,1
TXN01222,U01222,26,Male,10.07,2.46,1.97,1.47,6.53,229,129,12.38,High,Yes,Moderate,1
TXN01223,U01223,22,Male,6.08,3.37,4.36,1.57,7.36,283,226,7.46,Medium,No,Moderate,1
TXN01224,U01224,34,Other,9.98,2.71,3.07,3.92,4.28,275,107,12.92,High,Yes,Severe,1
TXN01225,U01225,32,Female,6.49,4.03,3.2,0.73,4.14,125,236,7.88,High,No,Severe,1
TXN01226,U01226,18,Male,11.73,5.24,2.74,5.14,4.78,268,119,13.71,Medium,No,Severe,1
TXN01227,U01227,19,Female,10.08,4.01,3.38,3.45,4.02,134,117,10.72,Medium,Yes,Severe,1
TXN01228,U01228,22,Female,5.53,5.17,5.53,5.86,4.54,217,143,7.88,Medium,Yes,Moderate,1
TXN01229,U01229,28,Male,4.66,1.01,1.35,3.39,6.4,80,132,5.44,Medium,No,Mild,0
TXN01230,U01230,23,Male,8.19,3.7,2.72,0.77,3.5,319,230,10.58,Low,No,Severe,1
TXN01231,U01231,30,Female,9.77,0.72,5.28,2.81,5.86,158,78,10.61,Low,Yes,Moderate,1
TXN01232,U01232,19,Other,7.22,2.49,2.97,1.95,6.36,198,103,7.93,Low,Yes,Mild,0
TXN01233,U01233,18,Other,7.23,4.51,2.91,4.56,5.8,299,220,8.33,Medium,Yes,Severe,1
TXN01234,U01234,24,Other,7.43,1.81,3.32,3.87,4.65,301,200,8.66,Low,No,Moderate,1
TXN01235,U01235,27,Other,5.42,3.89,3.56,4.39,5.65,174,142,5.92,Low,No,,0
TXN01236,U01236,26,Other,9.22,3.67,4.86,3.69,7.25,153,98,11.5,Low,Yes,Moderate,1
TXN01237,U01237,20,Male,9.16,1.23,3.27,5.78,4.69,291,143,11.45,High,Yes,Severe,1
TXN01238,U01238,28,Other,4.86,1.29,3.7,4.82,7.61,138,145,6.31,High,No,Mild,0
TXN01239,U01239,24,Female,10.72,1.3,3.16,1.53,5.9,259,127,12.44,Medium,No,Moderate,1
TXN01240,U01240,18,Female,6.9,1.37,3.93,5.09,7.07,189,114,7.91,Low,No,Mild,0
TXN01241,U01241,26,Other,4.59,4.73,3.49,4.69,3.19,206,154,5.85,Low,No,Moderate,1
TXN01242,U01242,26,Male,10.56,5.8,3.48,3.14,4.07,159,94,13.01,High,No,Severe,1
TXN01243,U01243,35,Male,7.59,5.64,2.84,4.47,4.45,301,115,8.77,High,No,Severe,1
TXN01244,U01244,20,Other,8.1,5.37,3.36,2.06,5.74,318,232,10.74,High,Yes,Severe,1
TXN01245,U01245,18,Other,4.34,0.61,3.87,4.73,5.59,142,40,6.04,Low,Yes,Mild,0
TXN01246,U01246,31,Other,5.26,4.93,4.74,3.96,5.11,279,234,7.17,Low,No,Severe,1
TXN01247,U01247,24,Male,11.01,2.29,5.03,2.46,6.32,226,150,12.74,Medium,Yes,Moderate,1
TXN01248,U01248,22,Male,5.08,5.27,2.42,2.77,7.38,108,91,7.28,High,No,Moderate,1
TXN01249,U01249,24,Female,4.97,1.03,1.03,5.55,6.34,91,179,6.94,Medium,Yes,,0
TXN01250,U01250,25,Other,8.51,1.01,2.6,3.79,6.26,284,126,9.12,High,No,Moderate,1
TXN01251,U01251,18,Female,11.34,3.19,5.57,4.88,6.89,115,87,13.1,Low,No,Moderate,1
TXN01252,U01252,29,Male,11.41,4.64,3.83,1.4,6.23,250,211,11.96,Medium,Yes,Moderate,1
TXN01253,U01253,25,Male,9.64,4.53,2.38,1.65,3.5,207,80,11.79,Low,Yes,Moderate,1
TXN01254,U01254,24,Male,6.3,4.66,5.44,5.09,4.04,301,106,8.88,Low,No,Severe,1
TXN01255,U01255,23,Female,6.37,3.43,3.54,5.41,4.19,250,80,7.4,Low,No,Mild,0
TXN01256,U01256,25,Male,9.3,1.41,5.25,4.43,6.08,260,241,12.05,High,No,Severe,1
TXN01257,U01257,35,Male,8.94,1.69,3.4,1.45,6.67,203,136,10.23,High,Yes,Moderate,1
TXN01258,U01258,30,Female,5.66,4.75,4.26,1.0,4.72,328,122,8.41,Low,Yes,Severe,1
TXN01259,U01259,22,Other,3.48,1.49,3.5,4.89,5.58,32,145,6.13,High,Yes,,0
TXN01260,U01260,35,Male,3.75,3.39,0.37,1.94,6.97,231,60,4.36,Medium,Yes,,0
TXN01261,U01261,20,Male,7.66,3.94,1.89,4.47,5.36,278,147,9.31,High,No,Moderate,1
TXN01262,U01262,19,Other,9.89,4.79,4.7,4.3,6.78,275,72,10.6,Low,Yes,Moderate,1
TXN01263,U01263,24,Female,7.33,4.93,3.36,5.42,5.81,104,226,9.7,High,Yes,Moderate,1
TXN01264,U01264,28,Female,6.41,1.13,5.26,4.05,6.29,156,105,7.12,Low,No,Moderate,1
TXN01265,U01265,34,Female,11.19,0.92,3.1,4.7,4.36,326,100,12.48,Medium,Yes,Severe,1
TXN01266,U01266,18,Female,3.4,0.77,2.65,5.37,6.2,182,102,4.12,High,No,,0
TXN01267,U01267,30,Other,8.07,1.8,2.2,1.98,3.93,172,159,10.22,Medium,No,Moderate,1
TXN01268,U01268,30,Male,9.57,3.54,2.56,3.08,3.93,186,195,11.58,High,No,Severe,1
TXN01269,U01269,34,Other,4.66,0.85,1.87,0.76,4.25,155,104,7.25,Low,Yes,Mild,0
TXN01270,U01270,26,Female,11.66,4.04,3.79,3.11,6.86,153,197,12.64,High,Yes,Moderate,1
TXN01271,U01271,26,Female,5.18,4.2,2.97,2.7,5.15,310,133,6.98,High,No,Severe,1
TXN01272,U01272,23,Male,3.19,5.34,5.43,1.22,5.35,341,225,4.77,Low,No,Severe,1
TXN01273,U01273,32,Male,10.86,5.02,3.57,5.9,3.85,215,185,13.25,Low,Yes,Severe,1
TXN01274,U01274,29,Female,6.06,4.26,3.58,5.78,6.2,130,111,7.73,Medium,No,Severe,1
TXN01275,U01275,34,Female,8.18,4.98,4.42,5.55,5.57,312,117,9.6,High,Yes,Severe,1
TXN01276,U01276,22,Male,7.19,5.07,1.85,4.29,3.07,265,228,7.83,Medium,Yes,Moderate,1
TXN01277,U01277,24,Male,11.73,5.03,2.38,3.39,5.54,316,96,13.22,Low,Yes,Moderate,1
TXN01278,U01278,21,Female,9.4,3.0,3.47,5.33,3.46,102,220,12.34,Low,Yes,Moderate,1
TXN01279,U01279,24,Female,4.21,4.04,6.4,0.72,3.93,133,109,7.1,High,No,Severe,1
TXN01280,U01280,21,Male,7.16,3.25,2.43,3.54,7.59,283,42,7.69,Low,Yes,Mild,0
TXN01281,U01281,21,Female,6.01,2.78,3.8,5.11,5.26,93,127,8.23,Medium,No,Moderate,1
TXN01282,U01282,27,Male,10.41,3.78,6.24,5.49,6.23,350,248,12.61,Medium,No,Severe,1
TXN01283,U01283,19,Female,3.69,3.82,3.23,5.29,7.38,167,88,4.46,Medium,Yes,,0
TXN01284,U01284,34,Male,7.3,5.11,3.95,4.66,4.73,133,105,10.15,High,Yes,Moderate,1
TXN01285,U01285,32,Female,5.48,2.36,0.31,1.9,4.66,210,90,6.31,High,No,,0
TXN01286,U01286,18,Female,10.0,2.36,3.57,2.68,4.86,292,76,11.8,Low,Yes,Moderate,1
TXN01287,U01287,18,Female,11.45,5.69,5.1,0.8,6.88,182,164,12.94,High,Yes,Moderate,1
TXN01288,U01288,22,Female,9.16,0.9,5.36,1.67,7.19,286,120,10.3,Medium,No,Moderate,1
TXN01289,U01289,34,Female,7.95,2.9,2.04,3.95,5.08,285,208,10.06,Low,Yes,Moderate,1
TXN01290,U01290,19,Female,4.04,2.17,2.22,4.87,8.93,219,64,5.4,Low,No,,0
TXN01291,U01291,19,Other,4.91,4.05,4.86,1.18,3.0,219,205,7.14,Low,Yes,Severe,1
TXN01292,U01292,20,Other,10.23,2.07,3.13,0.59,6.58,190,239,12.75,Medium,No,Severe,1
TXN01293,U01293,27,Other,10.47,4.03,4.64,4.6,5.94,284,181,11.19,High,No,Moderate,1
TXN01294,U01294,29,Male,8.21,4.0,3.88,1.31,5.44,165,70,10.64,Medium,Yes,Moderate,1
TXN01295,U01295,21,Other,4.66,4.79,4.88,2.12,3.54,200,168,6.57,Low,No,Moderate,1
TXN01296,U01296,33,Other,4.4,4.02,3.43,2.8,6.91,254,178,5.33,Low,No,Moderate,1
TXN01297,U01297,25,Male,5.93,4.14,6.03,4.08,6.14,258,125,8.07,High,Yes,Severe,1
TXN01298,U01298,29,Other,11.64,5.38,2.87,1.28,5.23,281,201,12.99,High,Yes,Severe,1
TXN01299,U01299,29,Male,7.9,1.31,3.44,1.01,6.18,201,136,9.26,High,Yes,Mild,0
TXN01300,U01300,35,Male,7.34,2.84,4.29,4.27,3.56,138,200,8.62,Medium,Yes,Moderate,1
TXN01301,U01301,26,Male,6.59,1.32,3.95,4.75,6.72,159,225,9.34,Low,Yes,Moderate,1
TXN01302,U01302,18,Male,3.06,5.19,3.34,2.65,6.88,106,79,3.85,Medium,Yes,Moderate,1
TXN01303,U01303,24,Female,10.33,2.34,5.48,5.2,3.12,106,161,12.15,High,No,Moderate,1
TXN01304,U01304,20,Male,10.72,2.27,3.41,4.76,6.78,223,115,13.4,Medium,No,Moderate,1
TXN01305,U01305,29,Other,4.98,2.04,0.07,3.22,6.49,92,115,5.89,High,No,,0
TXN01306,U01306,30,Male,9.87,2.76,2.92,1.25,3.0,329,113,12.23,Medium,No,Severe,1
TXN01307,U01307,23,Female,8.09,5.63,1.87,4.78,3.0,224,201,9.25,Low,Yes,Moderate,1
TXN01308,U01308,25,Other,3.8,1.23,4.53,2.47,7.89,106,128,6.59,Medium,Yes,Mild,0
TXN01309,U01309,20,Female,7.18,1.63,4.78,5.49,6.75,75,194,8.09,Medium,Yes,Mild,0
TXN01310,U01310,25,Other,10.43,5.89,2.87,3.07,5.36,178,161,11.23,Low,No,Moderate,1
TXN01311,U01311,35,Male,5.67,1.96,0.2,5.79,8.39,102,27,6.52,Medium,No,,0
TXN01312,U01312,31,Other,5.48,5.97,3.35,1.63,3.23,151,191,7.16,Low,Yes,Severe,1
TXN01313,U01313,33,Other,9.01,1.44,2.35,0.58,3.63,113,190,11.75,High,Yes,Moderate,1
TXN01314,U01314,24,Female,5.35,5.62,3.28,3.65,4.43,302,190,7.81,High,No,Moderate,1
TXN01315,U01315,25,Other,10.87,3.47,5.91,5.16,3.0,299,171,12.39,Medium,Yes,Severe,1
TXN01316,U01316,18,Male,7.44,4.37,4.58,4.0,3.91,155,206,9.14,Low,No,Severe,1
TXN01317,U01317,30,Male,7.66,4.94,5.04,0.59,6.34,186,203,8.52,High,Yes,Moderate,1
TXN01318,U01318,29,Female,5.95,1.38,4.77,4.23,6.67,58,125,7.8,Medium,Yes,Mild,0
TXN01319,U01319,22,Male,9.59,3.38,5.48,1.46,6.52,160,173,11.51,Medium,Yes,Severe,1
TXN01320,U01320,31,Other,8.61,3.48,5.53,5.27,6.39,157,99,11.24,Low,Yes,Severe,1
TXN01321,U01321,26,Female,7.57,2.11,1.32,5.35,5.22,243,196,9.35,High,Yes,Mild,0
TXN01322,U01322,29,Female,7.07,3.5,3.43,4.96,7.01,267,177,7.8,Low,Yes,Moderate,1
TXN01323,U01323,30,Female,7.3,3.47,5.49,1.53,7.1,205,135,8.75,Low,Yes,Moderate,1
TXN01324,U01324,35,Female,7.43,3.48,4.23,3.66,5.66,182,79,10.02,Low,No,Mild,0
TXN01325,U01325,19,Male,10.11,3.43,5.13,0.5,5.0,299,250,12.59,Medium,Yes,Severe,1
TXN01326,U01326,29,Other,9.8,2.65,4.51,2.33,4.95,99,72,11.98,Low,No,Moderate,1
TXN01327,U01327,28,Other,10.67,1.98,2.33,3.38,4.97,190,115,11.52,High,No,Moderate,1
TXN01328,U01328,25,Female,8.71,1.23,4.53,3.67,3.31,225,146,11.38,Low,Yes,Severe,1
TXN01329,U01329,23,Other,5.35,4.26,5.26,1.53,6.33,274,188,6.29,Medium,No,Moderate,1
TXN01330,U01330,23,Female,6.63,3.74,5.07,1.72,5.28,290,159,7.39,High,Yes,Moderate,1
TXN01331,U01331,29,Female,3.23,4.05,4.48,5.76,6.37,268,173,3.77,Medium,No,Severe,1
TXN01332,U01332,25,Male,3.07,2.19,3.29,5.33,7.72,266,187,3.76,Low,No,Mild,0
TXN01333,U01333,19,Female,4.79,5.08,3.73,1.8,5.67,147,183,5.82,Medium,Yes,Severe,1
TXN01334,U01334,32,Female,3.97,5.05,2.41,1.69,3.68,248,119,6.51,Medium,Yes,Moderate,1
TXN01335,U01335,32,Female,10.66,0.75,5.44,1.96,6.71,268,229,13.17,Medium,Yes,Moderate,1
TXN01336,U01336,23,Male,7.11,3.89,5.39,1.17,5.56,211,208,7.76,High,Yes,Moderate,1
TXN01337,U01337,26,Male,6.25,1.79,3.66,3.57,6.35,192,106,8.98,Medium,No,Moderate,1
TXN01338,U01338,28,Other,10.78,3.71,4.06,4.65,4.53,196,166,13.44,Low,No,Severe,1
TXN01339,U01339,28,Other,11.85,5.41,2.72,3.98,6.2,198,158,14.34,Medium,No,Moderate,1
TXN01340,U01340,22,Male,5.74,3.88,0.47,0.96,7.62,105,21,6.58,Low,Yes,,0
TXN01341,U01341,27,Male,6.35,1.76,4.19,1.78,7.21,123,229,9.04,Low,No,Moderate,1
TXN01342,U01342,24,Other,3.05,2.37,0.94,1.62,6.55,197,86,5.25,Medium,No,Mild,0
TXN01343,U01343,34,Other,8.55,2.62,4.88,4.44,3.0,342,146,10.11,High,No,Severe,1
TXN01344,U01344,31,Other,4.35,0.54,1.47,3.33,7.82,62,109,5.57,Low,Yes,,0
TXN01345,U01345,35,Other,10.27,1.08,2.93,5.1,3.0,280,126,12.97,High,Yes,Severe,1
TXN01346,U01346,20,Male,3.53,4.56,5.94,3.36,3.97,250,130,4.54,High,No,Severe,1
TXN01347,U01347,35,Female,4.49,3.09,2.87,0.98,5.75,256,86,7.24,Medium,No,Mild,0
TXN01348,U01348,29,Other,8.06,1.96,2.94,1.35,4.67,133,173,8.92,Low,No,Severe,1
TXN01349,U01349,35,Male,5.17,1.06,0.21,5.28,7.73,50,180,6.84,Low,No,,0
TXN01350,U01350,32,Other,10.08,4.51,5.3,4.1,7.25,304,72,11.39,Low,Yes,Moderate,1
TXN01351,U01351,31,Male,10.93,5.75,4.53,4.9,5.86,239,84,13.03,Low,Yes,Moderate,1
TXN01352,U01352,28,Male,8.88,4.36,3.38,3.68,6.13,177,171,10.77,Medium,No,Severe,1
TXN01353,U01353,33,Female,9.52,3.05,5.37,3.21,3.0,225,164,10.64,Low,No,Severe,1
TXN01354,U01354,33,Male,8.5,4.49,3.12,2.96,5.81,345,239,10.1,Low,Yes,Severe,1
TXN01355,U01355,23,Other,3.5,1.86,3.6,3.08,6.87,147,43,4.54,High,No,,0
TXN01356,U01356,35,Male,11.51,3.35,2.12,0.65,5.94,115,99,13.99,Medium,Yes,Moderate,1
TXN01357,U01357,19,Other,10.95,1.96,4.62,3.84,6.33,351,209,12.75,High,No,Severe,1
TXN01358,U01358,24,Male,9.24,4.47,5.11,4.17,4.51,150,228,11.08,Low,Yes,Moderate,1
TXN01359,U01359,26,Male,11.8,1.8,3.95,0.95,4.68,328,236,13.1,Medium,Yes,Severe,1
TXN01360,U01360,24,Male,10.85,3.64,5.31,1.01,6.41,254,212,11.77,High,No,Moderate,1
TXN01361,U01361,27,Male,4.79,2.02,4.27,3.31,3.96,265,90,7.57,High,No,Mild,0
TXN01362,U01362,24,Male,9.18,3.25,4.03,1.13,4.69,252,103,11.51,Low,Yes,Moderate,1
TXN01363,U01363,32,Male,6.69,4.64,2.16,1.13,6.37,262,87,7.48,Medium,No,Moderate,1
TXN01364,U01364,23,Male,3.38,3.9,0.13,1.25,6.04,210,150,5.78,Low,Yes,,0
TXN01365,U01365,27,Male,8.15,2.87,3.75,3.45,5.07,241,167,10.59,Low,Yes,Severe,1
TXN01366,U01366,21,Other,3.81,0.62,2.23,2.67,6.86,106,17,5.75,Medium,Yes,,0
TXN01367,U01367,27,Other,6.38,0.59,4.09,1.57,7.51,144,137,8.98,Low,Yes,Mild,0
TXN01368,U01368,29,Other,4.15,4.32,4.39,0.59,3.0,241,120,5.0,Low,No,Severe,1
TXN01369,U01369,28,Female,7.86,2.63,3.85,1.22,7.51,121,59,10.58,Low,Yes,Mild,0
TXN01370,U01370,19,Female,6.8,2.49,1.45,1.77,5.93,70,82,8.8,Low,No,Mild,0
TXN01371,U01371,31,Male,10.76,0.62,2.51,1.2,4.17,256,92,12.12,Medium,Yes,Moderate,1
TXN01372,U01372,27,Female,3.29,0.82,0.87,2.5,7.77,182,184,6.08,High,No,Mild,0
TXN01373,U01373,27,Male,8.61,2.54,4.76,4.78,3.67,197,198,11.22,Low,No,Severe,1
TXN01374,U01374,22,Male,10.53,1.88,3.34,1.11,5.4,286,95,13.02,High,Yes,Moderate,1
TXN01375,U01375,18,Other,10.25,4.55,3.25,1.76,4.92,160,88,11.97,Medium,Yes,Moderate,1
TXN01376,U01376,21,Male,10.31,4.19,4.19,1.31,3.0,309,117,13.25,High,Yes,Severe,1
TXN01377,U01377,24,Female,7.58,2.75,2.01,0.8,6.11,175,85,10.5,Medium,No,Moderate,1
TXN01378,U01378,27,Female,4.8,2.7,1.26,1.58,3.78,166,86,6.17,High,No,Mild,0
TXN01379,U01379,31,Female,8.37,3.23,3.22,3.59,3.6,296,141,10.39,Low,No,Severe,1
TXN01380,U01380,30,Female,6.93,1.32,3.01,0.85,3.98,125,186,7.48,Low,No,Moderate,1
TXN01381,U01381,31,Female,3.9,5.81,4.11,0.64,3.21,119,77,5.52,Medium,No,Moderate,1
TXN01382,U01382,19,Female,3.18,4.1,3.94,3.49,7.14,107,209,5.57,High,No,Moderate,1
TXN01383,U01383,25,Female,9.01,4.39,3.67,1.45,3.25,280,218,9.6,High,No,Severe,1
TXN01384,U01384,34,Female,11.91,4.01,4.19,1.59,5.56,265,95,14.44,Medium,No,Moderate,1
TXN01385,U01385,30,Male,11.6,1.32,4.34,5.74,4.28,271,158,12.72,Low,No,Severe,1
TXN01386,U01386,24,Male,9.63,5.82,5.08,3.77,4.72,154,246,11.25,Low,Yes,Severe,1
TXN01387,U01387,31,Male,10.63,5.76,2.96,1.68,3.0,242,228,13.24,Low,Yes,Severe,1
TXN01388,U01388,23,Other,8.95,4.13,4.92,4.13,3.27,342,229,11.81,Low,Yes,Severe,1
TXN01389,U01389,34,Male,8.36,5.37,4.72,2.97,3.56,118,86,11.3,Low,No,Moderate,1
TXN01390,U01390,35,Other,11.35,5.42,3.62,1.26,5.51,240,181,13.15,High,Yes,Severe,1
TXN01391,U01391,29,Male,6.94,0.56,1.49,4.97,4.87,66,147,8.63,Medium,Yes,Mild,0
TXN01392,U01392,30,Other,8.07,2.15,3.21,4.71,5.91,130,195,10.8,High,No,Moderate,1
TXN01393,U01393,31,Other,8.04,3.28,3.45,4.64,5.5,261,187,10.2,Low,No,Moderate,1
TXN01394,U01394,29,Female,5.06,1.15,3.62,0.99,7.11,48,105,6.63,Medium,Yes,,0
TXN01395,U01395,27,Female,9.07,4.95,3.81,1.73,6.15,180,92,11.52,Medium,No,Moderate,1
TXN01396,U01396,19,Female,10.96,5.59,4.41,2.06,5.64,188,204,12.08,Medium,No,Moderate,1
TXN01397,U01397,32,Female,7.61,1.33,3.38,1.34,4.42,188,101,8.51,Medium,Yes,Moderate,1
TXN01398,U01398,35,Female,7.92,0.5,4.67,5.78,7.2,123,176,9.42,High,Yes,Mild,0
TXN01399,U01399,22,Female,11.87,2.67,2.21,5.93,5.27,244,212,12.54,Low,Yes,Moderate,1
TXN01400,U01400,20,Male,4.93,5.06,4.75,4.66,5.36,216,243,7.03,Low,Yes,Severe,1
TXN01401,U01401,25,Female,4.92,4.46,5.98,2.38,6.51,136,155,6.22,High,Yes,Severe,1
TXN01402,U01402,18,Male,11.19,2.48,5.42,4.63,5.13,157,96,13.23,Medium,No,Moderate,1
TXN01403,U01403,27,Other,5.46,4.83,3.27,5.15,5.02,279,188,8.2,High,Yes,Moderate,1
TXN01404,U01404,26,Female,8.35,3.65,3.79,0.73,5.33,276,65,11.02,Medium,Yes,Moderate,1
TXN01405,U01405,20,Other,6.99,2.78,4.99,1.08,3.92,173,224,7.95,Medium,No,Moderate,1
TXN01406,U01406,31,Other,8.55,3.46,5.62,1.87,6.49,226,248,10.42,Medium,No,Severe,1
TXN01407,U01407,20,Other,5.95,3.74,3.92,4.92,4.72,51,172,6.79,High,Yes,,0
TXN01408,U01408,33,Other,11.95,1.86,5.31,5.39,3.1,119,83,13.64,Medium,Yes,Moderate,1
TXN01409,U01409,35,Female,9.77,3.55,3.98,2.82,3.22,306,255,10.58,High,No,Severe,1
TXN01410,U01410,19,Male,6.41,0.54,0.9,4.11,6.28,261,74,7.66,High,No,Mild,0
TXN01411,U01411,27,Male,11.28,5.99,5.13,2.01,6.16,345,232,13.31,Medium,No,Severe,1
TXN01412,U01412,28,Other,10.1,1.94,1.66,4.85,4.3,198,158,11.83,Medium,No,Moderate,1
TXN01413,U01413,32,Female,10.04,2.2,3.68,1.71,5.62,331,245,10.61,Low,Yes,Severe,1
TXN01414,U01414,30,Male,10.88,4.81,5.82,1.51,3.98,304,164,11.52,Medium,No,Severe,1
TXN01415,U01415,19,Other,3.08,5.63,4.1,5.21,3.0,163,165,4.03,Medium,No,Severe,1
TXN01416,U01416,33,Other,5.8,1.24,2.06,0.87,3.82,75,85,7.0,Low,Yes,Mild,0
TXN01417,U01417,26,Other,7.8,3.34,3.15,0.83,6.32,227,68,8.57,High,No,Moderate,1
TXN01418,U01418,33,Male,11.92,1.2,5.9,1.45,4.78,216,203,14.75,Low,No,Severe,1
TXN01419,U01419,31,Other,10.13,5.19,4.15,2.84,3.56,118,107,10.76,High,No,Moderate,1
TXN01420,U01420,33,Female,6.08,2.87,4.39,4.51,6.8,226,77,7.73,Medium,Yes,Moderate,1
TXN01421,U01421,34,Other,4.57,1.2,2.69,4.32,5.55,103,79,5.98,Medium,Yes,,0
TXN01422,U01422,31,Male,5.29,4.09,2.74,3.07,6.23,312,115,7.9,Low,Yes,Moderate,1
TXN01423,U01423,22,Female,11.41,5.92,3.54,3.45,5.54,312,215,13.62,High,Yes,Severe,1
TXN01424,U01424,30,Male,9.88,1.84,2.77,4.03,6.24,215,108,10.46,High,No,Moderate,1
TXN01425,U01425,33,Other,6.18,0.57,3.77,4.91,3.2,290,164,9.09,Low,No,Moderate,1
TXN01426,U01426,24,Female,3.3,3.85,3.17,1.76,7.74,148,52,4.47,Low,No,,0
TXN01427,U01427,18,Female,3.32,5.56,4.4,3.99,3.37,107,166,4.92,High,No,Moderate,1
TXN01428,U01428,29,Other,11.9,2.03,3.42,4.19,3.72,192,199,12.53,High,Yes,Severe,1
TXN01429,U01429,20,Other,7.28,3.91,2.6,4.81,4.18,219,122,8.38,High,Yes,Mild,0
TXN01430,U01430,32,Female,11.64,3.32,2.62,3.46,4.64,249,210,13.59,High,Yes,Moderate,1
TXN01431,U01431,28,Other,7.33,4.37,4.95,1.08,6.68,264,100,8.46,Low,Yes,Moderate,1
TXN01432,U01432,35,Other,9.73,2.6,2.61,1.97,6.97,302,207,11.85,High,No,Moderate,1
TXN01433,U01433,25,Other,5.14,4.86,2.2,1.12,5.81,230,192,5.72,Low,Yes,Moderate,1
TXN01434,U01434,34,Male,11.32,4.41,3.83,1.67,3.56,101,94,11.86,Low,Yes,Moderate,1
TXN01435,U01435,20,Male,9.22,2.62,4.14,1.13,6.2,255,251,11.21,High,No,Severe,1
TXN01436,U01436,18,Other,7.93,5.0,2.36,2.61,3.32,105,125,10.67,Medium,No,Moderate,1
TXN01437,U01437,20,Female,8.31,4.65,5.54,2.02,5.62,321,230,10.41,Low,No,Severe,1
TXN01438,U01438,28,Female,10.49,4.85,1.74,1.59,6.38,94,182,13.08,Medium,Yes,Moderate,1
TXN01439,U01439,26,Female,11.49,5.74,4.75,2.91,3.0,130,101,13.08,High,No,Severe,1
TXN01440,U01440,20,Female,3.66,5.48,3.17,2.54,6.8,271,88,5.92,Low,No,Moderate,1
TXN01441,U01441,35,Other,5.92,2.69,4.07,5.54,4.91,213,160,6.52,High,Yes,Mild,0
TXN01442,U01442,24,Male,6.87,3.52,2.78,1.27,5.3,235,209,8.92,Low,No,Moderate,1
TXN01443,U01443,34,Female,5.11,2.88,2.22,5.44,7.05,140,150,8.1,High,No,,0
TXN01444,U01444,18,Male,6.34,3.75,1.52,2.99,4.05,171,136,6.9,High,Yes,Mild,0
TXN01445,U01445,20,Female,4.19,5.35,4.66,2.47,6.72,251,198,6.13,Low,No,Moderate,1
TXN01446,U01446,20,Male,7.98,0.53,5.37,5.44,4.56,125,83,10.44,Medium,No,Moderate,1
TXN01447,U01447,32,Female,7.38,2.1,1.16,4.61,5.9,153,194,8.34,Low,Yes,Mild,0
TXN01448,U01448,20,Male,8.48,3.76,6.16,2.9,3.0,161,244,11.34,Medium,Yes,Severe,1
TXN01449,U01449,26,Other,9.49,2.52,6.06,1.08,4.59,299,165,10.92,Low,No,Severe,1
TXN01450,U01450,22,Other,3.03,3.68,0.51,5.28,6.74,20,162,3.58,High,Yes,,0
TXN01451,U01451,30,Other,4.98,4.37,2.97,2.01,3.14,133,119,7.55,Medium,No,Moderate,1
TXN01452,U01452,23,Other,11.28,3.86,5.15,5.37,4.16,104,87,12.99,High,Yes,Moderate,1
TXN01453,U01453,26,Other,9.45,1.82,2.94,2.81,3.85,263,185,9.97,Low,Yes,Severe,1
TXN01454,U01454,19,Male,3.82,3.66,4.7,3.86,7.5,281,67,6.77,High,Yes,Mild,0
TXN01455,U01455,31,Male,3.73,5.34,4.58,1.75,6.58,293,177,4.36,High,Yes,Moderate,1
TXN01456,U01456,19,Other,7.16,4.95,4.77,4.24,3.0,248,155,9.93,High,Yes,Severe,1
TXN01457,U01457,28,Male,9.29,1.75,4.98,4.89,4.45,230,241,11.18,Low,No,Severe,1
TXN01458,U01458,26,Other,5.51,3.1,1.26,5.1,4.1,214,171,8.32,Medium,Yes,Mild,0
TXN01459,U01459,20,Other,4.92,4.74,4.69,0.7,4.4,129,155,7.36,High,No,Moderate,1
TXN01460,U01460,23,Female,3.62,5.41,2.45,5.35,6.46,182,177,4.76,Low,No,Moderate,1
TXN01461,U01461,34,Other,3.54,5.24,6.32,2.89,5.45,239,139,5.51,Low,No,Severe,1
TXN01462,U01462,34,Other,4.76,2.17,0.71,4.9,6.22,224,176,7.68,Medium,No,,0
TXN01463,U01463,19,Female,5.98,0.79,3.27,5.6,7.67,120,107,7.6,Medium,No,,0
TXN01464,U01464,30,Other,4.44,3.61,2.92,0.55,4.65,105,98,5.21,Medium,No,,0
TXN01465,U01465,21,Female,11.01,1.05,1.93,1.05,6.41,189,89,13.01,High,Yes,Moderate,1
TXN01466,U01466,27,Female,9.34,2.95,3.16,4.28,3.7,252,71,10.86,High,No,Moderate,1
TXN01467,U01467,26,Male,9.29,0.96,2.31,0.5,3.27,124,111,10.88,Medium,No,Moderate,1
TXN01468,U01468,23,Female,10.74,4.68,5.2,0.78,3.54,211,144,13.4,Low,No,Severe,1
TXN01469,U01469,28,Other,3.29,2.05,4.62,3.21,7.14,235,88,5.9,Medium,Yes,Mild,0
TXN01470,U01470,29,Other,8.8,5.52,5.07,5.06,3.0,225,163,11.69,High,Yes,Severe,1
TXN01471,U01471,18,Male,4.83,5.43,2.07,2.03,3.47,98,119,6.4,High,No,Moderate,1
TXN01472,U01472,35,Male,5.7,3.87,1.18,1.72,6.64,280,197,7.74,Low,No,Mild,0
TXN01473,U01473,29,Female,9.17,2.37,1.78,2.63,3.05,194,189,11.09,High,Yes,Moderate,1
TXN01474,U01474,31,Other,11.49,5.5,4.59,0.91,3.84,237,212,12.65,High,Yes,Severe,1
TXN01475,U01475,26,Male,9.25,1.19,5.16,1.7,3.77,307,138,10.52,High,No,Moderate,1
TXN01476,U01476,18,Female,6.53,3.02,3.84,5.16,5.2,57,95,7.43,Medium,Yes,Mild,0
TXN01477,U01477,24,Other,11.87,2.22,2.12,2.65,4.19,207,202,13.01,High,Yes,Moderate,1
TXN01478,U01478,22,Female,4.97,1.72,1.32,1.02,4.57,221,23,6.9,High,No,,0
TXN01479,U01479,25,Female,3.05,4.7,4.56,5.52,4.4,187,93,3.93,Low,Yes,Severe,1
TXN01480,U01480,32,Other,4.98,1.25,4.51,2.05,6.75,171,125,7.37,High,No,Mild,0
TXN01481,U01481,23,Male,3.79,3.76,2.37,2.83,5.25,31,74,6.67,Low,No,,0
TXN01482,U01482,22,Male,7.12,2.45,2.35,1.91,7.32,317,71,9.36,Low,Yes,Moderate,1
TXN01483,U01483,20,Male,10.21,5.13,2.5,4.64,3.0,138,175,12.46,Low,Yes,Moderate,1
TXN01484,U01484,29,Other,11.16,3.38,2.1,3.65,5.1,91,158,13.07,Medium,Yes,Moderate,1
TXN01485,U01485,31,Other,4.9,2.54,2.2,0.95,7.15,100,160,7.27,High,No,,0
TXN01486,U01486,21,Other,6.44,3.34,3.64,4.63,7.18,115,162,8.28,High,Yes,Mild,0
TXN01487,U01487,30,Other,8.48,1.35,5.23,3.14,3.68,220,135,9.81,Medium,Yes,Moderate,1
TXN01488,U01488,22,Other,4.51,4.65,2.25,0.8,5.38,247,140,6.35,High,Yes,Moderate,1
TXN01489,U01489,22,Female,3.53,0.99,1.11,5.93,7.45,207,48,6.34,High,Yes,,0
TXN01490,U01490,29,Female,8.2,4.41,4.4,4.2,6.21,278,68,9.02,High,Yes,Moderate,1
TXN01491,U01491,22,Male,4.97,1.22,2.87,3.24,8.33,52,41,6.08,High,Yes,,0
TXN01492,U01492,34,Female,3.84,2.35,0.99,1.89,4.59,229,54,5.2,High,Yes,Mild,0
TXN01493,U01493,32,Other,6.2,5.47,2.78,3.45,3.0,143,95,8.33,High,Yes,Severe,1
TXN01494,U01494,20,Other,7.23,2.58,3.23,5.23,4.42,246,175,8.28,Low,No,Mild,0
TXN01495,U01495,35,Other,10.39,0.87,3.15,1.39,5.45,295,116,13.24,Medium,No,Moderate,1
TXN01496,U01496,19,Other,6.3,3.56,2.27,5.13,7.49,155,157,9.19,Low,No,Mild,0
TXN01497,U01497,30,Female,11.37,0.96,3.65,2.67,4.53,167,213,12.59,Medium,No,Moderate,1
TXN01498,U01498,31,Female,6.52,1.58,2.02,4.74,6.93,200,146,7.88,Medium,No,Mild,0
TXN01499,U01499,24,Other,4.17,1.43,1.34,5.35,4.23,130,77,5.31,Medium,Yes,Mild,0
TXN01500,U01500,35,Male,9.26,1.97,3.01,4.24,5.93,287,100,11.09,Medium,Yes,Severe,1
TXN01501,U01501,25,Male,9.52,5.49,4.44,4.12,5.47,187,132,10.57,High,No,Moderate,1
TXN01502,U01502,27,Other,11.53,5.86,2.35,2.51,3.16,226,125,12.59,Medium,Yes,Moderate,1
TXN01503,U01503,25,Other,3.7,4.39,3.86,4.18,4.35,132,185,6.65,Medium,No,Severe,1
TXN01504,U01504,30,Female,11.25,3.6,2.67,2.32,4.94,240,133,13.55,High,No,Moderate,1
TXN01505,U01505,25,Male,6.93,3.6,5.56,1.99,4.64,276,217,9.37,Medium,Yes,Moderate,1
TXN01506,U01506,26,Female,4.14,1.47,1.14,0.62,7.64,22,161,5.47,High,No,,0
TXN01507,U01507,23,Male,9.84,3.78,2.89,5.67,5.49,191,142,12.45,Low,Yes,Moderate,1
TXN01508,U01508,32,Other,10.83,2.02,2.56,4.77,5.55,120,133,11.78,Low,No,Moderate,1
TXN01509,U01509,26,Other,8.86,3.71,2.59,5.43,7.13,299,94,10.11,Medium,No,Moderate,1
TXN01510,U01510,19,Other,7.08,2.77,4.23,3.02,3.37,264,69,7.65,High,Yes,Moderate,1
TXN01511,U01511,29,Other,11.28,1.28,2.88,2.53,4.57,148,232,12.48,Low,Yes,Severe,1
TXN01512,U01512,26,Other,9.65,1.47,5.16,3.28,4.97,158,192,10.27,Medium,Yes,Moderate,1
TXN01513,U01513,18,Other,9.22,2.76,3.77,4.58,3.0,238,208,10.85,High,No,Severe,1
TXN01514,U01514,28,Female,6.66,1.57,0.81,2.03,3.98,266,51,9.47,High,No,Mild,0
TXN01515,U01515,35,Other,3.57,5.6,3.07,4.07,5.86,101,74,4.13,Low,No,Moderate,1
TXN01516,U01516,22,Female,3.59,1.52,1.85,5.16,5.38,128,21,5.6,Low,Yes,,0
TXN01517,U01517,34,Other,10.26,4.32,3.58,1.4,3.06,121,115,11.71,Medium,No,Moderate,1
TXN01518,U01518,30,Other,4.58,4.46,4.8,1.53,5.37,344,214,7.04,Medium,Yes,Severe,1
TXN01519,U01519,29,Other,10.45,5.23,4.33,5.5,3.57,128,228,12.68,Medium,Yes,Moderate,1
TXN01520,U01520,23,Female,3.01,2.5,1.89,4.31,8.52,232,71,5.46,Low,Yes,,0
TXN01521,U01521,31,Male,3.78,2.43,0.94,2.68,7.78,196,157,4.39,Low,No,Mild,0
TXN01522,U01522,34,Other,10.26,5.06,2.4,0.71,3.0,121,104,11.75,Medium,Yes,Moderate,1
TXN01523,U01523,20,Male,11.67,3.21,5.58,3.97,6.25,320,157,13.51,Medium,No,Severe,1
TXN01524,U01524,28,Other,6.98,1.94,1.38,5.89,8.04,231,79,7.83,Low,Yes,Mild,0
TXN01525,U01525,27,Male,5.28,1.35,3.04,4.19,7.03,94,201,7.93,Low,No,Mild,0
TXN01526,U01526,30,Male,4.65,5.39,5.57,2.36,4.57,102,164,5.76,High,No,Moderate,1
TXN01527,U01527,21,Male,7.78,1.99,4.33,3.2,3.37,150,66,9.49,Medium,Yes,Moderate,1
TXN01528,U01528,35,Other,5.92,0.57,2.64,1.71,6.23,122,29,7.69,Medium,No,,0
TXN01529,U01529,33,Female,8.91,2.62,2.86,2.02,5.04,182,146,10.04,Low,Yes,Moderate,1
TXN01530,U01530,20,Other,6.85,4.46,2.69,3.61,6.23,212,174,8.42,Low,Yes,Severe,1
TXN01531,U01531,24,Female,8.32,2.98,3.59,4.93,3.17,295,65,10.85,Low,No,Moderate,1
TXN01532,U01532,23,Other,9.0,0.89,5.07,3.23,3.51,259,87,9.87,Low,Yes,Moderate,1
TXN01533,U01533,31,Male,11.15,3.91,3.45,3.62,4.94,99,209,14.04,Medium,Yes,Moderate,1
TXN01534,U01534,31,Female,7.41,3.16,1.92,3.81,6.37,123,177,9.54,High,Yes,Moderate,1
TXN01535,U01535,34,Male,7.81,3.11,2.98,2.44,7.48,108,201,10.02,High,No,Mild,0
TXN01536,U01536,20,Male,8.67,2.6,2.84,0.67,5.21,275,213,10.76,Low,Yes,Moderate,1
TXN01537,U01537,19,Female,4.43,3.72,2.21,0.63,5.27,261,136,5.61,Medium,No,Mild,0
TXN01538,U01538,18,Female,9.4,0.51,4.08,3.59,3.88,204,229,11.56,Medium,No,Severe,1
TXN01539,U01539,32,Male,8.34,5.58,5.94,0.99,5.77,223,178,9.91,Low,No,Severe,1
TXN01540,U01540,18,Female,6.66,2.44,3.6,3.09,3.87,244,138,9.6,High,No,Mild,0
TXN01541,U01541,32,Other,3.71,5.36,4.66,2.47,4.66,222,147,5.01,Low,No,Severe,1
TXN01542,U01542,18,Other,4.61,2.42,1.45,1.39,5.56,107,149,5.86,Low,No,Mild,0
TXN01543,U01543,35,Other,10.56,4.7,4.85,2.42,3.37,293,201,11.68,Medium,No,Severe,1
TXN01544,U01544,25,Other,5.77,1.92,0.29,5.43,7.25,121,160,8.59,High,Yes,,0
TXN01545,U01545,26,Male,5.48,2.98,0.91,5.35,8.45,87,19,7.29,High,Yes,,0
TXN01546,U01546,19,Male,8.34,3.25,2.11,4.48,6.16,145,212,10.51,High,No,Moderate,1
TXN01547,U01547,23,Female,3.93,0.54,4.38,3.64,4.28,231,84,4.72,Medium,Yes,Mild,0
TXN01548,U01548,27,Male,11.09,3.35,2.37,3.97,6.43,184,151,12.77,High,Yes,Moderate,1
TXN01549,U01549,25,Male,3.09,2.16,2.27,5.17,6.22,36,52,5.4,Low,Yes,,0
TXN01550,U01550,29,Female,3.96,4.78,2.42,5.25,4.4,190,156,5.78,High,No,Moderate,1
TXN01551,U01551,28,Female,8.65,5.12,5.46,3.55,4.84,296,85,11.46,High,Yes,Moderate,1
TXN01552,U01552,29,Male,7.97,1.54,3.58,2.68,4.7,73,97,10.81,High,No,Mild,0
TXN01553,U01553,27,Female,11.01,1.55,3.23,5.63,6.23,98,128,12.0,Medium,No,Moderate,1
TXN01554,U01554,31,Male,4.87,1.09,1.21,4.15,7.71,126,144,7.22,High,No,,0
TXN01555,U01555,35,Other,10.12,5.94,4.2,4.41,6.94,235,136,11.57,High,Yes,Moderate,1
TXN01556,U01556,20,Male,8.82,5.85,3.35,2.07,5.0,138,74,10.08,Medium,Yes,Moderate,1
TXN01557,U01557,35,Female,10.15,5.09,6.19,1.4,5.77,281,161,11.71,Medium,Yes,Severe,1
TXN01558,U01558,23,Male,4.79,1.23,3.98,3.93,5.55,54,19,5.63,Medium,Yes,,0
TXN01559,U01559,18,Male,5.07,1.71,1.81,3.08,4.0,232,71,7.25,Medium,No,Mild,0
TXN01560,U01560,32,Other,10.7,1.28,4.31,3.85,5.48,205,153,13.45,Low,Yes,Severe,1
TXN01561,U01561,29,Male,4.9,0.93,3.61,5.51,7.81,162,81,7.44,Low,Yes,,0
TXN01562,U01562,26,Other,9.45,5.73,2.93,1.2,3.43,142,238,11.97,Low,Yes,Severe,1
TXN01563,U01563,23,Female,11.62,4.14,2.13,0.79,4.58,202,170,14.41,Medium,No,Moderate,1
TXN01564,U01564,33,Other,5.89,1.93,1.22,4.83,6.4,275,86,8.7,Low,No,Mild,0
TXN01565,U01565,35,Female,5.05,5.3,3.36,4.84,5.01,127,151,6.81,Low,Yes,Moderate,1
TXN01566,U01566,19,Female,10.22,3.72,4.35,2.62,6.31,162,130,13.01,High,Yes,Moderate,1
TXN01567,U01567,25,Other,8.64,2.98,5.48,0.92,3.0,158,111,9.35,Low,Yes,Severe,1
TXN01568,U01568,19,Female,5.12,2.41,2.75,2.79,8.63,177,27,7.29,Low,No,,0
TXN01569,U01569,27,Other,9.24,4.89,5.33,3.79,4.49,240,223,11.28,High,No,Moderate,1
TXN01570,U01570,28,Male,9.62,5.44,2.84,1.06,3.0,251,189,11.99,Low,Yes,Severe,1
TXN01571,U01571,23,Male,3.19,5.21,2.2,1.12,3.69,263,147,5.4,Medium,No,Moderate,1
TXN01572,U01572,18,Male,9.23,4.99,3.21,2.09,3.46,349,94,10.49,High,No,Severe,1
TXN01573,U01573,26,Other,7.18,4.92,1.64,2.56,5.97,286,194,9.39,Low,No,Moderate,1
TXN01574,U01574,32,Male,7.47,3.93,5.22,2.68,5.76,143,105,10.34,High,No,Moderate,1
TXN01575,U01575,26,Female,4.66,5.57,4.3,4.87,3.0,216,235,5.54,Medium,Yes,Severe,1
TXN01576,U01576,35,Female,3.75,4.95,2.94,4.1,4.68,165,128,5.73,Low,Yes,Severe,1
TXN01577,U01577,24,Male,3.38,3.75,2.06,4.16,6.32,114,151,4.49,High,Yes,Mild,0
TXN01578,U01578,27,Male,8.98,5.75,1.77,2.57,4.41,156,224,10.77,High,No,Moderate,1
TXN01579,U01579,24,Other,9.51,1.73,3.75,5.18,3.1,236,201,12.14,Low,Yes,Moderate,1
TXN01580,U01580,20,Female,4.59,1.34,3.8,1.45,4.84,211,90,6.37,Low,No,,0
TXN01581,U01581,35,Female,6.75,3.25,3.21,5.41,3.37,239,93,8.58,Medium,Yes,Moderate,1
TXN01582,U01582,27,Male,9.75,5.1,5.09,0.73,3.85,270,218,12.54,Medium,No,Severe,1
TXN01583,U01583,28,Other,7.69,4.77,6.24,4.01,3.37,347,192,10.06,High,Yes,Severe,1
TXN01584,U01584,22,Female,4.96,4.12,2.05,1.28,7.09,297,102,5.91,Low,Yes,Moderate,1
TXN01585,U01585,20,Female,3.41,1.4,1.01,1.69,8.88,92,139,6.25,High,Yes,,0
TXN01586,U01586,32,Other,4.38,4.68,3.95,3.77,5.66,237,199,5.12,Low,Yes,Moderate,1
TXN01587,U01587,35,Male,3.18,1.71,2.53,2.75,7.02,245,83,5.45,Low,Yes,Mild,0
TXN01588,U01588,23,Other,7.85,1.56,2.38,5.3,3.72,216,51,9.17,Low,No,Mild,0
TXN01589,U01589,25,Female,7.95,0.51,2.22,4.29,7.86,270,197,8.88,High,Yes,Mild,0
TXN01590,U01590,30,Other,7.81,2.88,4.89,4.66,7.1,309,123,8.75,High,Yes,Moderate,1
TXN01591,U01591,24,Female,4.93,3.16,4.4,0.96,5.21,84,201,7.84,Medium,Yes,Mild,0
TXN01592,U01592,21,Other,5.23,3.54,3.86,1.1,8.88,68,54,7.39,Low,Yes,,0
TXN01593,U01593,22,Female,3.89,3.47,2.83,5.84,5.27,102,158,6.23,High,Yes,Mild,0
TXN01594,U01594,18,Other,6.65,5.43,3.57,1.02,3.1,283,226,8.96,High,Yes,Moderate,1
TXN01595,U01595,35,Other,7.7,5.21,5.65,1.86,3.0,157,209,9.72,Medium,Yes,Severe,1
TXN01596,U01596,21,Other,6.17,3.76,3.12,3.43,4.81,232,116,7.54,Medium,Yes,Mild,0
TXN01597,U01597,22,Female,9.31,2.57,4.38,5.02,5.3,285,108,11.34,Medium,Yes,Moderate,1
TXN01598,U01598,32,Female,4.84,3.89,2.37,5.4,5.23,103,72,6.85,High,No,,0
TXN01599,U01599,27,Female,10.98,3.69,4.03,2.95,5.72,126,223,12.51,High,No,Moderate,1
TXN01600,U01600,30,Female,7.36,3.59,3.81,3.77,4.28,264,192,8.5,Medium,No,Moderate,1
TXN01601,U01601,20,Female,11.58,1.56,4.03,3.27,4.26,195,183,12.69,Medium,No,Moderate,1
TXN01602,U01602,35,Male,10.28,1.09,3.92,4.77,4.5,192,164,11.57,High,Yes,Severe,1
TXN01603,U01603,28,Other,11.68,1.15,5.15,0.67,4.69,207,75,13.17,Medium,Yes,Moderate,1
TXN01604,U01604,23,Female,5.44,5.08,3.83,1.07,3.1,267,228,7.37,Low,Yes,Severe,1
TXN01605,U01605,27,Male,9.0,3.47,2.55,3.77,5.03,303,92,10.88,Medium,Yes,Moderate,1
TXN01606,U01606,32,Other,10.09,5.53,2.59,1.67,5.16,309,189,12.49,Medium,Yes,Severe,1
TXN01607,U01607,24,Female,3.16,5.83,3.83,2.11,4.61,321,234,4.14,Medium,No,Severe,1
TXN01608,U01608,19,Male,7.52,3.14,3.68,0.61,4.23,175,81,9.06,High,Yes,Mild,0
TXN01609,U01609,24,Female,6.85,5.39,2.89,1.77,6.24,202,154,7.68,High,Yes,Severe,1
TXN01610,U01610,26,Male,8.99,5.75,3.83,5.61,6.58,185,107,10.24,Low,No,Moderate,1
TXN01611,U01611,21,Female,5.91,2.39,2.39,5.3,5.12,128,60,6.87,Low,Yes,,0
TXN01612,U01612,25,Other,4.94,3.99,3.44,2.92,3.83,182,118,6.64,Medium,No,Mild,0
TXN01613,U01613,28,Male,6.35,1.73,3.35,1.44,6.72,299,124,8.19,Medium,Yes,Moderate,1
TXN01614,U01614,22,Male,5.59,4.51,3.27,1.41,5.83,355,242,6.23,High,Yes,Severe,1
TXN01615,U01615,23,Female,11.52,5.62,1.87,4.44,5.03,289,228,12.38,Medium,No,Moderate,1
TXN01616,U01616,26,Male,7.82,3.5,2.59,2.41,4.34,262,147,9.71,Low,Yes,Moderate,1
TXN01617,U01617,29,Female,4.26,5.23,2.01,1.14,5.16,215,159,6.3,Medium,Yes,Moderate,1
TXN01618,U01618,19,Female,7.76,4.0,2.25,3.8,4.86,171,118,8.93,Low,No,Mild,0
TXN01619,U01619,22,Male,5.68,5.31,5.33,5.19,3.43,338,208,6.48,High,No,Severe,1
TXN01620,U01620,26,Male,5.6,5.46,3.21,2.33,4.3,261,97,6.66,Low,Yes,Severe,1
TXN01621,U01621,20,Female,9.2,1.82,4.18,5.55,7.31,199,74,10.98,High,Yes,Moderate,1
TXN01622,U01622,23,Female,7.32,3.11,1.64,5.05,4.86,170,81,8.6,Low,No,Moderate,1
TXN01623,U01623,28,Female,10.49,1.67,3.71,1.75,5.75,325,221,11.12,High,Yes,Severe,1
TXN01624,U01624,33,Female,4.69,2.04,1.53,0.98,6.66,210,111,7.52,High,No,,0
TXN01625,U01625,25,Other,4.89,2.68,2.35,3.67,8.5,181,125,6.04,Medium,Yes,,0
TXN01626,U01626,19,Male,4.01,3.43,2.22,3.14,7.1,156,74,6.59,High,No,,0
TXN01627,U01627,20,Other,7.86,2.75,3.69,5.48,3.67,165,164,9.05,High,No,Moderate,1
TXN01628,U01628,29,Other,6.94,3.59,4.31,5.03,7.7,139,202,9.21,Medium,Yes,Mild,0
TXN01629,U01629,19,Other,4.61,0.89,2.98,3.05,6.92,189,176,7.21,Low,No,,0
TXN01630,U01630,32,Female,11.09,3.04,6.1,4.63,4.48,192,174,13.62,Medium,Yes,Severe,1
TXN01631,U01631,23,Other,7.71,2.65,3.69,0.96,6.17,253,72,8.73,High,No,Moderate,1
TXN01632,U01632,21,Other,9.98,3.68,4.04,5.92,6.65,110,135,12.84,Medium,Yes,Moderate,1
TXN01633,U01633,23,Female,10.5,2.95,3.91,2.54,3.57,310,173,13.31,High,Yes,Moderate,1
TXN01634,U01634,20,Male,8.65,4.11,4.58,3.46,3.0,274,183,11.55,Low,No,Moderate,1
TXN01635,U01635,30,Female,3.18,4.59,2.89,1.83,4.73,127,153,6.08,High,Yes,Severe,1
TXN01636,U01636,22,Male,8.82,2.23,2.09,4.48,3.09,105,200,10.14,High,Yes,Moderate,1
TXN01637,U01637,27,Female,5.95,5.34,2.8,4.43,3.83,107,152,8.78,High,No,Moderate,1
TXN01638,U01638,30,Other,4.26,2.92,0.87,2.42,7.74,122,160,5.37,Medium,Yes,,0
TXN01639,U01639,18,Male,8.64,3.5,5.5,5.87,6.69,200,88,10.06,Medium,No,Moderate,1
TXN01640,U01640,28,Other,10.75,5.01,3.36,3.18,3.0,213,119,11.5,Medium,Yes,Severe,1
TXN01641,U01641,19,Male,8.94,5.11,6.04,3.09,3.0,132,130,10.8,Medium,No,Severe,1
TXN01642,U01642,28,Other,11.23,2.12,4.48,2.58,3.25,142,195,11.92,Low,No,Severe,1
TXN01643,U01643,24,Male,6.01,5.3,4.14,2.15,6.63,100,160,8.92,Low,Yes,Moderate,1
TXN01644,U01644,33,Female,11.82,0.55,2.97,2.81,4.0,344,220,14.5,Medium,No,Severe,1
TXN01645,U01645,21,Female,7.76,3.68,3.97,4.87,7.07,237,170,9.7,Low,No,Moderate,1
TXN01646,U01646,26,Female,9.26,5.23,5.04,3.84,6.44,125,235,10.19,High,No,Severe,1
TXN01647,U01647,28,Male,9.79,2.43,5.82,1.8,5.84,209,227,12.16,Medium,Yes,Severe,1
TXN01648,U01648,32,Male,5.39,1.58,2.57,2.84,6.99,163,45,7.86,Medium,No,,0
TXN01649,U01649,27,Other,11.52,3.75,4.64,5.46,5.18,142,205,13.19,High,No,Moderate,1
TXN01650,U01650,25,Male,4.93,2.06,2.7,0.58,4.83,114,42,6.94,High,Yes,Mild,0
TXN01651,U01651,34,Male,10.43,5.3,6.28,1.52,3.0,159,179,11.59,Low,Yes,Severe,1
TXN01652,U01652,23,Male,10.76,1.78,1.94,0.69,5.84,205,183,11.59,Medium,No,Moderate,1
TXN01653,U01653,19,Other,9.37,3.22,3.97,4.37,3.35,145,105,10.55,Low,Yes,Moderate,1
TXN01654,U01654,33,Other,9.43,2.2,5.42,5.58,3.55,160,204,12.31,Low,No,Moderate,1
TXN01655,U01655,30,Male,11.85,5.26,4.7,1.63,3.0,145,216,14.45,Low,Yes,Severe,1
TXN01656,U01656,26,Other,10.49,4.32,5.09,1.45,3.0,261,249,11.12,Low,No,Severe,1
TXN01657,U01657,31,Other,3.89,2.6,0.2,0.57,6.96,134,58,4.53,Low,Yes,,0
TXN01658,U01658,28,Female,10.01,1.8,5.17,2.78,3.51,236,157,11.0,High,Yes,Moderate,1
TXN01659,U01659,32,Other,7.28,2.22,1.04,3.22,4.31,259,184,10.19,Low,No,Mild,0
TXN01660,U01660,32,Male,3.81,4.64,2.54,2.98,3.0,152,142,5.66,Medium,Yes,Severe,1
TXN01661,U01661,30,Other,7.46,1.52,0.9,5.03,5.12,236,111,9.82,Low,No,Mild,0
TXN01662,U01662,23,Female,7.92,5.96,2.67,5.09,4.15,203,152,9.44,Low,Yes,Severe,1
TXN01663,U01663,22,Other,4.65,1.29,2.59,0.58,6.04,74,165,5.82,Low,Yes,,0
TXN01664,U01664,26,Female,5.75,5.03,5.59,3.11,3.0,282,95,6.77,Low,No,Severe,1
TXN01665,U01665,21,Female,5.02,1.22,2.44,4.08,6.41,131,182,5.58,High,Yes,Mild,0
TXN01666,U01666,29,Female,8.26,2.43,3.13,1.22,3.38,260,93,9.56,High,Yes,Moderate,1
TXN01667,U01667,35,Male,10.93,5.96,5.21,4.53,5.71,351,195,12.07,High,No,Severe,1
TXN01668,U01668,24,Other,7.17,6.0,6.03,3.25,3.31,241,156,7.73,High,Yes,Severe,1
TXN01669,U01669,35,Male,11.79,5.87,2.04,0.68,4.21,306,210,12.62,Medium,No,Moderate,1
TXN01670,U01670,30,Female,8.14,4.49,3.72,5.03,6.92,141,165,10.16,High,Yes,Moderate,1
TXN01671,U01671,25,Female,5.51,1.98,2.55,2.97,7.98,184,80,6.3,High,No,Mild,0
TXN01672,U01672,31,Female,4.69,4.43,1.64,0.86,3.65,280,190,6.91,High,Yes,Moderate,1
TXN01673,U01673,28,Male,3.01,1.64,1.67,0.84,3.78,187,136,4.13,Medium,No,Mild,0
TXN01674,U01674,21,Other,8.51,0.52,3.68,4.72,5.46,113,96,9.64,Medium,Yes,Moderate,1
TXN01675,U01675,20,Female,6.46,4.64,4.11,5.01,3.52,216,116,9.29,High,No,Moderate,1
TXN01676,U01676,18,Male,7.88,4.53,2.8,5.94,7.18,308,205,9.44,Medium,No,Moderate,1
TXN01677,U01677,19,Male,3.21,3.78,4.16,3.74,4.95,111,103,4.8,Low,Yes,Mild,0
TXN01678,U01678,21,Male,7.71,0.97,1.17,3.82,6.61,232,106,9.03,Low,No,Mild,0
TXN01679,U01679,24,Female,8.72,4.93,5.06,0.88,3.02,320,151,9.91,Medium,Yes,Severe,1
TXN01680,U01680,30,Male,11.49,3.84,2.6,3.7,6.07,310,168,13.07,Low,Yes,Moderate,1
TXN01681,U01681,35,Other,4.24,5.35,4.48,4.96,6.08,228,88,6.46,Low,Yes,Moderate,1
TXN01682,U01682,32,Female,8.37,4.72,6.27,1.32,6.11,161,98,10.2,High,Yes,Severe,1
TXN01683,U01683,28,Male,11.14,3.07,5.56,2.47,6.47,230,169,12.04,Low,No,Severe,1
TXN01684,U01684,18,Other,5.65,1.38,0.38,4.74,8.78,161,99,6.42,Low,No,,0
TXN01685,U01685,23,Other,10.08,5.86,3.78,0.6,5.1,353,191,10.87,Low,Yes,Severe,1
TXN01686,U01686,23,Other,4.97,1.95,1.63,0.8,5.08,82,148,5.83,Low,Yes,,0
TXN01687,U01687,23,Male,4.8,5.47,4.67,5.95,4.92,142,179,5.52,Low,No,Severe,1
TXN01688,U01688,33,Other,9.62,2.89,3.7,5.76,5.57,312,156,10.9,High,Yes,Severe,1
TXN01689,U01689,23,Male,11.04,5.88,3.28,1.7,5.75,188,71,11.81,Low,No,Moderate,1
TXN01690,U01690,29,Female,7.49,4.59,4.1,1.63,6.19,215,103,8.64,Medium,No,Moderate,1
TXN01691,U01691,31,Male,7.81,1.4,2.87,1.06,5.96,301,182,9.98,Low,No,Moderate,1
TXN01692,U01692,34,Other,6.53,2.8,4.04,5.64,7.89,255,142,9.41,Low,No,Mild,0
TXN01693,U01693,32,Other,10.95,2.75,3.78,3.31,6.7,292,224,12.18,Medium,Yes,Moderate,1
TXN01694,U01694,19,Male,8.75,2.49,1.75,5.86,3.39,220,142,10.5,Medium,No,Moderate,1
TXN01695,U01695,25,Female,5.82,2.0,0.84,0.8,7.77,244,111,7.69,Low,Yes,,0
TXN01696,U01696,31,Other,10.59,3.83,5.4,1.4,3.26,326,134,11.13,Medium,No,Severe,1
TXN01697,U01697,20,Other,9.9,1.06,4.44,3.21,3.78,230,85,11.73,Medium,Yes,Moderate,1
TXN01698,U01698,31,Other,5.1,1.74,3.51,4.84,5.95,276,168,7.62,High,Yes,Mild,0
TXN01699,U01699,31,Male,7.83,5.96,3.22,5.26,3.0,306,90,10.37,Low,Yes,Moderate,1
TXN01700,U01700,29,Other,5.8,4.11,3.52,4.91,3.0,345,97,6.6,Medium,Yes,Severe,1
TXN01701,U01701,34,Male,6.81,5.03,2.56,1.28,6.11,254,194,8.27,Low,Yes,Moderate,1
TXN01702,U01702,24,Male,3.95,2.96,3.31,3.93,8.61,32,35,4.67,Medium,Yes,,0
TXN01703,U01703,27,Other,11.27,3.11,2.07,1.09,6.0,281,90,13.24,Medium,No,Moderate,1
TXN01704,U01704,21,Other,10.96,4.67,5.14,1.36,7.34,180,222,13.9,Low,No,Moderate,1
TXN01705,U01705,27,Male,10.61,4.0,5.69,2.31,3.74,127,250,11.41,Low,No,Severe,1
TXN01706,U01706,28,Female,7.77,4.38,1.69,5.57,5.41,263,178,9.58,Low,No,Moderate,1
TXN01707,U01707,19,Male,9.44,3.07,5.38,1.08,3.02,266,196,10.22,High,No,Moderate,1
TXN01708,U01708,24,Male,9.09,5.34,3.95,5.93,4.03,215,95,10.93,Medium,No,Moderate,1
TXN01709,U01709,32,Female,10.9,3.58,2.82,5.47,3.0,198,230,11.44,High,No,Severe,1
TXN01710,U01710,34,Male,3.28,1.43,1.03,5.27,5.37,216,49,4.31,Medium,Yes,,0
TXN01711,U01711,30,Female,8.27,4.84,3.14,4.18,4.62,180,181,9.42,High,No,Moderate,1
TXN01712,U01712,32,Male,9.14,2.46,4.15,4.3,3.21,342,183,11.38,Low,Yes,Severe,1
TXN01713,U01713,21,Female,10.55,5.42,4.89,2.64,3.0,92,120,11.54,Low,No,Moderate,1
TXN01714,U01714,24,Male,9.33,4.32,4.08,5.26,5.5,163,203,11.97,High,Yes,Moderate,1
TXN01715,U01715,18,Female,5.71,1.09,1.7,4.95,4.84,23,95,8.36,Low,Yes,,0
TXN01716,U01716,20,Male,6.39,4.46,5.45,4.43,6.55,303,164,7.9,Low,Yes,Severe,1
TXN01717,U01717,27,Male,7.95,1.01,2.9,5.01,6.86,160,192,9.5,Low,No,Moderate,1
TXN01718,U01718,28,Male,7.25,3.53,2.88,4.71,6.79,125,204,9.68,Medium,No,Moderate,1
TXN01719,U01719,22,Male,5.11,2.55,3.05,3.29,5.24,121,79,6.55,High,Yes,Mild,0
TXN01720,U01720,25,Male,9.61,0.6,3.58,2.11,5.51,340,184,12.04,Medium,No,Severe,1
TXN01721,U01721,19,Female,6.22,2.93,0.91,1.62,7.42,173,71,7.62,Medium,No,Mild,0
TXN01722,U01722,19,Other,4.95,3.18,2.03,1.76,3.77,102,153,6.19,Low,No,Mild,0
TXN01723,U01723,32,Male,9.05,2.61,3.05,1.45,3.27,317,190,11.26,Medium,Yes,Severe,1
TXN01724,U01724,35,Female,7.65,2.15,0.98,2.79,4.83,57,154,9.78,Medium,Yes,Mild,0
TXN01725,U01725,20,Male,10.74,4.39,5.37,1.65,5.37,192,186,12.28,Low,No,Moderate,1
TXN01726,U01726,34,Male,6.88,3.27,2.7,0.79,7.73,232,47,9.37,High,No,Mild,0
TXN01727,U01727,19,Male,9.25,4.79,5.51,1.93,3.66,131,224,12.11,High,Yes,Severe,1
TXN01728,U01728,31,Female,9.68,5.76,3.71,5.2,4.03,190,92,10.97,High,No,Severe,1
TXN01729,U01729,19,Other,9.63,3.25,5.13,3.25,4.43,155,105,11.22,Low,Yes,Moderate,1
TXN01730,U01730,26,Other,4.32,1.5,0.84,2.71,8.27,136,67,5.27,High,Yes,,0
TXN01731,U01731,22,Female,7.34,1.09,1.1,3.06,5.37,282,165,8.9,Low,No,Mild,0
TXN01732,U01732,23,Female,3.51,2.12,2.47,3.49,5.01,88,156,5.02,High,Yes,,0
TXN01733,U01733,23,Male,11.46,5.1,5.42,0.54,5.53,296,110,12.43,Low,No,Moderate,1
TXN01734,U01734,26,Female,4.66,2.69,1.98,0.93,6.4,26,33,6.29,Low,Yes,,0
TXN01735,U01735,24,Male,7.01,4.78,5.95,4.27,6.34,199,239,8.01,Low,No,Severe,1
TXN01736,U01736,26,Other,11.25,2.57,2.5,1.12,6.54,130,209,12.45,Medium,No,Moderate,1
TXN01737,U01737,18,Other,7.86,5.77,1.73,2.69,7.08,156,80,8.75,Medium,No,Moderate,1
TXN01738,U01738,25,Male,9.64,1.74,4.25,1.37,5.51,171,228,12.29,Low,Yes,Severe,1
TXN01739,U01739,29,Male,8.87,2.14,5.49,4.99,3.0,337,200,11.17,Medium,No,Severe,1
TXN01740,U01740,32,Female,10.77,3.54,2.81,5.87,5.55,157,224,13.14,High,No,Moderate,1
TXN01741,U01741,18,Other,7.55,3.5,2.01,0.52,7.07,148,145,10.17,Low,Yes,Mild,0
TXN01742,U01742,18,Male,8.99,5.57,4.66,5.13,3.0,136,132,9.96,Low,No,Severe,1
TXN01743,U01743,19,Male,5.52,3.48,3.66,3.72,5.28,60,104,8.41,Low,Yes,,0
TXN01744,U01744,23,Female,5.2,0.87,0.62,2.56,7.43,104,103,7.83,Low,Yes,,0
TXN01745,U01745,27,Male,5.96,4.45,5.19,1.74,4.72,219,206,8.48,Medium,Yes,Moderate,1
TXN01746,U01746,24,Male,10.88,2.12,2.59,5.56,5.56,123,66,13.41,Low,No,Moderate,1
TXN01747,U01747,22,Other,10.48,4.84,5.41,1.0,6.06,139,203,12.93,High,No,Severe,1
TXN01748,U01748,22,Male,11.56,1.15,2.57,3.23,3.79,213,182,12.83,Medium,No,Moderate,1
TXN01749,U01749,18,Female,6.46,3.77,4.27,4.03,6.25,285,154,7.81,Low,Yes,Mild,0
TXN01750,U01750,32,Female,3.68,1.76,2.73,1.78,5.5,163,110,5.36,Low,No,Mild,0
TXN01751,U01751,21,Female,11.08,1.28,2.5,3.91,3.0,332,148,11.65,High,Yes,Severe,1
TXN01752,U01752,22,Male,5.43,1.55,3.62,0.85,6.81,275,124,6.82,Medium,Yes,Mild,0
TXN01753,U01753,22,Female,3.9,4.02,2.8,4.16,3.12,307,178,5.61,High,No,Moderate,1
TXN01754,U01754,32,Other,8.45,1.2,5.17,1.88,3.0,148,218,10.31,High,No,Severe,1
TXN01755,U01755,35,Other,10.12,3.75,5.34,5.83,3.46,263,213,11.85,Medium,No,Severe,1
TXN01756,U01756,24,Female,11.65,5.34,4.63,3.74,7.34,200,155,12.39,High,Yes,Moderate,1
TXN01757,U01757,32,Female,9.45,4.16,5.44,2.01,6.88,175,227,11.21,Medium,Yes,Moderate,1
TXN01758,U01758,31,Female,9.4,3.13,4.02,1.45,5.43,193,191,11.11,High,Yes,Severe,1
TXN01759,U01759,24,Male,10.76,4.01,3.68,2.55,5.64,225,133,12.65,Low,Yes,Severe,1
TXN01760,U01760,21,Other,7.8,2.44,3.98,5.64,5.53,248,116,9.42,High,No,Mild,0
TXN01761,U01761,26,Male,10.93,4.05,1.96,5.7,6.47,152,135,11.65,High,Yes,Moderate,1
TXN01762,U01762,31,Male,6.55,5.07,4.17,1.24,3.89,192,177,9.12,Low,No,Severe,1
TXN01763,U01763,23,Female,3.6,5.1,4.19,0.6,3.94,109,77,5.94,Low,Yes,Moderate,1
TXN01764,U01764,24,Male,7.85,1.48,2.24,5.1,3.32,241,121,9.31,Low,Yes,Moderate,1
TXN01765,U01765,34,Male,4.29,3.17,0.95,2.7,5.5,230,147,6.87,Low,No,Mild,0
TXN01766,U01766,30,Male,5.53,4.4,5.25,2.45,3.0,208,148,7.19,Low,No,Severe,1
TXN01767,U01767,32,Female,10.44,4.12,5.83,4.2,3.03,347,140,12.91,Low,Yes,Severe,1
TXN01768,U01768,20,Male,11.68,2.15,6.15,4.43,3.85,195,163,12.47,High,Yes,Severe,1
TXN01769,U01769,32,Other,7.23,5.42,4.49,3.12,3.99,317,98,8.78,High,Yes,Severe,1
TXN01770,U01770,27,Male,4.62,5.86,4.88,5.34,6.54,211,148,7.27,Low,No,Moderate,1
TXN01771,U01771,33,Female,8.58,3.61,3.09,4.34,3.0,168,163,10.48,Medium,No,Severe,1
TXN01772,U01772,20,Other,9.92,1.43,3.47,2.86,3.61,175,218,12.48,High,No,Severe,1
TXN01773,U01773,18,Other,4.49,5.31,5.49,2.53,3.11,340,125,6.04,High,Yes,Severe,1
TXN01774,U01774,32,Female,4.56,3.34,3.74,1.96,6.64,55,192,5.91,High,No,Mild,0
TXN01775,U01775,26,Female,4.57,2.65,1.11,2.27,7.15,24,23,6.52,Low,No,,0
TXN01776,U01776,31,Male,3.45,3.19,3.39,2.76,4.12,111,156,5.21,High,No,Mild,0
TXN01777,U01777,32,Male,3.46,4.5,2.73,4.64,5.89,344,179,6.16,Medium,No,Severe,1
TXN01778,U01778,30,Male,9.8,2.72,5.3,5.46,6.42,184,141,12.51,Low,No,Moderate,1
TXN01779,U01779,22,Male,7.08,5.58,3.07,5.14,3.0,257,168,8.42,High,No,Severe,1
TXN01780,U01780,27,Other,11.79,2.5,5.41,2.86,3.62,134,148,14.05,Medium,No,Severe,1
TXN01781,U01781,34,Other,5.21,0.65,1.93,2.92,5.45,229,118,6.89,Low,Yes,,0
TXN01782,U01782,23,Female,6.79,5.38,4.3,3.66,3.37,145,247,7.33,High,No,Severe,1
TXN01783,U01783,24,Other,7.52,2.31,3.19,5.05,5.44,247,92,9.45,Low,No,Mild,0
TXN01784,U01784,34,Other,9.24,5.28,3.61,3.15,4.7,279,145,11.74,High,No,Moderate,1
TXN01785,U01785,27,Other,8.14,1.26,2.87,3.0,3.28,344,233,9.7,High,Yes,Severe,1
TXN01786,U01786,32,Male,3.27,2.65,1.55,0.84,4.01,250,81,5.21,High,Yes,Mild,0
TXN01787,U01787,23,Other,9.9,3.3,4.86,4.2,4.65,262,130,11.63,High,Yes,Severe,1
TXN01788,U01788,28,Female,11.69,4.73,4.69,1.78,3.31,278,66,13.52,Medium,No,Moderate,1
TXN01789,U01789,27,Other,4.42,1.63,3.58,3.45,7.99,115,62,6.61,Low,No,Mild,0
TXN01790,U01790,18,Male,4.02,2.47,3.06,5.88,5.72,152,193,4.97,High,No,Mild,0
TXN01791,U01791,18,Other,6.31,5.98,3.72,5.77,4.12,233,196,8.67,Medium,Yes,Moderate,1
TXN01792,U01792,22,Other,10.05,4.32,5.69,0.91,5.36,153,196,11.73,Low,No,Severe,1
TXN01793,U01793,26,Other,8.97,4.23,2.97,4.05,5.51,283,78,9.73,High,No,Moderate,1
TXN01794,U01794,34,Female,3.84,0.51,3.76,4.76,5.01,33,168,6.78,Medium,No,,0
TXN01795,U01795,19,Other,4.83,3.32,2.16,3.35,8.54,239,31,6.47,Medium,Yes,,0
TXN01796,U01796,31,Other,7.95,4.08,4.68,5.08,6.69,173,72,10.1,Low,No,Moderate,1
TXN01797,U01797,34,Other,8.94,5.81,6.21,1.51,5.01,286,160,9.66,Medium,Yes,Severe,1
TXN01798,U01798,21,Male,9.47,5.37,3.14,1.11,6.5,193,165,10.3,High,Yes,Moderate,1
TXN01799,U01799,25,Male,8.62,3.01,4.94,4.92,6.57,232,139,10.8,Medium,No,Severe,1
TXN01800,U01800,28,Other,10.23,2.6,4.2,4.03,4.4,223,189,12.98,Low,Yes,Moderate,1
TXN01801,U01801,27,Male,10.29,5.62,2.17,1.39,6.85,145,169,12.28,High,Yes,Moderate,1
TXN01802,U01802,32,Male,6.28,0.55,3.01,1.96,5.73,265,55,7.4,Medium,No,Mild,0
TXN01803,U01803,27,Other,5.18,2.25,3.38,5.4,5.89,110,105,6.24,Medium,No,,0
TXN01804,U01804,35,Female,10.34,4.84,4.72,2.03,3.0,152,167,12.91,Medium,Yes,Moderate,1
TXN01805,U01805,32,Female,11.98,1.87,3.08,5.66,4.7,128,115,14.88,Low,No,Moderate,1
TXN01806,U01806,30,Male,10.26,3.82,4.1,3.41,4.18,108,98,11.69,Medium,No,Moderate,1
TXN01807,U01807,19,Male,11.56,1.52,4.5,1.51,6.43,269,248,12.38,Medium,No,Severe,1
TXN01808,U01808,32,Male,11.54,3.63,3.23,1.54,4.45,246,216,14.31,High,Yes,Moderate,1
TXN01809,U01809,28,Male,9.76,4.54,5.86,2.7,4.42,306,216,11.39,Low,No,Severe,1
TXN01810,U01810,27,Other,4.09,1.9,0.69,3.38,8.4,84,170,6.62,Low,No,,0
TXN01811,U01811,34,Male,9.71,5.87,4.8,1.35,3.0,127,97,10.22,Low,No,Severe,1
TXN01812,U01812,32,Female,11.37,1.31,4.07,4.61,3.2,292,143,13.72,High,Yes,Moderate,1
TXN01813,U01813,20,Other,4.96,1.15,0.82,4.96,6.73,58,177,7.57,Medium,Yes,,0
TXN01814,U01814,35,Male,6.91,2.3,3.49,2.13,7.04,225,74,8.15,Low,No,Mild,0
TXN01815,U01815,34,Male,4.64,2.35,1.73,3.64,5.88,164,149,6.66,Low,No,Mild,0
TXN01816,U01816,35,Male,11.29,5.88,2.54,5.93,3.77,261,123,13.99,Low,No,Severe,1
TXN01817,U01817,18,Female,7.04,2.75,1.2,3.39,6.27,177,79,9.43,High,No,Mild,0
TXN01818,U01818,25,Male,10.16,2.19,3.43,4.41,3.53,143,139,11.87,High,No,Severe,1
TXN01819,U01819,18,Male,3.47,3.2,0.79,1.43,6.73,109,30,4.53,Low,Yes,,0
TXN01820,U01820,28,Female,10.5,4.59,3.94,4.47,5.56,222,188,11.48,Medium,Yes,Moderate,1
TXN01821,U01821,23,Female,10.29,5.18,2.84,5.16,4.19,245,65,12.74,Medium,No,Moderate,1
TXN01822,U01822,35,Male,6.74,1.21,2.5,5.93,7.05,316,66,8.97,Medium,No,Moderate,1
TXN01823,U01823,20,Male,10.08,3.96,6.31,4.28,5.94,216,112,11.79,Low,Yes,Severe,1
TXN01824,U01824,26,Other,6.17,1.56,1.82,3.83,4.03,258,130,7.94,Medium,No,Mild,0
TXN01825,U01825,21,Male,5.89,5.09,3.44,4.45,4.89,296,183,7.01,High,Yes,Severe,1
TXN01826,U01826,33,Other,10.39,0.51,2.74,3.73,6.92,295,68,12.68,Medium,No,Moderate,1
TXN01827,U01827,26,Other,11.86,5.97,2.59,5.58,6.1,128,110,12.56,High,Yes,Moderate,1
TXN01828,U01828,30,Other,6.54,1.38,4.56,4.52,4.77,150,179,8.43,High,No,Mild,0
TXN01829,U01829,32,Other,7.81,0.57,2.37,1.37,6.84,78,137,9.02,Medium,Yes,Mild,0
TXN01830,U01830,25,Female,6.08,2.8,2.4,5.63,5.62,209,141,7.24,Low,Yes,Moderate,1
TXN01831,U01831,19,Other,7.55,5.81,3.83,5.96,3.09,133,75,10.5,High,Yes,Moderate,1
TXN01832,U01832,27,Other,10.79,0.93,3.2,5.21,3.0,224,186,11.54,Medium,No,Severe,1
TXN01833,U01833,19,Male,6.09,4.9,2.56,4.12,3.4,257,168,6.67,Medium,Yes,Moderate,1
TXN01834,U01834,28,Other,5.03,5.48,4.31,3.12,7.18,183,136,6.27,High,Yes,Moderate,1
TXN01835,U01835,24,Female,3.72,4.63,3.56,4.6,5.8,271,176,6.04,High,No,Severe,1
TXN01836,U01836,30,Male,11.98,1.23,3.23,1.87,6.06,237,161,14.79,Medium,Yes,Moderate,1
TXN01837,U01837,30,Female,3.66,3.44,0.07,2.56,8.16,134,16,4.7,Medium,No,,0
TXN01838,U01838,19,Female,6.54,0.73,3.18,2.89,3.0,101,98,8.87,High,Yes,Moderate,1
TXN01839,U01839,18,Male,8.61,3.73,1.64,1.69,3.1,120,107,9.26,High,Yes,Moderate,1
TXN01840,U01840,29,Male,4.22,3.85,1.36,4.29,7.95,137,109,6.14,High,No,,0
TXN01841,U01841,23,Female,11.72,0.73,4.89,3.43,3.0,345,208,13.09,Medium,No,Severe,1
TXN01842,U01842,26,Male,11.83,3.75,2.15,2.25,6.26,244,137,14.06,Medium,Yes,Moderate,1
TXN01843,U01843,35,Female,3.15,3.59,3.67,3.77,5.27,144,175,4.18,Medium,No,Mild,0
TXN01844,U01844,23,Male,10.8,3.78,4.34,1.32,5.12,216,78,12.09,Medium,No,Moderate,1
TXN01845,U01845,31,Female,3.92,2.81,1.36,3.48,3.84,57,115,5.54,High,Yes,Mild,0
TXN01846,U01846,18,Female,4.18,2.44,3.98,2.51,6.14,38,110,7.07,High,Yes,,0
TXN01847,U01847,25,Male,9.11,3.99,2.76,3.23,3.0,233,103,10.48,Medium,Yes,Severe,1
TXN01848,U01848,23,Male,5.3,0.91,0.98,2.3,6.49,87,29,7.57,Medium,No,,0
TXN01849,U01849,28,Other,9.25,5.93,4.27,0.8,5.35,156,236,12.08,Low,No,Severe,1
TXN01850,U01850,27,Other,10.63,2.73,3.26,2.32,6.08,266,150,11.62,Medium,No,Severe,1
TXN01851,U01851,35,Other,7.14,3.51,1.63,4.28,3.12,137,127,10.12,High,No,Moderate,1
TXN01852,U01852,20,Male,7.88,1.84,0.82,4.03,6.24,96,46,9.89,Medium,No,Mild,0
TXN01853,U01853,24,Male,10.65,1.29,5.23,4.34,3.06,299,124,11.68,Medium,No,Severe,1
TXN01854,U01854,23,Male,10.82,5.57,3.69,4.7,5.77,330,207,12.26,High,Yes,Severe,1
TXN01855,U01855,32,Other,7.26,1.8,4.53,1.38,6.94,277,126,9.39,Low,Yes,Mild,0
TXN01856,U01856,23,Male,3.2,1.02,3.55,0.5,5.6,103,98,5.6,Low,No,Mild,0
TXN01857,U01857,24,Male,11.65,3.22,2.68,3.75,3.0,280,92,14.15,Medium,No,Severe,1
TXN01858,U01858,28,Other,10.58,4.3,2.11,2.64,7.02,203,147,12.17,High,Yes,Moderate,1
TXN01859,U01859,25,Female,4.12,0.52,3.33,4.84,8.93,74,54,5.08,Medium,Yes,,0
TXN01860,U01860,32,Male,7.21,1.7,5.36,2.78,6.17,269,73,10.1,Medium,No,Moderate,1
TXN01861,U01861,32,Other,3.03,3.57,0.21,2.58,4.66,177,95,3.95,High,No,,0
TXN01862,U01862,27,Female,3.76,5.03,4.96,4.85,3.44,138,123,6.5,Medium,Yes,Severe,1
TXN01863,U01863,29,Other,7.56,2.85,2.48,2.54,7.87,270,150,10.14,Low,Yes,Mild,0
TXN01864,U01864,30,Other,4.72,3.3,4.73,3.99,7.27,158,107,7.58,High,Yes,Mild,0
TXN01865,U01865,32,Other,5.41,3.77,3.38,1.65,6.05,110,190,7.66,High,No,Mild,0
TXN01866,U01866,20,Male,5.32,5.53,3.62,0.69,6.23,317,145,7.85,Low,No,Moderate,1
TXN01867,U01867,31,Male,9.98,2.9,2.47,1.22,3.9,241,130,12.71,Low,Yes,Moderate,1
TXN01868,U01868,35,Female,8.27,5.64,3.73,4.08,5.87,116,149,10.31,High,No,Moderate,1
TXN01869,U01869,18,Female,3.04,0.9,3.54,2.9,6.85,279,81,3.88,Low,No,Mild,0
TXN01870,U01870,23,Male,10.44,5.61,2.25,2.69,4.97,219,190,11.1,High,Yes,Moderate,1
TXN01871,U01871,32,Other,7.73,3.5,3.53,2.31,5.36,307,139,8.4,High,Yes,Moderate,1
TXN01872,U01872,20,Male,11.89,1.6,5.29,3.67,3.77,203,209,14.26,High,No,Severe,1
TXN01873,U01873,28,Male,7.64,4.28,4.09,3.62,6.49,139,203,8.74,Low,No,Moderate,1
TXN01874,U01874,30,Female,10.24,0.78,4.57,3.66,3.0,146,188,11.74,Low,Yes,Severe,1
TXN01875,U01875,29,Female,11.11,4.53,5.14,2.73,3.35,252,223,13.98,Medium,No,Severe,1
TXN01876,U01876,29,Female,3.9,5.81,2.62,2.87,3.0,103,163,5.71,Medium,No,Moderate,1
TXN01877,U01877,19,Female,6.22,2.78,3.01,2.29,3.59,318,130,8.87,Medium,Yes,Moderate,1
TXN01878,U01878,18,Male,4.29,5.16,3.21,3.41,6.2,234,94,6.07,Low,No,Severe,1
TXN01879,U01879,20,Male,7.07,5.77,3.23,0.75,5.7,297,133,7.95,Low,No,Moderate,1
TXN01880,U01880,19,Female,10.18,2.33,1.79,3.86,5.31,97,220,12.62,Medium,Yes,Moderate,1
TXN01881,U01881,18,Male,8.25,2.88,2.66,3.84,4.78,347,237,10.94,Low,No,Severe,1
TXN01882,U01882,35,Female,5.42,1.65,2.36,1.99,3.76,136,50,7.08,Medium,No,Mild,0
TXN01883,U01883,34,Other,11.76,0.58,2.89,4.02,7.19,236,129,13.95,Medium,Yes,Moderate,1
TXN01884,U01884,31,Female,3.01,4.44,2.6,1.31,6.82,309,76,5.51,Low,No,Moderate,1
TXN01885,U01885,34,Female,5.52,5.13,2.47,1.55,3.5,135,148,6.26,High,No,Severe,1
TXN01886,U01886,27,Male,7.79,3.03,3.24,5.76,4.21,134,57,9.57,Medium,No,Mild,0
TXN01887,U01887,18,Male,7.51,4.65,2.92,3.84,5.64,258,191,9.75,Medium,Yes,Severe,1
TXN01888,U01888,25,Female,8.82,1.71,5.48,2.86,6.22,182,205,10.26,High,No,Moderate,1
TXN01889,U01889,31,Female,10.55,2.11,3.67,1.04,7.32,139,65,12.01,Low,Yes,Moderate,1
TXN01890,U01890,20,Female,11.84,3.41,5.97,4.7,4.21,253,128,13.08,Low,No,Severe,1
TXN01891,U01891,27,Male,6.73,3.52,4.94,5.63,7.08,150,99,8.38,Low,Yes,Moderate,1
TXN01892,U01892,32,Female,8.62,5.7,2.51,1.33,3.0,245,236,9.26,High,No,Severe,1
TXN01893,U01893,35,Female,8.65,2.96,5.08,3.54,5.74,239,238,9.96,Medium,Yes,Severe,1
TXN01894,U01894,33,Female,5.83,1.61,2.1,5.94,8.45,159,153,7.89,Low,No,,0
TXN01895,U01895,34,Female,3.6,3.71,1.28,3.81,7.01,97,109,5.37,High,No,,0
TXN01896,U01896,35,Male,4.89,1.95,2.85,2.76,6.06,275,79,7.79,High,No,Mild,0
TXN01897,U01897,22,Male,5.14,2.7,0.44,1.13,7.34,190,169,5.71,Medium,Yes,,0
TXN01898,U01898,35,Female,7.71,2.63,4.22,4.69,5.2,124,71,9.83,Medium,Yes,Moderate,1
TXN01899,U01899,19,Female,10.86,0.76,3.94,1.71,6.41,240,207,11.72,High,Yes,Moderate,1
TXN01900,U01900,34,Female,8.96,5.17,5.05,3.84,4.14,136,152,11.24,Low,No,Severe,1
TXN01901,U01901,32,Female,7.6,2.78,3.67,4.51,3.91,138,151,8.99,Medium,Yes,Moderate,1
TXN01902,U01902,25,Female,9.66,4.71,5.76,4.12,6.06,150,172,10.98,High,Yes,Severe,1
TXN01903,U01903,19,Male,6.22,4.04,4.5,3.9,5.14,314,146,8.01,High,No,Severe,1
TXN01904,U01904,27,Male,6.31,3.3,1.64,5.85,5.1,133,163,9.19,High,Yes,Mild,0
TXN01905,U01905,28,Other,10.66,1.59,3.74,2.94,4.36,282,165,13.21,High,Yes,Moderate,1
TXN01906,U01906,32,Female,10.91,2.98,4.19,0.79,6.07,184,253,13.84,High,No,Severe,1
TXN01907,U01907,34,Male,5.63,2.77,2.69,4.96,3.81,249,99,8.18,Medium,No,Mild,0
TXN01908,U01908,20,Female,6.89,5.66,4.85,3.14,5.51,254,143,9.56,Medium,No,Severe,1
TXN01909,U01909,23,Other,8.41,4.37,2.19,2.92,3.37,190,208,10.85,Low,Yes,Moderate,1
TXN01910,U01910,20,Other,5.98,2.53,3.62,2.17,4.44,265,98,7.05,Medium,Yes,Mild,0
TXN01911,U01911,29,Female,3.62,2.41,3.76,3.46,6.32,259,139,4.18,Medium,Yes,Mild,0
TXN01912,U01912,30,Female,10.62,4.4,3.96,4.5,3.65,286,236,12.01,Medium,Yes,Severe,1
TXN01913,U01913,21,Male,6.82,2.93,2.95,5.72,6.94,109,196,8.98,Medium,Yes,Moderate,1
TXN01914,U01914,25,Female,10.09,2.15,3.49,3.14,5.25,139,241,11.23,High,Yes,Severe,1
TXN01915,U01915,27,Male,3.23,5.98,3.97,4.45,3.46,193,138,5.39,Low,Yes,Moderate,1
TXN01916,U01916,31,Female,11.66,3.99,5.48,4.62,5.49,255,214,13.12,Low,Yes,Moderate,1
TXN01917,U01917,30,Female,7.07,1.18,3.79,5.94,5.56,74,40,7.92,Medium,No,Mild,0
TXN01918,U01918,23,Male,10.3,5.57,2.14,5.17,3.48,264,121,11.47,High,Yes,Moderate,1
TXN01919,U01919,32,Male,11.75,3.55,5.96,3.19,4.88,129,114,13.44,Medium,Yes,Severe,1
TXN01920,U01920,27,Female,5.48,2.72,1.9,0.65,4.44,117,129,6.14,Medium,No,Mild,0
TXN01921,U01921,27,Other,4.26,4.95,5.65,1.11,3.83,250,122,5.71,Low,No,Severe,1
TXN01922,U01922,28,Male,6.2,4.67,4.16,3.17,4.87,307,132,8.73,Medium,Yes,Moderate,1
TXN01923,U01923,35,Other,5.91,5.85,5.37,2.34,3.0,309,143,8.49,Medium,No,Severe,1
TXN01924,U01924,30,Female,7.33,1.49,5.24,1.76,3.0,210,126,10.22,Low,No,Moderate,1
TXN01925,U01925,30,Other,9.58,4.33,3.9,3.15,4.71,175,128,10.97,Low,No,Severe,1
TXN01926,U01926,34,Female,7.2,5.03,3.25,1.24,5.2,199,93,9.16,Medium,Yes,Severe,1
TXN01927,U01927,31,Male,6.82,3.33,1.01,3.41,5.38,68,55,7.57,High,No,Mild,0
TXN01928,U01928,27,Female,4.86,0.96,0.37,0.86,5.53,143,151,6.39,High,Yes,,0
TXN01929,U01929,35,Female,3.7,3.01,0.18,4.19,7.34,101,123,4.95,Medium,No,,0
TXN01930,U01930,35,Male,8.87,0.51,5.05,5.02,5.85,152,83,10.3,Medium,Yes,Moderate,1
TXN01931,U01931,30,Male,3.3,1.52,1.02,5.77,5.64,140,205,5.53,Medium,Yes,Mild,0
TXN01932,U01932,23,Other,5.59,1.03,1.96,1.34,5.52,177,49,6.35,Low,No,Mild,0
TXN01933,U01933,22,Male,3.17,5.91,4.01,5.41,3.03,314,222,4.02,Low,Yes,Severe,1
TXN01934,U01934,19,Other,11.92,1.78,5.51,1.22,5.89,102,160,13.36,High,Yes,Moderate,1
TXN01935,U01935,19,Male,10.65,1.13,3.23,3.44,3.04,272,115,11.63,High,Yes,Severe,1
TXN01936,U01936,34,Male,6.41,5.85,5.59,1.37,5.4,190,175,8.99,Medium,No,Severe,1
TXN01937,U01937,24,Male,5.74,3.25,1.99,4.92,6.44,164,41,6.67,High,No,Mild,0
TXN01938,U01938,26,Other,4.56,0.8,4.04,5.73,4.81,247,156,6.65,Medium,Yes,Mild,0
TXN01939,U01939,35,Female,8.73,2.48,4.89,5.07,3.7,338,113,10.07,Low,No,Severe,1
TXN01940,U01940,28,Female,8.06,0.86,4.35,5.43,6.42,219,153,10.74,High,Yes,Severe,1
TXN01941,U01941,27,Female,3.95,3.1,4.77,1.71,5.52,203,134,4.85,Medium,No,Mild,0
TXN01942,U01942,28,Male,9.0,2.36,3.84,4.34,6.05,194,97,11.4,High,No,Moderate,1
TXN01943,U01943,27,Other,4.82,5.51,4.62,2.64,7.06,128,141,5.58,Medium,Yes,Moderate,1
TXN01944,U01944,32,Other,10.77,4.34,4.07,1.58,4.91,182,172,11.95,High,No,Severe,1
TXN01945,U01945,28,Other,7.5,2.86,3.48,0.64,7.23,155,177,8.37,High,No,Mild,0
TXN01946,U01946,35,Male,10.09,0.92,2.78,5.23,5.13,253,111,10.84,High,Yes,Severe,1
TXN01947,U01947,18,Other,5.2,3.23,1.63,1.22,3.97,231,82,7.64,Low,Yes,Mild,0
TXN01948,U01948,31,Female,10.33,5.77,5.22,0.61,6.93,188,135,12.26,Low,Yes,Moderate,1
TXN01949,U01949,30,Other,10.05,3.76,3.59,4.75,3.89,207,254,11.24,Low,Yes,Severe,1
TXN01950,U01950,27,Male,6.1,2.73,4.47,1.55,4.19,90,189,8.75,High,No,Mild,0
TXN01951,U01951,30,Male,10.39,1.94,5.79,0.94,5.1,171,254,11.92,Medium,No,Severe,1
TXN01952,U01952,31,Male,7.06,4.2,4.05,5.39,3.11,209,146,9.06,Low,Yes,Severe,1
TXN01953,U01953,23,Male,6.15,4.75,1.71,2.71,6.13,235,219,7.33,High,Yes,Moderate,1
TXN01954,U01954,25,Male,5.08,5.85,3.26,5.55,3.99,248,142,7.97,Medium,Yes,Severe,1
TXN01955,U01955,35,Male,10.17,1.96,4.51,5.75,6.79,216,218,11.21,Low,No,Moderate,1
TXN01956,U01956,30,Male,3.09,2.06,2.62,3.75,7.46,217,21,3.71,Medium,Yes,,0
TXN01957,U01957,34,Female,8.06,5.35,5.01,5.59,4.72,229,73,10.43,Low,Yes,Moderate,1
TXN01958,U01958,22,Female,4.1,5.15,2.4,3.26,6.24,174,142,5.98,Low,Yes,Moderate,1
TXN01959,U01959,24,Male,3.67,0.84,1.91,5.91,4.93,234,166,4.42,High,No,,0
TXN01960,U01960,28,Male,10.08,1.04,4.41,0.98,5.13,142,99,12.54,Low,No,Moderate,1
TXN01961,U01961,27,Other,11.16,4.18,2.42,5.84,4.44,330,112,12.38,Low,Yes,Severe,1
TXN01962,U01962,27,Female,5.85,5.5,6.14,0.91,6.28,179,201,7.54,High,No,Severe,1
TXN01963,U01963,27,Male,10.74,1.53,2.69,3.55,6.44,134,253,12.49,High,Yes,Severe,1
TXN01964,U01964,27,Male,4.52,4.03,2.88,2.06,3.0,306,150,5.23,Medium,Yes,Severe,1
TXN01965,U01965,31,Other,8.37,2.88,5.05,2.64,3.93,189,178,9.71,Medium,Yes,Severe,1
TXN01966,U01966,27,Female,11.04,0.51,4.93,2.06,5.34,141,209,13.0,High,No,Severe,1
TXN01967,U01967,30,Female,8.44,3.29,6.33,3.79,6.52,132,184,9.2,High,No,Severe,1
TXN01968,U01968,29,Female,11.45,5.54,2.43,2.5,5.17,316,102,14.08,Low,No,Moderate,1
TXN01969,U01969,22,Female,6.51,1.23,3.41,2.73,3.82,152,42,8.2,High,Yes,Mild,0
TXN01970,U01970,26,Male,4.0,1.72,3.95,2.58,7.42,127,61,5.15,High,No,,0
TXN01971,U01971,18,Female,11.72,5.89,3.25,3.48,3.17,159,90,13.43,High,Yes,Moderate,1
TXN01972,U01972,31,Male,4.52,3.26,0.45,2.43,8.07,61,50,5.59,High,Yes,,0
TXN01973,U01973,35,Male,4.4,0.57,1.11,2.3,5.2,69,106,7.4,High,No,,0
TXN01974,U01974,26,Female,3.83,4.49,3.82,2.99,6.51,148,160,6.55,Low,Yes,Moderate,1
TXN01975,U01975,18,Female,10.43,5.7,2.86,2.25,6.41,203,102,11.34,High,Yes,Moderate,1
TXN01976,U01976,27,Male,4.06,4.35,4.26,5.76,5.4,100,218,6.46,High,Yes,Moderate,1
TXN01977,U01977,35,Other,3.15,0.9,3.58,1.06,5.79,241,99,4.26,Low,No,,0
TXN01978,U01978,21,Other,11.37,1.94,3.48,2.75,4.94,277,225,12.19,Low,Yes,Moderate,1
TXN01979,U01979,34,Other,9.07,5.59,3.29,2.62,5.5,252,233,11.18,Low,Yes,Severe,1
TXN01980,U01980,21,Female,9.01,1.04,4.9,3.91,6.97,203,129,11.84,Low,No,Moderate,1
TXN01981,U01981,28,Female,7.97,5.77,5.26,4.81,5.57,168,70,9.83,Medium,Yes,Moderate,1
TXN01982,U01982,31,Female,8.1,0.77,2.79,5.42,5.24,295,204,9.67,Medium,Yes,Moderate,1
TXN01983,U01983,28,Male,6.78,1.82,3.41,2.0,4.9,101,86,8.28,Low,No,Moderate,1
TXN01984,U01984,25,Female,6.76,3.58,2.0,5.44,3.96,146,96,8.85,High,No,Mild,0
TXN01985,U01985,30,Other,8.54,1.38,4.05,2.69,4.11,207,192,11.19,Low,No,Moderate,1
TXN01986,U01986,27,Other,9.08,1.82,2.96,1.88,3.06,256,91,11.5,Medium,Yes,Severe,1
TXN01987,U01987,22,Other,5.77,4.46,3.77,5.68,3.89,152,173,7.61,Medium,No,Severe,1
TXN01988,U01988,18,Other,6.46,5.09,3.85,2.58,3.63,132,159,8.09,Low,Yes,Moderate,1
TXN01989,U01989,22,Male,8.59,2.36,4.8,2.47,6.29,342,111,9.9,High,Yes,Severe,1
TXN01990,U01990,19,Female,5.52,5.51,2.16,2.89,3.73,315,223,7.52,Medium,Yes,Moderate,1
TXN01991,U01991,27,Other,11.56,3.8,5.72,0.65,3.0,243,228,14.38,Low,Yes,Severe,1
TXN01992,U01992,25,Male,8.31,5.45,3.13,1.65,6.76,303,66,9.8,Low,No,Moderate,1
TXN01993,U01993,21,Male,10.55,3.73,4.4,2.16,5.61,335,181,11.07,Low,Yes,Severe,1
TXN01994,U01994,19,Other,3.96,1.82,0.97,2.56,5.52,174,139,4.67,Low,Yes,,0
TXN01995,U01995,18,Male,4.65,3.7,2.17,1.05,4.36,270,127,6.09,High,No,Mild,0
TXN01996,U01996,34,Male,9.66,2.45,4.0,0.51,4.92,249,101,10.73,Medium,No,Moderate,1
TXN01997,U01997,25,Other,3.75,2.62,3.31,3.06,7.22,251,59,4.96,Medium,No,Mild,0
TXN01998,U01998,27,Other,10.54,2.94,4.73,1.15,4.23,283,155,11.53,High,Yes,Moderate,1
TXN01999,U01999,32,Male,11.77,2.85,3.28,2.85,3.16,135,185,13.89,Medium,Yes,Moderate,1
TXN02000,U02000,23,Male,7.98,5.02,4.19,3.12,3.15,259,83,10.47,High,Yes,Moderate,1
TXN02001,U02001,25,Female,3.62,1.13,1.91,3.51,8.67,26,113,5.69,Medium,No,,0
TXN02002,U02002,25,Female,4.22,1.59,2.75,3.47,6.34,73,75,5.67,High,No,Mild,0
TXN02003,U02003,25,Female,11.2,0.96,3.54,1.34,3.5,130,100,11.77,High,Yes,Severe,1
TXN02004,U02004,25,Other,8.13,3.46,6.03,1.32,3.19,303,108,9.15,Medium,No,Severe,1
TXN02005,U02005,34,Female,10.66,2.59,3.23,5.84,5.5,262,156,11.42,High,Yes,Severe,1
TXN02006,U02006,28,Female,8.13,5.35,3.76,1.66,4.46,135,114,8.88,Medium,Yes,Severe,1
TXN02007,U02007,23,Female,9.3,2.66,2.34,2.95,6.47,146,159,9.96,Low,No,Moderate,1
TXN02008,U02008,28,Female,11.49,1.71,5.63,1.87,6.38,218,190,12.78,Medium,No,Severe,1
TXN02009,U02009,34,Female,6.97,2.11,3.3,1.41,6.56,237,138,9.24,Low,Yes,Moderate,1
TXN02010,U02010,22,Female,5.83,5.77,3.91,5.84,4.78,188,201,8.65,Low,Yes,Moderate,1
TXN02011,U02011,22,Female,9.76,5.32,4.44,1.49,7.15,279,146,12.02,High,No,Moderate,1
TXN02012,U02012,26,Female,10.8,0.9,3.9,2.16,6.81,258,160,13.55,Low,Yes,Moderate,1
TXN02013,U02013,33,Male,7.15,5.91,5.16,5.2,5.11,303,91,8.37,Medium,No,Severe,1
TXN02014,U02014,29,Other,4.05,3.36,3.59,0.79,3.81,113,196,5.87,Low,No,Mild,0
TXN02015,U02015,22,Female,9.97,1.56,4.98,5.34,5.22,270,159,11.26,High,No,Severe,1
TXN02016,U02016,32,Male,3.11,1.58,2.52,4.19,8.32,220,148,4.68,Low,Yes,,0
TXN02017,U02017,22,Other,3.24,5.72,2.6,5.38,5.14,199,218,6.04,Low,No,Severe,1
TXN02018,U02018,24,Other,4.84,4.64,4.09,2.98,4.69,130,220,5.76,High,No,Severe,1
TXN02019,U02019,20,Other,9.28,2.6,5.01,4.02,4.04,163,176,11.97,High,Yes,Moderate,1
TXN02020,U02020,29,Male,11.26,2.04,5.26,0.79,6.0,162,156,13.31,Low,Yes,Severe,1
TXN02021,U02021,18,Male,3.7,5.44,2.77,1.1,4.45,320,200,5.99,High,Yes,Moderate,1
TXN02022,U02022,34,Male,9.6,3.67,4.63,4.54,4.19,253,82,10.25,Low,No,Moderate,1
TXN02023,U02023,29,Female,6.65,5.41,2.96,4.28,6.65,138,198,8.74,Low,No,Moderate,1
TXN02024,U02024,27,Female,7.12,2.44,1.8,0.73,5.78,116,168,8.91,Medium,No,Moderate,1
TXN02025,U02025,21,Other,7.38,4.99,4.6,0.7,6.43,280,99,8.27,Medium,Yes,Severe,1
TXN02026,U02026,34,Male,9.25,4.05,3.22,4.36,4.06,152,183,11.04,Medium,No,Severe,1
TXN02027,U02027,20,Male,8.12,3.09,5.73,2.91,4.71,307,223,9.12,Low,Yes,Severe,1
TXN02028,U02028,33,Female,10.83,4.46,5.86,2.33,6.51,178,185,11.8,Medium,Yes,Severe,1
TXN02029,U02029,28,Male,6.96,1.32,3.08,2.51,3.98,153,213,9.1,High,Yes,Moderate,1
TXN02030,U02030,30,Female,6.6,1.28,3.47,4.77,5.07,233,76,7.27,Medium,No,Moderate,1
TXN02031,U02031,35,Female,7.36,5.28,1.62,5.31,3.81,128,196,8.71,Low,No,Moderate,1
TXN02032,U02032,30,Female,6.87,3.58,4.19,1.9,3.21,184,80,7.78,Low,No,Moderate,1
TXN02033,U02033,21,Other,11.71,0.52,3.78,5.0,7.14,91,202,14.5,Medium,Yes,Moderate,1
TXN02034,U02034,32,Other,9.89,1.73,5.06,5.15,7.18,293,186,11.56,High,Yes,Moderate,1
TXN02035,U02035,27,Male,4.26,1.21,3.73,4.09,7.85,105,40,6.71,Low,Yes,Mild,0
TXN02036,U02036,22,Other,3.66,5.05,5.27,2.03,3.0,297,164,5.38,High,Yes,Severe,1
TXN02037,U02037,33,Female,10.64,4.3,3.39,3.08,6.31,303,174,13.48,High,No,Moderate,1
TXN02038,U02038,29,Male,9.39,2.89,4.69,2.71,4.95,165,75,11.41,High,No,Moderate,1
TXN02039,U02039,27,Male,10.01,0.59,4.86,2.52,3.0,335,162,12.87,High,No,Severe,1
TXN02040,U02040,32,Male,8.62,5.76,3.13,5.11,4.71,319,156,9.73,High,Yes,Severe,1
TXN02041,U02041,29,Other,9.24,3.13,2.57,0.78,3.41,216,228,11.21,Low,No,Moderate,1
TXN02042,U02042,21,Female,3.39,2.68,4.12,1.33,3.74,184,48,4.23,Medium,Yes,Mild,0
TXN02043,U02043,28,Other,8.38,5.25,5.27,1.62,4.33,219,193,10.66,Medium,No,Moderate,1
TXN02044,U02044,23,Other,3.97,3.64,2.69,1.0,4.83,117,169,6.78,High,No,Mild,0
TXN02045,U02045,25,Male,10.31,0.63,3.23,5.68,6.37,302,125,12.85,Medium,No,Severe,1
TXN02046,U02046,34,Male,4.28,2.66,1.33,5.22,7.17,62,142,6.45,Medium,Yes,,0
TXN02047,U02047,22,Female,3.19,2.65,1.0,2.17,7.06,257,44,4.49,High,Yes,Mild,0
TXN02048,U02048,24,Female,10.42,3.23,2.86,5.75,3.01,139,255,12.66,Low,Yes,Severe,1
TXN02049,U02049,24,Male,6.43,4.42,4.93,1.6,3.0,104,79,8.74,High,Yes,Moderate,1
TXN02050,U02050,35,Other,6.99,1.13,1.61,5.67,6.74,226,76,7.92,High,Yes,Moderate,1
TXN02051,U02051,26,Other,3.58,3.49,3.77,4.66,7.31,32,174,5.93,Low,No,,0
TXN02052,U02052,32,Other,6.75,0.99,3.88,2.67,6.1,219,46,8.53,Low,Yes,Mild,0
TXN02053,U02053,31,Male,7.68,2.42,4.74,4.69,5.06,172,105,10.1,Low,No,Mild,0
TXN02054,U02054,20,Other,3.33,2.42,2.19,1.67,8.01,82,17,5.99,Medium,No,,0
TXN02055,U02055,32,Female,8.57,2.1,2.96,3.57,6.54,316,168,9.42,Medium,Yes,Severe,1
TXN02056,U02056,29,Other,8.83,4.67,2.02,4.97,4.82,266,90,10.6,Medium,No,Moderate,1
TXN02057,U02057,34,Female,7.88,5.77,3.24,1.8,5.35,260,156,8.44,High,No,Moderate,1
TXN02058,U02058,30,Other,4.55,1.37,2.5,2.89,6.02,231,171,5.08,High,Yes,Mild,0
TXN02059,U02059,30,Female,3.77,2.67,4.07,1.43,6.18,219,194,5.96,High,Yes,Mild,0
TXN02060,U02060,25,Female,10.28,3.61,2.82,2.28,4.9,247,209,11.16,Medium,No,Severe,1
TXN02061,U02061,18,Female,7.94,1.53,3.03,5.78,6.09,136,47,10.75,High,No,Mild,0
TXN02062,U02062,21,Male,11.03,4.79,3.72,3.53,3.0,142,125,13.01,Medium,No,Severe,1
TXN02063,U02063,35,Other,7.8,0.94,1.26,5.87,6.07,65,54,10.48,Medium,Yes,Mild,0
TXN02064,U02064,23,Other,5.36,3.77,2.55,3.38,6.51,233,140,6.73,Medium,Yes,,0
TXN02065,U02065,18,Female,9.97,3.74,1.67,1.06,6.85,177,227,10.5,High,No,Moderate,1
TXN02066,U02066,26,Male,4.54,4.65,1.69,4.14,5.6,128,111,5.45,Low,No,Moderate,1
TXN02067,U02067,35,Other,3.14,1.42,0.97,4.8,5.94,105,45,5.99,Medium,Yes,Mild,0
TXN02068,U02068,31,Other,4.25,4.36,4.7,2.5,4.21,327,252,5.47,Low,No,Severe,1
TXN02069,U02069,20,Other,10.26,4.69,2.82,5.7,7.22,184,169,12.46,Medium,No,Moderate,1
TXN02070,U02070,30,Female,7.88,3.21,2.43,4.05,4.04,185,121,9.02,High,Yes,Moderate,1
TXN02071,U02071,31,Other,11.07,5.86,5.05,2.8,6.27,256,140,13.24,Medium,Yes,Severe,1
TXN02072,U02072,25,Female,8.95,5.6,5.02,5.7,4.93,343,196,11.53,Low,No,Severe,1
TXN02073,U02073,34,Male,5.82,1.35,3.44,4.96,6.63,154,135,6.33,High,No,,0
TXN02074,U02074,31,Female,9.94,3.86,2.47,5.06,4.03,152,175,12.93,High,No,Moderate,1
TXN02075,U02075,18,Male,9.87,4.85,3.68,0.83,6.58,133,242,10.81,Medium,No,Severe,1
TXN02076,U02076,18,Other,3.46,1.58,0.69,5.92,7.22,70,160,4.07,Medium,No,,0
TXN02077,U02077,33,Male,11.16,5.14,3.96,1.98,6.45,178,225,14.08,Low,Yes,Moderate,1
TXN02078,U02078,31,Other,4.24,3.58,1.4,2.45,7.54,196,177,4.75,Medium,Yes,,0
TXN02079,U02079,21,Male,5.8,2.39,3.54,1.27,6.59,87,74,8.36,Medium,No,,0
TXN02080,U02080,21,Other,4.01,1.81,1.41,0.66,8.97,62,117,5.4,Medium,No,,0
TXN02081,U02081,31,Female,10.56,2.59,3.13,4.17,3.0,138,224,11.97,Low,Yes,Severe,1
TXN02082,U02082,27,Male,6.08,0.94,3.33,2.87,3.88,209,200,6.78,Low,No,Mild,0
TXN02083,U02083,33,Male,8.99,5.58,3.78,2.47,5.5,181,206,11.24,Medium,Yes,Severe,1
TXN02084,U02084,35,Female,10.61,2.79,3.2,2.93,3.83,340,125,13.22,High,No,Severe,1
TXN02085,U02085,31,Other,9.47,4.69,4.59,4.69,4.06,115,109,11.85,Low,No,Moderate,1
TXN02086,U02086,32,Other,6.53,0.58,3.29,0.83,6.27,76,194,9.11,Low,Yes,Mild,0
TXN02087,U02087,28,Other,11.55,2.9,3.58,0.83,4.41,272,149,13.85,High,Yes,Moderate,1
TXN02088,U02088,31,Other,6.97,4.22,2.8,1.45,5.52,196,148,9.54,High,Yes,Severe,1
TXN02089,U02089,29,Other,10.65,1.0,2.77,1.34,3.55,245,127,12.15,Medium,Yes,Moderate,1
TXN02090,U02090,23,Other,10.07,1.81,2.59,1.23,4.53,184,178,11.52,Low,Yes,Moderate,1
TXN02091,U02091,28,Male,5.64,0.63,1.94,1.92,7.73,188,91,7.76,Low,No,Mild,0
TXN02092,U02092,20,Female,10.98,4.27,5.02,4.15,5.53,213,95,13.18,Low,No,Moderate,1
TXN02093,U02093,22,Other,9.15,1.13,4.29,3.07,3.47,290,151,11.67,Medium,Yes,Moderate,1
TXN02094,U02094,21,Other,10.58,1.28,4.06,4.59,6.19,215,123,13.13,Low,Yes,Moderate,1
TXN02095,U02095,35,Male,5.22,3.62,1.1,2.27,4.68,172,151,7.67,Low,Yes,Mild,0
TXN02096,U02096,34,Male,9.14,3.18,3.37,2.11,6.73,279,223,11.74,Low,No,Moderate,1
TXN02097,U02097,26,Other,5.47,0.78,4.04,1.48,4.29,220,136,7.83,High,Yes,Mild,0
TXN02098,U02098,19,Male,10.98,4.6,2.84,2.4,3.15,242,145,12.74,Medium,No,Moderate,1
TXN02099,U02099,19,Male,5.45,3.83,2.88,1.63,6.34,196,132,7.65,Medium,Yes,,0
TXN02100,U02100,31,Male,7.88,1.03,1.1,1.84,6.17,88,154,8.81,Low,No,Mild,0
TXN02101,U02101,25,Male,5.53,0.83,2.18,1.38,4.51,80,152,7.67,Low,No,,0
TXN02102,U02102,19,Female,9.94,4.57,4.34,0.92,6.29,189,198,10.74,High,No,Moderate,1
TXN02103,U02103,18,Other,5.14,3.61,3.47,0.97,7.92,177,102,7.49,High,Yes,Mild,0
TXN02104,U02104,34,Female,8.33,2.18,3.54,3.15,3.11,95,155,9.15,Medium,Yes,Moderate,1
TXN02105,U02105,18,Male,7.11,2.89,1.88,2.51,7.27,258,176,9.7,Medium,Yes,Mild,0
TXN02106,U02106,32,Female,3.06,2.54,3.86,5.35,6.33,75,199,4.22,High,No,Mild,0
TXN02107,U02107,29,Male,6.78,3.1,3.27,2.39,5.45,84,193,7.75,Medium,No,Mild,0
TXN02108,U02108,32,Male,7.02,4.26,2.87,4.65,4.35,231,126,9.64,Low,No,Severe,1
TXN02109,U02109,22,Male,9.68,4.71,3.13,4.77,5.35,96,160,11.09,Low,No,Moderate,1
TXN02110,U02110,35,Male,10.61,3.39,5.39,5.03,3.0,311,125,11.65,High,No,Severe,1
TXN02111,U02111,27,Female,5.67,2.65,1.53,3.22,5.42,75,15,6.91,High,Yes,,0
TXN02112,U02112,31,Male,10.01,4.26,3.1,4.19,3.79,200,220,11.08,High,No,Severe,1
TXN02113,U02113,31,Female,5.36,0.65,1.0,2.22,6.92,164,114,7.34,Medium,Yes,,0
TXN02114,U02114,35,Other,8.03,5.79,1.61,2.03,3.89,264,219,10.83,Low,No,Moderate,1
TXN02115,U02115,20,Male,9.89,3.67,3.12,5.74,5.61,305,242,10.67,High,Yes,Severe,1
TXN02116,U02116,30,Male,5.97,1.73,0.26,5.49,4.72,210,52,7.92,Low,No,,0
TXN02117,U02117,34,Female,4.41,3.14,2.87,0.61,6.11,169,189,6.84,Medium,Yes,Mild,0
TXN02118,U02118,32,Female,7.73,4.51,4.95,3.36,4.03,237,187,10.47,High,No,Moderate,1
TXN02119,U02119,23,Male,11.37,1.24,3.56,1.11,5.36,194,150,14.34,Medium,Yes,Moderate,1
TXN02120,U02120,31,Male,3.69,1.66,3.2,5.2,8.39,100,119,6.34,Low,No,,0
TXN02121,U02121,23,Male,8.37,5.9,3.87,2.44,5.78,315,196,9.13,High,No,Severe,1
TXN02122,U02122,33,Other,11.22,3.29,2.75,5.12,3.05,343,241,13.34,High,Yes,Severe,1
TXN02123,U02123,23,Female,9.28,1.13,2.43,5.03,5.15,199,191,10.65,High,Yes,Moderate,1
TXN02124,U02124,25,Other,10.22,4.3,4.09,1.16,5.87,144,210,12.25,High,No,Severe,1
TXN02125,U02125,19,Other,9.79,0.75,5.16,5.09,3.19,297,131,11.79,High,No,Severe,1
TXN02126,U02126,28,Female,7.53,2.38,2.48,5.82,7.6,229,193,10.32,High,Yes,Mild,0
TXN02127,U02127,26,Female,11.99,1.7,4.13,1.3,4.35,318,152,12.75,Medium,Yes,Moderate,1
TXN02128,U02128,35,Other,10.93,0.87,4.56,5.9,7.17,155,191,13.6,Low,Yes,Moderate,1
TXN02129,U02129,24,Male,6.65,0.71,4.38,2.67,5.47,156,156,7.8,Low,No,Moderate,1
TXN02130,U02130,21,Other,5.83,1.7,0.21,1.83,8.53,225,135,7.82,High,No,,0
TXN02131,U02131,31,Female,9.26,2.18,5.13,3.69,4.99,251,136,12.05,Low,Yes,Moderate,1
TXN02132,U02132,33,Other,8.72,5.41,2.91,5.7,7.07,197,167,10.49,Low,Yes,Moderate,1
TXN02133,U02133,33,Male,4.73,2.86,0.92,4.31,4.24,223,97,7.0,Low,Yes,Mild,0
TXN02134,U02134,23,Male,8.82,4.54,5.38,1.02,5.68,315,123,11.35,Low,No,Moderate,1
TXN02135,U02135,25,Male,6.9,2.2,1.66,5.4,3.35,292,144,8.13,Low,No,Moderate,1
TXN02136,U02136,18,Other,4.42,2.04,3.23,4.65,4.53,173,93,6.02,Medium,Yes,,0
TXN02137,U02137,34,Male,6.83,0.86,2.95,5.94,3.0,295,212,8.04,Medium,No,Moderate,1
TXN02138,U02138,35,Other,8.58,0.86,2.37,0.71,4.3,252,99,9.83,Medium,Yes,Moderate,1
TXN02139,U02139,23,Other,6.47,0.92,4.41,4.79,3.82,106,121,7.93,High,No,Mild,0
TXN02140,U02140,23,Male,3.32,5.76,2.57,2.6,4.62,239,173,5.32,Low,No,Moderate,1
TXN02141,U02141,35,Male,6.45,3.63,1.97,0.86,6.6,290,114,8.47,Low,Yes,Moderate,1
TXN02142,U02142,26,Other,8.88,5.22,3.58,2.58,5.13,256,138,10.06,Low,Yes,Severe,1
TXN02143,U02143,34,Other,7.85,1.77,1.75,1.65,5.37,243,174,9.3,High,No,Mild,0
TXN02144,U02144,31,Male,9.98,2.49,3.55,2.06,5.37,170,188,12.84,Low,No,Severe,1
TXN02145,U02145,32,Female,5.42,2.37,4.13,3.68,5.26,249,183,7.5,High,No,Mild,0
TXN02146,U02146,18,Female,5.24,2.85,4.42,5.3,5.6,138,93,6.55,Low,No,Mild,0
TXN02147,U02147,19,Female,5.33,1.19,2.2,1.61,4.67,171,165,6.68,Low,No,,0
TXN02148,U02148,27,Male,9.66,3.86,4.01,2.58,6.43,235,205,11.63,High,No,Severe,1
TXN02149,U02149,31,Male,9.31,3.02,5.81,4.03,6.02,346,200,11.27,Low,No,Severe,1
TXN02150,U02150,20,Female,3.24,4.67,5.59,1.93,6.38,308,204,4.0,Medium,No,Severe,1
TXN02151,U02151,31,Other,9.55,0.5,3.75,3.49,4.37,130,114,11.01,High,No,Severe,1
TXN02152,U02152,23,Male,4.84,4.32,6.28,2.52,6.09,236,237,6.63,Low,No,Severe,1
TXN02153,U02153,28,Other,10.03,2.75,4.43,4.85,3.93,177,144,10.64,High,No,Moderate,1
TXN02154,U02154,31,Male,3.65,5.07,4.55,1.42,3.59,239,121,4.9,Low,Yes,Severe,1
TXN02155,U02155,25,Other,7.85,5.29,5.6,2.85,3.68,186,142,9.64,Low,No,Moderate,1
TXN02156,U02156,27,Other,8.16,4.67,3.23,3.58,3.13,188,115,9.47,Medium,Yes,Moderate,1
TXN02157,U02157,20,Female,3.2,0.94,3.06,2.92,7.1,173,100,3.91,High,Yes,,0
TXN02158,U02158,34,Female,10.74,1.31,5.87,4.39,4.17,259,186,13.14,Low,Yes,Severe,1
TXN02159,U02159,31,Other,4.32,5.7,5.39,1.69,3.47,197,144,6.39,Medium,No,Severe,1
TXN02160,U02160,25,Male,5.09,3.45,3.5,1.33,4.7,167,147,5.81,High,Yes,Mild,0
TXN02161,U02161,21,Female,10.97,2.16,5.87,3.04,6.09,169,195,13.7,Medium,Yes,Severe,1
TXN02162,U02162,35,Other,5.82,0.73,3.26,5.5,7.82,209,165,8.35,Medium,No,Mild,0
TXN02163,U02163,26,Female,9.16,4.08,6.16,5.12,5.31,160,240,10.55,Low,No,Severe,1
TXN02164,U02164,18,Female,11.66,4.81,4.3,3.06,4.61,197,96,12.82,Low,Yes,Severe,1
TXN02165,U02165,32,Other,6.19,2.19,2.58,1.6,4.1,136,160,8.61,High,Yes,Mild,0
TXN02166,U02166,19,Other,10.1,4.04,1.79,5.18,6.22,293,169,11.53,Medium,Yes,Moderate,1
TXN02167,U02167,27,Other,9.5,2.39,3.7,5.77,4.4,258,173,10.91,Medium,Yes,Moderate,1
TXN02168,U02168,22,Male,11.47,2.86,2.53,4.26,6.22,320,93,14.12,Low,No,Severe,1
TXN02169,U02169,20,Male,3.63,4.55,5.66,3.72,5.49,217,197,4.32,High,No,Severe,1
TXN02170,U02170,20,Female,7.93,4.26,3.67,1.68,6.43,326,160,9.43,Low,No,Severe,1
TXN02171,U02171,32,Other,6.83,1.01,4.17,4.06,5.2,261,65,8.03,Medium,No,Moderate,1
TXN02172,U02172,30,Other,7.93,1.31,3.26,4.57,6.9,149,143,9.29,High,No,Mild,0
TXN02173,U02173,20,Female,5.49,1.4,1.73,1.77,6.98,202,87,7.23,Medium,Yes,Mild,0
TXN02174,U02174,33,Male,9.12,3.93,4.09,5.53,3.0,139,180,9.79,Low,No,Severe,1
TXN02175,U02175,27,Female,7.36,2.98,1.77,3.53,7.47,119,156,9.69,High,No,Mild,0
TXN02176,U02176,32,Other,5.69,2.16,0.51,1.53,7.23,92,41,6.23,High,Yes,,0
TXN02177,U02177,33,Male,8.81,5.11,6.37,3.45,5.46,304,194,10.34,Medium,No,Severe,1
TXN02178,U02178,24,Female,3.81,1.62,2.27,3.28,4.55,91,130,5.6,Low,No,Mild,0
TXN02179,U02179,35,Female,10.33,2.42,6.2,5.65,5.59,218,253,11.25,Low,No,Severe,1
TXN02180,U02180,19,Female,10.28,3.37,4.42,4.23,7.28,133,206,13.23,Medium,No,Moderate,1
TXN02181,U02181,32,Other,6.11,3.91,1.66,1.63,7.54,205,96,7.39,High,Yes,Mild,0
TXN02182,U02182,19,Male,11.93,5.78,1.86,1.92,4.63,156,97,14.19,Low,No,Moderate,1
TXN02183,U02183,29,Female,8.17,4.6,2.57,4.7,3.13,240,91,9.1,High,No,Moderate,1
TXN02184,U02184,24,Male,5.66,5.95,2.78,2.71,3.78,111,150,8.37,Medium,No,Moderate,1
TXN02185,U02185,20,Other,5.89,0.71,0.24,2.19,4.55,132,151,6.61,High,Yes,,0
TXN02186,U02186,31,Male,6.25,3.52,4.25,2.22,4.95,279,175,7.34,Medium,No,Moderate,1
TXN02187,U02187,35,Female,9.68,1.51,4.76,1.28,6.32,344,243,10.85,Low,Yes,Severe,1
TXN02188,U02188,20,Male,11.41,5.55,4.81,0.63,7.27,267,162,14.37,Medium,Yes,Moderate,1
TXN02189,U02189,34,Other,8.73,1.38,2.6,4.9,3.46,227,101,10.27,High,Yes,Moderate,1
TXN02190,U02190,20,Other,8.7,3.25,5.31,2.71,5.83,187,223,10.62,Medium,Yes,Moderate,1
TXN02191,U02191,24,Male,8.68,3.23,5.6,4.4,5.46,127,178,10.6,Low,No,Severe,1
TXN02192,U02192,22,Other,7.96,3.01,4.41,1.37,3.04,255,183,10.74,Medium,No,Moderate,1
TXN02193,U02193,22,Other,5.29,1.55,2.65,1.17,6.45,77,115,6.63,High,Yes,Mild,0
TXN02194,U02194,34,Other,10.96,4.92,2.49,5.61,6.21,257,192,11.5,Medium,Yes,Severe,1
TXN02195,U02195,18,Other,4.56,5.64,3.13,0.57,5.62,341,166,7.28,Medium,No,Severe,1
TXN02196,U02196,28,Male,3.37,3.69,1.83,0.96,5.96,241,189,5.13,Medium,No,Mild,0
TXN02197,U02197,19,Female,3.84,2.64,3.31,2.45,7.32,111,171,5.74,High,No,Mild,0
TXN02198,U02198,31,Male,9.28,5.51,4.05,5.06,3.23,189,78,10.82,Low,Yes,Moderate,1
TXN02199,U02199,21,Male,10.19,5.27,3.82,0.55,4.16,302,215,11.38,Medium,Yes,Moderate,1
TXN02200,U02200,34,Other,3.15,2.31,3.04,4.52,8.36,153,165,5.64,Medium,Yes,,0
TXN02201,U02201,27,Male,5.77,3.74,3.81,1.93,7.34,242,52,8.66,Low,No,Mild,0
TXN02202,U02202,35,Other,5.15,2.47,0.37,4.54,6.63,183,29,7.7,Medium,Yes,,0
TXN02203,U02203,30,Other,7.44,4.94,3.42,3.31,4.43,333,250,9.26,Medium,No,Severe,1
TXN02204,U02204,22,Other,8.34,1.42,4.7,5.67,5.31,137,105,10.15,Low,Yes,Moderate,1
TXN02205,U02205,24,Female,4.39,2.55,0.97,5.44,6.01,164,177,6.71,High,No,Mild,0
TXN02206,U02206,33,Female,7.52,3.86,3.2,2.28,5.38,212,133,9.86,High,No,Moderate,1
TXN02207,U02207,22,Other,3.71,2.47,1.6,5.66,5.15,143,124,5.71,Low,No,Mild,0
TXN02208,U02208,32,Female,11.69,0.98,5.14,4.38,3.41,259,188,13.9,Low,No,Severe,1
TXN02209,U02209,21,Male,10.55,4.09,5.56,3.9,4.01,210,147,11.72,Medium,No,Severe,1
TXN02210,U02210,29,Other,10.01,2.9,5.15,3.86,4.88,243,174,11.1,High,Yes,Moderate,1
TXN02211,U02211,24,Other,6.16,3.27,2.33,5.09,4.68,139,74,6.87,High,No,Moderate,1
TXN02212,U02212,22,Female,4.55,2.04,1.31,2.04,6.14,245,95,5.81,High,Yes,Mild,0
TXN02213,U02213,31,Male,7.98,3.62,3.68,1.9,5.85,102,86,10.49,High,Yes,Moderate,1
TXN02214,U02214,24,Other,4.77,2.15,0.82,5.11,5.2,111,152,7.14,Medium,No,Mild,0
TXN02215,U02215,33,Female,3.94,2.4,1.84,2.79,3.77,117,189,4.83,Medium,Yes,Mild,0
TXN02216,U02216,26,Other,11.38,5.04,4.01,4.35,4.33,137,251,12.71,Low,No,Severe,1
TXN02217,U02217,20,Male,3.96,4.3,4.44,5.02,4.47,203,225,6.77,Low,No,Moderate,1
TXN02218,U02218,20,Female,10.92,5.72,6.28,4.47,5.92,291,145,12.81,Low,No,Severe,1
TXN02219,U02219,28,Other,7.94,0.99,2.23,1.5,4.07,245,159,9.43,High,No,Moderate,1
TXN02220,U02220,30,Female,3.02,3.59,3.11,0.62,6.66,107,36,5.19,High,Yes,,0
TXN02221,U02221,33,Other,6.37,0.88,3.09,4.28,5.05,258,118,8.38,Low,No,Mild,0
TXN02222,U02222,21,Female,6.86,2.02,3.77,3.36,5.93,152,197,9.31,Medium,No,Moderate,1
TXN02223,U02223,32,Other,6.91,2.59,2.08,5.44,5.87,147,123,8.17,High,No,Mild,0
TXN02224,U02224,27,Other,5.0,4.71,3.75,4.11,3.36,310,170,7.5,Low,Yes,Moderate,1
TXN02225,U02225,26,Other,9.91,5.22,2.62,2.73,6.37,186,166,12.57,Medium,Yes,Severe,1
TXN02226,U02226,32,Male,7.2,5.97,5.06,1.1,6.37,289,154,8.86,Low,No,Severe,1
TXN02227,U02227,20,Male,10.37,4.13,5.18,3.16,3.0,218,209,13.27,Medium,No,Severe,1
TXN02228,U02228,25,Other,6.08,4.06,4.52,3.18,3.33,226,149,8.77,Medium,No,Moderate,1
TXN02229,U02229,28,Female,4.36,5.23,4.55,5.82,3.67,129,239,6.82,Medium,No,Severe,1
TXN02230,U02230,29,Male,11.35,1.04,4.04,0.74,5.64,260,157,13.42,Low,Yes,Severe,1
TXN02231,U02231,25,Other,4.92,4.55,5.55,4.01,4.1,201,94,6.58,Medium,No,Severe,1
TXN02232,U02232,21,Other,5.29,5.88,5.08,3.19,5.74,335,152,8.23,Low,No,Severe,1
TXN02233,U02233,28,Other,11.95,3.35,2.47,5.66,4.58,286,168,12.54,Medium,Yes,Moderate,1
TXN02234,U02234,30,Other,3.91,0.93,2.19,4.23,6.67,65,66,5.51,Low,No,Mild,0
TXN02235,U02235,26,Other,8.17,3.19,3.33,3.79,7.15,170,145,10.37,Medium,Yes,Moderate,1
TXN02236,U02236,29,Female,8.2,4.79,4.26,4.74,7.06,198,178,9.7,Low,No,Moderate,1
TXN02237,U02237,33,Other,12.0,2.52,4.3,2.46,5.27,194,76,13.72,Medium,Yes,Moderate,1
TXN02238,U02238,35,Male,4.93,4.78,5.47,1.77,4.45,117,114,6.96,Low,No,Moderate,1
TXN02239,U02239,32,Other,11.2,2.2,4.37,2.2,4.87,235,193,13.83,Low,No,Severe,1
TXN02240,U02240,31,Female,6.97,5.01,1.85,4.32,5.24,95,115,9.23,High,Yes,Moderate,1
TXN02241,U02241,25,Male,10.24,4.76,4.15,2.51,5.76,224,96,12.02,Medium,Yes,Severe,1
TXN02242,U02242,33,Male,10.29,5.7,4.43,4.9,3.54,219,198,11.77,High,Yes,Moderate,1
TXN02243,U02243,22,Other,11.61,4.88,3.06,1.95,5.06,207,130,14.12,Low,Yes,Severe,1
TXN02244,U02244,35,Female,8.11,5.88,5.77,4.96,5.99,225,171,9.74,Medium,No,Severe,1
TXN02245,U02245,24,Male,4.63,4.28,2.87,2.08,3.24,223,89,7.12,High,No,Moderate,1
TXN02246,U02246,30,Female,11.29,1.53,5.47,4.28,3.55,142,206,13.85,High,Yes,Moderate,1
TXN02247,U02247,31,Male,7.62,4.79,3.75,5.44,6.78,110,131,9.08,Low,Yes,Moderate,1
TXN02248,U02248,26,Male,8.96,1.84,3.37,1.97,3.0,149,118,9.92,Low,Yes,Severe,1
TXN02249,U02249,24,Female,3.01,3.15,3.91,5.56,5.81,178,51,5.34,Low,No,Mild,0
TXN02250,U02250,21,Male,11.74,1.8,4.26,1.29,4.82,125,213,13.29,Medium,Yes,Severe,1
TXN02251,U02251,21,Male,7.49,0.73,2.98,5.15,5.48,67,116,8.25,Medium,Yes,Mild,0
TXN02252,U02252,23,Male,6.48,2.14,2.91,2.7,5.67,209,141,7.25,High,Yes,Moderate,1
TXN02253,U02253,28,Male,9.46,4.27,2.52,4.25,4.64,154,210,10.04,High,No,Moderate,1
TXN02254,U02254,27,Male,4.18,4.98,5.59,4.38,5.58,264,78,4.99,Low,No,Moderate,1
TXN02255,U02255,30,Other,11.94,1.28,3.17,5.75,4.98,134,95,14.84,Low,Yes,Moderate,1
TXN02256,U02256,30,Female,9.56,4.8,3.76,1.45,5.68,160,134,10.34,High,Yes,Severe,1
TXN02257,U02257,26,Other,7.63,1.28,4.17,3.82,4.6,149,179,8.71,High,No,Mild,0
TXN02258,U02258,20,Other,3.04,2.49,0.96,4.92,8.33,142,94,4.39,Medium,No,,0
TXN02259,U02259,29,Male,4.1,5.32,4.54,2.17,6.98,285,87,4.98,High,Yes,Moderate,1
TXN02260,U02260,28,Female,6.31,5.73,3.93,3.15,5.5,146,151,8.83,High,No,Moderate,1
TXN02261,U02261,33,Female,3.73,3.17,0.11,0.68,6.35,135,29,6.46,Medium,Yes,,0
TXN02262,U02262,30,Female,3.04,1.01,1.57,3.47,5.54,182,176,4.93,Medium,Yes,,0
TXN02263,U02263,30,Male,8.03,1.13,4.63,4.7,3.92,243,201,10.67,Low,No,Severe,1
TXN02264,U02264,27,Male,5.92,5.75,5.77,5.62,5.7,241,252,8.09,Low,Yes,Severe,1
TXN02265,U02265,19,Male,5.05,1.47,3.12,2.81,7.43,240,155,6.38,Medium,No,Mild,0
TXN02266,U02266,18,Female,5.72,2.04,2.13,0.74,5.87,243,127,8.03,Low,Yes,,0
TXN02267,U02267,30,Female,3.18,2.37,1.96,3.16,5.75,254,189,5.91,Medium,No,Mild,0
TXN02268,U02268,21,Female,3.95,0.78,4.61,3.67,5.46,280,155,5.36,High,No,Mild,0
TXN02269,U02269,32,Other,4.35,3.61,1.82,1.42,7.57,73,90,6.12,Medium,Yes,,0
TXN02270,U02270,18,Male,8.48,1.92,5.14,3.41,3.67,231,92,11.09,Medium,Yes,Severe,1
TXN02271,U02271,24,Female,7.67,5.62,5.53,3.12,4.91,345,203,10.38,Medium,No,Severe,1
TXN02272,U02272,19,Other,9.81,1.63,3.86,5.04,3.55,147,192,11.48,Low,No,Moderate,1
TXN02273,U02273,20,Other,3.5,2.91,1.75,2.47,4.29,207,147,4.43,High,Yes,Mild,0
TXN02274,U02274,23,Female,5.59,1.4,1.57,5.68,4.79,256,76,6.63,High,Yes,Mild,0
TXN02275,U02275,30,Female,3.2,2.71,2.83,0.65,8.32,116,159,6.16,Medium,Yes,,0
TXN02276,U02276,29,Female,8.89,1.55,3.35,5.34,4.35,125,218,10.15,Low,No,Moderate,1
TXN02277,U02277,19,Male,3.3,2.6,3.76,1.9,8.49,162,101,4.52,Medium,No,,0
TXN02278,U02278,21,Female,11.66,3.97,4.66,3.36,3.0,132,157,13.04,Medium,Yes,Moderate,1
TXN02279,U02279,25,Male,11.77,2.76,6.37,5.84,3.74,329,97,13.47,Medium,No,Severe,1
TXN02280,U02280,23,Female,3.38,4.47,6.2,1.43,3.22,144,213,3.97,Low,No,Severe,1
TXN02281,U02281,24,Other,11.56,4.77,4.25,3.47,5.02,224,188,12.46,High,No,Moderate,1
TXN02282,U02282,20,Female,5.26,1.37,2.04,2.49,5.54,202,68,6.94,High,No,Mild,0
TXN02283,U02283,21,Other,6.84,1.79,3.84,3.48,5.98,175,41,7.39,Low,Yes,Mild,0
TXN02284,U02284,33,Female,5.81,4.27,3.0,0.62,5.16,312,90,6.52,Medium,No,Severe,1
TXN02285,U02285,26,Male,3.6,2.01,2.79,1.26,7.59,72,54,6.27,Medium,No,Mild,0
TXN02286,U02286,32,Male,5.88,4.57,4.72,2.46,4.73,264,211,7.5,Medium,Yes,Moderate,1
TXN02287,U02287,30,Male,3.5,3.44,3.87,2.11,6.14,261,88,4.5,High,No,Mild,0
TXN02288,U02288,25,Male,9.2,1.69,3.74,4.04,4.82,293,87,11.86,Medium,No,Moderate,1
TXN02289,U02289,22,Male,6.61,0.92,4.57,3.42,5.15,115,223,8.7,Low,Yes,Moderate,1
TXN02290,U02290,21,Male,8.09,3.23,5.52,5.86,5.91,97,223,8.91,Low,Yes,Moderate,1
TXN02291,U02291,35,Other,4.39,4.48,3.81,1.81,5.27,269,205,6.99,Medium,Yes,Severe,1
TXN02292,U02292,28,Other,7.55,3.76,1.21,3.45,7.92,150,122,10.08,Low,No,Mild,0
TXN02293,U02293,32,Female,3.75,3.81,3.89,5.47,6.6,232,132,5.01,Low,No,,0
TXN02294,U02294,35,Male,10.3,5.05,3.93,1.37,3.49,243,85,12.09,High,Yes,Moderate,1
TXN02295,U02295,27,Female,8.88,5.74,5.47,5.53,6.17,150,230,10.47,Medium,No,Moderate,1
TXN02296,U02296,27,Female,4.72,2.18,3.32,2.38,5.07,284,158,6.52,Low,No,Mild,0
TXN02297,U02297,21,Female,6.04,2.73,3.64,2.19,7.72,276,205,6.65,Low,Yes,Mild,0
TXN02298,U02298,35,Other,8.83,4.02,2.1,3.09,6.79,102,225,9.41,Low,No,Moderate,1
TXN02299,U02299,20,Female,6.77,2.45,1.71,2.78,5.0,97,143,8.22,High,Yes,Mild,0
TXN02300,U02300,26,Other,8.35,5.58,2.48,4.8,3.94,242,86,10.64,Medium,Yes,Moderate,1
TXN02301,U02301,28,Female,4.33,1.83,4.58,1.13,5.77,264,86,5.82,Low,No,Mild,0
TXN02302,U02302,31,Female,8.14,4.83,5.92,3.99,4.45,157,246,10.63,Low,No,Severe,1
TXN02303,U02303,27,Female,4.47,3.66,3.35,5.09,8.03,220,122,6.51,High,No,Mild,0
TXN02304,U02304,20,Female,11.85,1.87,4.78,4.84,3.0,321,131,14.2,Medium,Yes,Severe,1
TXN02305,U02305,18,Other,3.38,1.62,2.42,0.59,4.67,182,29,4.96,Medium,No,,0
TXN02306,U02306,27,Other,5.71,2.98,1.96,5.13,7.68,101,81,7.86,Low,No,,0
TXN02307,U02307,25,Other,4.12,3.91,2.39,4.48,7.87,208,125,5.73,Medium,No,,0
TXN02308,U02308,24,Male,5.75,1.77,3.1,3.73,4.95,273,94,8.1,High,Yes,Mild,0
TXN02309,U02309,34,Female,7.22,4.32,2.94,1.59,6.62,301,195,7.97,Low,Yes,Moderate,1
TXN02310,U02310,25,Female,5.5,1.87,4.39,4.24,3.93,113,148,6.78,Low,Yes,Mild,0
TXN02311,U02311,26,Female,3.19,3.64,1.5,4.43,6.56,34,76,4.27,Low,No,,0
TXN02312,U02312,19,Other,4.13,5.02,2.91,5.0,5.09,112,158,7.0,Medium,No,Moderate,1
TXN02313,U02313,26,Male,8.71,4.34,2.69,1.34,5.81,265,141,11.58,Medium,No,Moderate,1
TXN02314,U02314,23,Male,6.34,2.55,1.15,2.26,6.0,263,49,9.19,High,Yes,Mild,0
TXN02315,U02315,29,Other,11.13,2.42,5.37,4.51,3.5,190,107,13.17,Medium,Yes,Severe,1
TXN02316,U02316,33,Female,10.72,2.23,4.38,1.17,6.29,235,149,11.65,High,Yes,Severe,1
TXN02317,U02317,25,Female,3.16,4.81,2.08,2.76,6.7,109,202,5.3,High,No,Moderate,1
TXN02318,U02318,22,Other,3.08,4.79,4.23,5.67,3.51,199,129,3.72,High,No,Severe,1
TXN02319,U02319,31,Male,8.36,3.03,1.91,1.54,3.87,198,71,11.14,High,Yes,Moderate,1
TXN02320,U02320,19,Male,3.71,2.06,3.02,4.53,8.32,207,70,5.71,Medium,Yes,,0
TXN02321,U02321,26,Male,10.19,5.43,5.03,2.62,3.19,258,119,11.71,High,No,Severe,1
TXN02322,U02322,34,Other,10.36,2.44,4.08,3.78,6.57,285,99,12.51,Medium,No,Severe,1
TXN02323,U02323,35,Female,9.83,2.59,3.1,0.69,4.26,164,214,10.72,Low,Yes,Severe,1
TXN02324,U02324,22,Other,8.69,3.02,3.81,2.05,4.2,182,97,11.59,Low,Yes,Severe,1
TXN02325,U02325,32,Female,11.57,3.36,4.79,3.96,4.66,151,254,12.71,Medium,Yes,Severe,1
TXN02326,U02326,20,Male,5.34,3.14,3.06,5.69,5.41,186,146,6.96,Low,No,Mild,0
TXN02327,U02327,20,Other,6.82,2.45,0.98,4.18,7.28,265,142,7.84,Medium,Yes,Mild,0
TXN02328,U02328,19,Male,11.24,4.11,3.24,5.63,3.0,133,124,12.61,Medium,No,Severe,1
TXN02329,U02329,25,Other,9.93,4.37,3.53,1.83,5.95,115,161,11.67,High,No,Moderate,1
TXN02330,U02330,23,Female,10.56,1.09,2.73,3.14,3.59,308,91,11.42,High,Yes,Moderate,1
TXN02331,U02331,27,Other,6.03,0.63,1.03,2.38,6.35,63,169,9.01,High,Yes,Mild,0
TXN02332,U02332,33,Other,6.61,3.02,2.88,3.13,5.09,79,140,7.65,Low,No,Mild,0
TXN02333,U02333,25,Other,9.95,0.83,2.52,0.94,3.11,165,247,11.22,Low,Yes,Severe,1
TXN02334,U02334,26,Female,3.96,5.95,3.87,4.04,4.31,159,170,6.35,Low,No,Moderate,1
TXN02335,U02335,21,Male,7.7,4.89,2.23,2.35,4.94,173,226,9.21,Low,Yes,Moderate,1
TXN02336,U02336,19,Female,4.17,5.43,2.75,2.55,6.25,205,91,5.13,Low,No,Moderate,1
TXN02337,U02337,21,Other,11.31,5.18,2.26,5.24,6.87,93,151,11.98,Medium,No,Moderate,1
TXN02338,U02338,35,Male,10.21,5.17,3.27,1.2,4.47,200,160,11.92,High,Yes,Severe,1
TXN02339,U02339,31,Male,3.75,1.27,1.56,2.28,6.98,227,87,5.01,Low,Yes,,0
TXN02340,U02340,26,Female,9.25,1.32,3.75,5.1,3.76,108,127,11.92,Low,No,Moderate,1
TXN02341,U02341,29,Male,3.37,5.69,5.75,5.29,6.21,133,129,4.82,Medium,Yes,Severe,1
TXN02342,U02342,25,Other,9.03,2.75,3.13,0.63,4.94,290,88,11.71,High,Yes,Moderate,1
TXN02343,U02343,22,Male,9.6,5.16,3.91,4.12,4.8,352,167,11.92,Medium,Yes,Severe,1
TXN02344,U02344,19,Male,4.98,0.93,1.17,4.66,6.02,83,183,7.06,Medium,Yes,Mild,0
TXN02345,U02345,25,Other,4.41,4.0,1.78,3.73,4.51,99,130,5.01,Medium,No,,0
TXN02346,U02346,26,Male,10.13,4.94,5.21,2.99,4.23,299,193,11.78,Low,Yes,Moderate,1
TXN02347,U02347,21,Male,5.36,4.94,5.45,2.64,3.52,157,129,7.0,High,No,Severe,1
TXN02348,U02348,32,Other,9.53,0.65,2.46,5.96,4.92,156,223,11.6,High,No,Moderate,1
TXN02349,U02349,25,Male,5.22,1.09,1.72,4.61,8.19,128,62,6.18,High,No,Mild,0
TXN02350,U02350,18,Female,10.5,0.59,3.07,4.67,4.13,184,106,12.76,High,Yes,Severe,1
TXN02351,U02351,30,Female,5.17,4.27,1.74,0.65,5.3,193,229,6.5,Medium,Yes,Moderate,1
TXN02352,U02352,25,Other,6.57,2.64,2.75,0.84,4.88,223,167,8.23,Medium,No,Moderate,1
TXN02353,U02353,26,Male,7.65,3.07,4.39,1.86,7.34,61,53,10.45,Medium,No,Mild,0
TXN02354,U02354,32,Other,7.38,5.76,5.85,4.1,3.51,204,242,8.37,Low,Yes,Severe,1
TXN02355,U02355,21,Male,4.0,5.37,3.37,3.66,6.32,303,78,6.98,Medium,Yes,Moderate,1
TXN02356,U02356,26,Other,5.58,0.97,4.69,2.46,7.52,163,154,6.78,Low,Yes,Mild,0
TXN02357,U02357,31,Female,11.86,5.59,3.1,1.39,5.45,117,187,14.3,Low,Yes,Moderate,1
TXN02358,U02358,25,Male,11.16,5.32,5.43,2.21,5.23,274,239,12.11,High,No,Severe,1
TXN02359,U02359,30,Other,9.46,5.76,4.85,4.06,4.15,151,206,10.5,High,No,Severe,1
TXN02360,U02360,22,Other,5.46,3.22,3.69,5.61,4.58,246,183,8.02,High,No,Mild,0
TXN02361,U02361,25,Other,10.52,1.34,4.32,4.97,4.59,294,113,11.67,Low,Yes,Severe,1
TXN02362,U02362,24,Male,10.12,5.42,4.33,3.85,4.08,133,200,10.63,Medium,Yes,Severe,1
TXN02363,U02363,28,Female,7.16,1.19,5.12,1.17,3.51,96,165,9.4,High,Yes,Moderate,1
TXN02364,U02364,30,Female,5.72,1.65,3.17,4.32,5.72,81,115,7.88,High,No,Mild,0
TXN02365,U02365,18,Female,10.62,1.77,4.47,1.88,3.5,268,90,12.93,Medium,No,Moderate,1
TXN02366,U02366,28,Male,4.14,5.09,4.19,2.31,5.7,134,164,7.1,Low,Yes,Moderate,1
TXN02367,U02367,19,Male,3.75,2.3,0.3,0.89,7.13,69,158,4.89,Medium,Yes,,0
TXN02368,U02368,25,Female,3.01,4.2,4.62,1.27,5.54,260,167,5.18,Medium,Yes,Severe,1
TXN02369,U02369,22,Female,4.77,5.63,2.69,1.95,3.28,156,216,6.96,Medium,Yes,Severe,1
TXN02370,U02370,28,Male,9.52,0.89,2.95,5.93,5.57,260,230,10.36,Low,Yes,Severe,1
TXN02371,U02371,20,Male,7.74,5.91,4.89,1.17,4.63,253,226,9.81,High,Yes,Moderate,1
TXN02372,U02372,24,Female,6.72,4.71,5.16,2.9,3.17,254,138,8.01,High,Yes,Severe,1
TXN02373,U02373,31,Male,5.47,5.1,2.99,4.8,5.1,307,236,7.81,High,Yes,Severe,1
TXN02374,U02374,35,Other,4.34,5.38,5.62,4.93,6.2,169,187,7.06,Low,No,Severe,1
TXN02375,U02375,28,Other,10.61,1.41,2.35,1.52,5.67,284,130,11.76,High,No,Moderate,1
TXN02376,U02376,31,Female,9.9,4.51,3.34,1.12,7.27,119,84,11.17,Low,Yes,Moderate,1
TXN02377,U02377,26,Other,3.22,4.39,2.5,3.59,4.26,340,175,4.51,Medium,Yes,Severe,1
TXN02378,U02378,23,Male,10.02,3.42,6.12,0.79,6.25,272,115,12.24,Low,No,Severe,1
TXN02379,U02379,32,Other,4.51,2.77,3.55,5.82,6.28,25,70,5.37,Medium,No,,0
TXN02380,U02380,18,Female,4.58,2.26,3.43,3.74,7.98,174,98,6.88,High,Yes,Mild,0
TXN02381,U02381,28,Other,9.87,0.87,6.25,4.99,3.25,240,158,12.08,Low,Yes,Severe,1
TXN02382,U02382,24,Male,11.89,5.8,4.22,1.7,4.47,162,180,13.37,High,No,Severe,1
TXN02383,U02383,21,Male,4.44,5.71,2.77,5.18,3.82,97,68,6.3,Medium,No,Moderate,1
TXN02384,U02384,34,Female,9.29,3.68,2.26,1.89,5.77,125,195,10.96,Low,Yes,Moderate,1
TXN02385,U02385,34,Female,7.72,0.96,3.35,1.76,5.62,145,114,9.58,Low,Yes,Mild,0
TXN02386,U02386,22,Female,3.06,3.89,3.38,3.53,5.12,140,79,5.63,Low,No,,0
TXN02387,U02387,31,Female,9.86,1.65,3.18,0.86,5.71,277,148,11.24,Low,Yes,Moderate,1
TXN02388,U02388,20,Male,3.29,1.13,1.21,3.46,5.65,52,47,4.86,Low,Yes,,0
TXN02389,U02389,24,Other,6.77,5.98,2.94,1.82,3.0,315,225,7.85,High,Yes,Severe,1
TXN02390,U02390,22,Other,10.89,4.02,2.39,3.01,6.53,237,94,13.84,High,Yes,Moderate,1
TXN02391,U02391,21,Male,10.84,4.4,3.28,2.82,6.15,234,246,12.3,High,No,Severe,1
TXN02392,U02392,25,Male,4.86,0.51,2.3,5.5,3.99,59,139,5.61,Medium,No,Mild,0
TXN02393,U02393,18,Other,9.17,2.08,5.56,2.32,3.0,209,114,10.89,Medium,Yes,Severe,1
TXN02394,U02394,23,Other,7.64,3.72,1.98,1.15,3.73,264,44,9.78,Medium,No,Mild,0
TXN02395,U02395,24,Other,4.1,5.1,5.23,2.55,5.24,303,131,4.93,High,Yes,Severe,1
TXN02396,U02396,35,Female,4.74,3.01,2.58,2.17,5.27,124,54,7.63,High,No,Mild,0
TXN02397,U02397,23,Female,11.45,4.6,5.11,3.78,3.0,152,112,12.24,Medium,Yes,Severe,1
TXN02398,U02398,34,Other,9.17,5.09,4.25,4.37,4.58,170,192,9.77,Low,No,Severe,1
TXN02399,U02399,18,Other,11.72,0.61,5.23,2.47,6.96,318,194,12.24,High,No,Moderate,1
TXN02400,U02400,31,Other,3.61,5.39,5.77,5.05,3.0,280,146,5.03,High,No,Severe,1
TXN02401,U02401,29,Other,8.37,1.5,2.9,4.86,5.44,203,147,9.98,High,Yes,Moderate,1
TXN02402,U02402,24,Female,10.07,5.94,5.59,1.73,5.29,319,174,11.74,Low,No,Severe,1
TXN02403,U02403,21,Other,3.79,2.64,3.0,5.88,7.52,190,186,5.45,Low,Yes,Mild,0
TXN02404,U02404,23,Female,4.63,4.77,3.21,4.4,4.78,221,105,5.15,High,Yes,Severe,1
TXN02405,U02405,31,Female,9.13,0.89,5.09,4.0,6.1,275,248,11.43,Low,No,Severe,1
TXN02406,U02406,21,Male,9.66,4.61,5.32,3.65,5.5,247,237,12.37,High,Yes,Severe,1
TXN02407,U02407,28,Other,9.26,5.64,5.25,5.21,3.89,223,189,11.63,High,No,Moderate,1
TXN02408,U02408,29,Female,9.6,5.8,4.64,3.88,3.88,291,116,11.47,Medium,Yes,Severe,1
TXN02409,U02409,25,Female,3.46,5.5,4.67,4.05,4.22,252,240,4.67,High,No,Severe,1
TXN02410,U02410,32,Male,9.16,4.03,3.41,4.9,3.35,342,101,10.79,High,Yes,Severe,1
TXN02411,U02411,30,Other,8.76,5.59,2.74,1.78,6.36,302,155,11.74,Low,No,Moderate,1
TXN02412,U02412,26,Other,5.25,3.69,4.48,1.65,6.45,139,200,7.34,High,Yes,Mild,0
TXN02413,U02413,31,Female,6.27,5.2,4.2,4.66,6.25,252,174,7.81,High,Yes,Severe,1
TXN02414,U02414,34,Female,5.78,5.03,6.36,4.22,4.3,302,143,6.42,Medium,Yes,Severe,1
TXN02415,U02415,30,Other,3.85,5.57,4.95,1.56,5.06,289,250,4.36,High,Yes,Severe,1
TXN02416,U02416,23,Other,4.34,1.59,2.85,2.27,4.56,68,119,6.29,High,No,,0
TXN02417,U02417,28,Female,9.14,0.74,2.35,0.98,7.4,125,165,10.43,Low,No,Moderate,1
TXN02418,U02418,28,Female,10.28,2.07,4.2,1.94,5.2,173,125,13.2,Low,No,Severe,1
TXN02419,U02419,20,Male,5.63,4.86,2.92,0.68,3.99,181,145,7.05,High,No,Moderate,1
TXN02420,U02420,19,Male,3.37,1.12,1.01,1.57,8.88,87,107,5.28,Medium,No,,0
TXN02421,U02421,21,Other,7.96,1.87,4.25,1.01,5.76,212,68,10.57,Medium,Yes,Moderate,1
TXN02422,U02422,30,Female,3.93,1.35,4.28,5.48,6.13,115,201,4.5,Medium,No,Mild,0
TXN02423,U02423,35,Male,9.25,1.87,2.42,1.91,3.76,332,177,11.2,Low,Yes,Severe,1
TXN02424,U02424,28,Male,6.86,3.25,3.55,3.46,6.51,169,120,7.94,Low,No,Moderate,1
TXN02425,U02425,19,Other,5.37,5.03,2.54,3.36,5.22,336,152,6.87,Medium,Yes,Severe,1
TXN02426,U02426,18,Other,4.65,4.27,3.0,3.6,3.79,211,95,6.15,Medium,Yes,Severe,1
TXN02427,U02427,32,Other,3.21,4.47,6.22,4.23,3.0,139,143,5.17,Low,No,Severe,1
TXN02428,U02428,19,Other,7.11,3.8,4.38,5.52,5.42,241,58,8.99,Low,Yes,Mild,0
TXN02429,U02429,20,Male,9.67,1.37,6.08,4.81,4.84,153,90,12.3,Low,Yes,Severe,1
TXN02430,U02430,23,Male,4.56,2.8,4.26,5.44,4.27,92,170,5.64,Medium,No,Mild,0
TXN02431,U02431,32,Female,10.01,2.24,4.08,2.28,6.21,227,178,12.48,High,Yes,Moderate,1
TXN02432,U02432,24,Female,4.36,4.31,4.47,4.32,5.44,145,132,5.91,High,Yes,Severe,1
TXN02433,U02433,31,Other,9.33,2.51,3.92,1.26,6.86,215,169,9.86,High,No,Moderate,1
TXN02434,U02434,31,Other,10.98,5.73,4.16,4.32,3.26,334,177,11.92,Medium,Yes,Severe,1
TXN02435,U02435,32,Female,9.25,3.08,4.59,3.45,3.0,125,245,10.43,Medium,No,Severe,1
TXN02436,U02436,19,Other,11.95,0.98,5.22,3.33,5.63,129,204,13.22,Medium,Yes,Moderate,1
TXN02437,U02437,22,Male,11.04,4.28,2.68,4.04,3.8,155,202,11.61,Medium,Yes,Severe,1
TXN02438,U02438,34,Female,11.47,0.68,3.95,4.44,4.54,127,141,12.16,High,No,Severe,1
TXN02439,U02439,33,Other,11.72,3.67,3.07,0.85,5.0,224,113,14.46,Low,No,Moderate,1
TXN02440,U02440,29,Other,5.14,2.55,2.74,0.96,6.3,24,36,7.08,Low,No,,0
TXN02441,U02441,32,Male,3.02,4.36,3.49,4.31,6.41,265,167,4.73,Low,No,Moderate,1
TXN02442,U02442,33,Other,7.21,1.07,5.4,3.09,4.18,162,122,8.27,High,No,Moderate,1
TXN02443,U02443,30,Other,7.08,1.33,4.45,2.77,6.71,138,57,7.81,High,Yes,Mild,0
TXN02444,U02444,33,Male,3.46,1.08,3.02,2.49,6.97,58,135,4.08,Medium,No,Mild,0
TXN02445,U02445,25,Other,9.33,3.9,2.53,0.57,5.14,283,210,10.74,High,No,Severe,1
TXN02446,U02446,32,Female,9.07,4.1,5.84,2.34,3.14,278,198,10.37,High,No,Severe,1
TXN02447,U02447,23,Male,6.12,2.61,4.31,3.89,6.24,261,107,6.76,Low,No,Moderate,1
TXN02448,U02448,29,Other,10.01,1.66,3.57,5.68,5.64,342,183,10.74,Low,Yes,Severe,1
TXN02449,U02449,25,Male,10.82,4.84,5.58,2.68,4.68,325,245,12.44,High,Yes,Severe,1
TXN02450,U02450,34,Other,5.88,3.23,1.15,4.88,5.06,223,51,8.38,High,No,Mild,0
TXN02451,U02451,34,Other,3.71,2.0,2.45,3.34,5.45,229,101,5.47,Low,No,,0
TXN02452,U02452,29,Female,7.0,1.96,0.91,3.89,6.21,108,86,8.15,Low,No,Mild,0
TXN02453,U02453,21,Other,3.87,1.14,3.57,0.81,6.86,150,58,6.78,Medium,No,Mild,0
TXN02454,U02454,35,Other,9.01,4.5,3.99,5.0,3.24,181,212,10.54,High,Yes,Moderate,1
TXN02455,U02455,32,Male,9.51,1.59,3.5,5.65,4.49,349,100,12.22,Low,No,Severe,1
TXN02456,U02456,29,Other,8.55,5.72,4.25,1.24,4.41,174,140,10.42,Low,No,Moderate,1
TXN02457,U02457,22,Female,11.72,5.2,4.82,3.09,5.97,245,203,12.92,Medium,No,Moderate,1
TXN02458,U02458,23,Female,8.25,5.65,6.23,3.15,4.56,189,211,11.22,Low,Yes,Severe,1
TXN02459,U02459,20,Female,7.12,3.24,3.74,4.95,4.45,126,224,9.7,Low,No,Moderate,1
TXN02460,U02460,34,Female,7.67,3.9,3.96,3.48,4.97,210,149,8.9,Medium,No,Moderate,1
TXN02461,U02461,20,Male,5.12,0.52,4.47,5.59,4.31,203,94,6.66,Low,No,Mild,0
TXN02462,U02462,32,Female,6.0,5.95,5.55,3.7,4.03,319,128,7.79,Low,Yes,Moderate,1
TXN02463,U02463,34,Other,5.58,2.12,3.22,2.82,7.25,144,144,6.38,Low,No,Mild,0
TXN02464,U02464,30,Other,4.22,1.23,4.49,5.27,3.98,262,159,4.79,Medium,No,Mild,0
TXN02465,U02465,18,Male,10.8,5.82,2.01,0.69,6.08,205,227,13.61,Low,Yes,Moderate,1
TXN02466,U02466,32,Female,11.64,1.47,5.94,4.08,5.48,250,107,13.48,High,Yes,Severe,1
TXN02467,U02467,32,Other,10.85,2.44,3.15,0.84,5.73,158,250,11.54,High,Yes,Severe,1
TXN02468,U02468,23,Other,8.02,3.19,5.43,0.76,3.88,144,171,10.26,Medium,No,Severe,1
TXN02469,U02469,30,Male,6.39,2.45,2.9,5.08,3.26,97,107,8.46,High,Yes,Moderate,1
TXN02470,U02470,20,Other,11.44,5.53,4.49,3.47,4.05,135,170,14.03,High,No,Severe,1
TXN02471,U02471,34,Male,9.85,1.47,3.61,1.36,6.02,226,138,11.47,Low,No,Moderate,1
TXN02472,U02472,25,Other,3.71,1.71,2.7,4.98,6.93,241,132,4.44,High,Yes,,0
TXN02473,U02473,23,Male,11.26,1.64,4.13,2.6,4.06,200,122,13.73,High,No,Severe,1
TXN02474,U02474,31,Male,11.5,4.36,4.71,1.52,3.55,208,161,14.45,High,Yes,Moderate,1
TXN02475,U02475,34,Female,11.95,3.16,3.84,5.07,4.87,110,66,13.47,High,Yes,Moderate,1
TXN02476,U02476,29,Female,10.32,4.65,5.51,4.0,4.56,152,152,13.05,Low,Yes,Moderate,1
TXN02477,U02477,33,Male,8.8,4.72,2.62,2.32,3.63,216,239,10.47,Low,Yes,Severe,1
TXN02478,U02478,22,Female,4.53,2.39,4.5,2.96,7.8,134,81,7.0,Low,Yes,Mild,0
TXN02479,U02479,28,Male,5.61,2.76,3.21,4.84,6.78,203,155,8.34,Medium,Yes,Mild,0
TXN02480,U02480,21,Male,6.74,5.84,4.55,5.75,3.72,274,197,8.83,Medium,No,Severe,1
TXN02481,U02481,34,Other,6.52,4.83,5.9,2.59,3.0,196,221,8.7,Medium,No,Severe,1
TXN02482,U02482,25,Male,4.87,4.41,4.89,0.89,5.2,197,229,6.88,Medium,No,Severe,1
TXN02483,U02483,18,Female,8.93,2.83,2.25,4.23,4.08,170,214,11.53,High,No,Moderate,1
TXN02484,U02484,26,Other,3.29,2.77,2.54,3.77,5.43,41,47,6.15,Low,Yes,,0
TXN02485,U02485,34,Female,3.26,1.15,3.69,3.28,4.11,249,136,4.12,Low,Yes,Mild,0
TXN02486,U02486,35,Female,8.62,2.26,5.15,4.76,3.24,228,69,11.49,Medium,Yes,Moderate,1
TXN02487,U02487,26,Female,10.54,1.59,4.01,0.62,4.96,240,215,11.45,Medium,Yes,Severe,1
TXN02488,U02488,29,Other,8.47,4.13,3.87,4.33,4.72,354,165,9.85,Medium,No,Severe,1
TXN02489,U02489,29,Male,11.79,0.64,3.77,5.43,3.18,286,189,12.63,High,Yes,Severe,1
TXN02490,U02490,27,Other,7.63,5.31,5.43,2.07,3.23,147,224,8.99,Low,No,Moderate,1
TXN02491,U02491,29,Male,4.29,5.63,6.17,5.42,5.58,290,218,5.2,Low,No,Severe,1
TXN02492,U02492,20,Other,8.49,4.4,1.97,5.08,4.58,165,140,9.79,Low,Yes,Moderate,1
TXN02493,U02493,22,Other,7.26,2.62,4.09,1.94,3.81,221,205,8.11,Low,Yes,Moderate,1
TXN02494,U02494,25,Male,4.55,5.65,5.54,4.56,3.38,198,92,6.89,Low,Yes,Severe,1
TXN02495,U02495,27,Female,8.8,4.87,1.69,1.88,3.69,273,87,11.36,Low,No,Moderate,1
TXN02496,U02496,33,Male,8.15,3.71,1.84,0.65,7.06,212,220,10.93,Low,Yes,Moderate,1
TXN02497,U02497,28,Other,5.72,0.54,3.01,3.77,8.0,255,69,6.73,Medium,Yes,Mild,0
TXN02498,U02498,29,Female,7.26,1.61,3.2,4.27,5.65,100,158,8.83,Medium,Yes,Mild,0
TXN02499,U02499,25,Male,5.61,1.21,3.07,1.33,7.98,178,37,8.32,High,Yes,,0
TXN02500,U02500,19,Other,3.83,3.76,2.02,0.69,6.48,209,52,5.72,High,Yes,Mild,0
TXN02501,U02501,31,Male,5.72,2.48,0.75,5.03,4.98,167,166,6.31,Low,Yes,,0
TXN02502,U02502,28,Male,6.53,3.59,4.87,1.64,4.89,128,124,8.93,High,No,Moderate,1
TXN02503,U02503,27,Other,11.76,4.41,4.38,0.88,5.08,92,120,13.99,High,Yes,Moderate,1
TXN02504,U02504,33,Other,5.62,2.27,4.27,1.12,6.95,255,80,6.18,Low,No,Mild,0
TXN02505,U02505,29,Female,6.87,5.77,2.71,5.42,4.24,225,178,7.52,High,No,Severe,1
TXN02506,U02506,22,Other,6.22,5.23,4.24,1.74,5.81,318,143,7.01,Low,Yes,Severe,1
TXN02507,U02507,34,Male,9.55,1.01,5.49,4.2,7.29,104,145,11.98,High,No,Moderate,1
TXN02508,U02508,30,Other,10.74,1.63,4.1,5.28,3.0,213,242,12.76,Medium,No,Severe,1
TXN02509,U02509,25,Male,10.75,1.25,4.66,1.7,4.98,97,191,11.52,High,No,Moderate,1
TXN02510,U02510,33,Other,10.8,0.86,5.02,3.58,3.0,171,145,12.05,Low,No,Severe,1
TXN02511,U02511,33,Male,5.64,5.35,4.57,3.39,3.0,349,133,6.75,Medium,Yes,Severe,1
TXN02512,U02512,22,Female,7.72,5.39,6.05,5.11,3.0,220,230,10.58,High,No,Severe,1
TXN02513,U02513,21,Female,4.9,4.73,5.98,5.75,5.62,179,169,6.7,Low,Yes,Severe,1
TXN02514,U02514,35,Female,8.05,1.63,4.44,1.57,6.85,305,227,9.03,Low,Yes,Moderate,1
TXN02515,U02515,25,Female,6.7,2.91,2.88,2.77,7.74,125,172,8.28,Medium,No,Mild,0
TXN02516,U02516,25,Male,7.42,0.99,0.95,1.75,5.76,143,83,9.36,Medium,No,Mild,0
TXN02517,U02517,26,Other,6.23,2.16,3.65,1.11,6.39,154,85,7.65,Low,Yes,Moderate,1
TXN02518,U02518,24,Male,9.33,5.4,1.89,3.46,3.43,168,163,12.12,Low,No,Moderate,1
TXN02519,U02519,34,Other,8.47,2.7,4.59,4.8,4.44,271,226,9.64,Medium,No,Moderate,1
TXN02520,U02520,30,Male,7.51,1.86,2.83,1.91,7.52,254,99,9.26,Low,No,Mild,0
TXN02521,U02521,27,Male,10.9,4.22,4.13,2.23,7.36,306,210,12.29,Medium,No,Moderate,1
TXN02522,U02522,25,Other,11.93,5.18,2.77,5.75,5.0,160,128,13.67,Low,Yes,Severe,1
TXN02523,U02523,33,Other,11.16,4.28,4.36,4.08,6.17,286,178,13.52,Low,No,Moderate,1
TXN02524,U02524,29,Male,8.92,5.31,6.17,2.29,5.16,240,95,11.87,High,Yes,Severe,1
TXN02525,U02525,20,Other,6.66,5.55,3.84,3.49,3.0,230,156,9.3,Low,Yes,Severe,1
TXN02526,U02526,26,Other,8.06,1.54,5.38,3.11,4.19,128,197,8.99,Medium,No,Severe,1
TXN02527,U02527,21,Other,5.74,1.5,3.82,1.9,7.26,119,124,7.68,Medium,Yes,,0
TXN02528,U02528,33,Other,10.58,4.34,3.81,2.89,4.24,168,218,11.1,Low,Yes,Severe,1
TXN02529,U02529,20,Female,8.84,2.96,2.68,3.04,5.88,162,146,10.8,Low,No,Moderate,1
TXN02530,U02530,24,Male,7.96,5.03,3.29,5.5,5.21,214,88,10.18,High,Yes,Moderate,1
TXN02531,U02531,32,Other,3.11,3.56,3.78,1.19,7.7,92,177,5.25,Medium,No,,0
TXN02532,U02532,25,Female,3.37,1.99,4.0,5.71,7.05,163,87,4.09,Medium,Yes,,0
TXN02533,U02533,29,Female,9.96,4.83,5.95,5.41,3.01,179,213,10.88,High,No,Severe,1
TXN02534,U02534,33,Male,8.16,3.55,5.04,0.77,3.0,351,173,9.61,High,No,Severe,1
TXN02535,U02535,20,Other,6.07,3.58,4.33,4.51,3.99,189,159,8.97,High,No,Mild,0
TXN02536,U02536,18,Other,7.39,3.67,1.26,2.79,4.04,157,105,8.53,High,Yes,Mild,0
TXN02537,U02537,34,Other,5.17,4.67,4.23,4.9,3.0,321,167,7.85,Medium,Yes,Severe,1
TXN02538,U02538,23,Other,5.17,6.0,4.28,5.84,5.42,304,191,6.82,Low,No,Moderate,1
TXN02539,U02539,22,Female,6.07,1.45,4.53,1.36,7.08,241,182,8.64,High,Yes,Mild,0
TXN02540,U02540,33,Other,8.15,3.72,4.06,4.16,4.75,94,102,10.0,Medium,Yes,Moderate,1
TXN02541,U02541,29,Other,7.13,2.75,2.41,5.04,6.08,82,40,9.7,Low,No,Mild,0
TXN02542,U02542,18,Male,7.02,4.96,3.55,4.77,5.27,221,171,9.82,High,No,Moderate,1
TXN02543,U02543,19,Other,7.49,5.12,4.61,0.69,7.24,317,196,8.58,High,No,Moderate,1
TXN02544,U02544,31,Female,7.43,2.17,3.36,2.75,5.98,247,169,8.8,Medium,No,Moderate,1
TXN02545,U02545,30,Other,5.85,1.23,2.68,2.48,4.94,252,193,7.62,High,Yes,Mild,0
TXN02546,U02546,26,Female,7.49,3.68,0.81,5.56,3.88,133,125,9.9,Low,Yes,Mild,0
TXN02547,U02547,23,Male,6.57,5.95,2.5,1.69,6.7,189,130,7.93,Medium,No,Moderate,1
TXN02548,U02548,18,Female,8.51,4.44,1.73,5.96,6.29,299,131,10.95,Low,No,Moderate,1
TXN02549,U02549,20,Other,6.89,2.39,4.19,1.99,4.7,212,159,7.7,Medium,Yes,Moderate,1
TXN02550,U02550,18,Female,3.56,4.89,4.96,5.34,4.7,286,169,5.56,Low,Yes,Moderate,1
TXN02551,U02551,31,Male,5.07,5.96,2.92,3.43,3.7,227,130,7.5,High,Yes,Severe,1
TXN02552,U02552,25,Other,7.48,1.47,2.15,3.69,4.16,114,98,9.77,High,Yes,Mild,0
TXN02553,U02553,27,Other,4.28,1.64,3.74,0.69,7.84,22,83,5.27,Low,Yes,,0
TXN02554,U02554,35,Female,10.99,3.33,4.53,2.52,4.96,146,122,12.39,Medium,Yes,Severe,1
TXN02555,U02555,25,Other,6.96,3.76,4.0,4.03,5.37,230,69,8.65,Medium,No,Mild,0
TXN02556,U02556,30,Other,5.66,5.14,3.83,2.16,5.84,161,114,7.08,High,Yes,Severe,1
TXN02557,U02557,23,Other,6.92,0.67,2.43,1.3,6.61,140,230,9.84,High,No,Moderate,1
TXN02558,U02558,24,Other,5.37,5.79,3.7,3.56,5.76,236,74,6.42,Medium,No,Moderate,1
TXN02559,U02559,24,Male,3.72,2.55,1.75,1.02,5.99,248,188,6.28,Medium,No,Mild,0
TXN02560,U02560,18,Male,4.15,0.56,2.54,5.32,7.01,189,143,6.24,Low,No,Mild,0
TXN02561,U02561,27,Other,7.45,3.09,4.28,5.06,6.3,191,149,8.57,High,No,Mild,0
TXN02562,U02562,18,Other,5.08,2.34,1.24,5.21,6.22,59,41,6.39,High,No,,0
TXN02563,U02563,32,Other,5.65,3.65,3.94,1.75,7.22,177,101,8.44,Medium,Yes,,0
TXN02564,U02564,29,Male,5.88,4.59,3.26,2.9,5.88,184,115,6.57,Low,No,Moderate,1
TXN02565,U02565,19,Female,4.35,5.19,1.66,1.31,6.53,209,117,5.8,Medium,Yes,Moderate,1
TXN02566,U02566,30,Other,8.91,3.04,5.28,5.05,3.0,311,142,10.12,High,No,Severe,1
TXN02567,U02567,24,Other,8.39,0.86,5.07,0.53,3.0,156,98,10.4,Medium,No,Severe,1
TXN02568,U02568,18,Other,9.73,1.64,5.84,1.35,3.49,318,204,12.16,High,Yes,Severe,1
TXN02569,U02569,29,Male,8.53,3.97,3.52,3.16,4.04,139,247,10.71,High,Yes,Severe,1
TXN02570,U02570,31,Other,5.63,5.66,4.43,4.14,5.77,233,92,6.17,Medium,No,Moderate,1
TXN02571,U02571,26,Male,6.77,5.79,5.74,1.9,4.32,179,149,8.62,High,Yes,Severe,1
TXN02572,U02572,34,Female,11.49,0.66,3.73,2.9,6.23,147,231,12.47,High,No,Severe,1
TXN02573,U02573,20,Other,8.34,5.57,4.56,1.8,4.1,187,157,9.73,High,No,Severe,1
TXN02574,U02574,24,Female,7.53,2.67,4.59,0.82,3.98,220,211,9.64,High,No,Moderate,1
TXN02575,U02575,23,Other,5.39,1.72,3.1,1.78,5.63,123,167,6.71,Low,Yes,,0
TXN02576,U02576,29,Female,6.5,5.02,4.42,0.85,4.45,136,143,7.83,Medium,No,Severe,1
TXN02577,U02577,31,Female,3.01,2.15,3.21,1.67,6.31,132,85,4.66,High,Yes,,0
TXN02578,U02578,20,Other,4.68,1.14,1.35,5.92,5.57,167,118,6.93,Medium,No,,0
TXN02579,U02579,19,Male,3.38,5.06,2.89,3.37,3.1,180,185,4.21,High,No,Severe,1
TXN02580,U02580,21,Male,10.33,3.34,2.86,0.5,6.78,132,215,11.68,Medium,Yes,Moderate,1
TXN02581,U02581,18,Other,3.62,5.21,5.64,5.21,3.0,263,113,6.4,High,Yes,Severe,1
TXN02582,U02582,20,Other,8.38,3.84,4.68,1.14,7.01,250,160,8.97,Medium,No,Moderate,1
TXN02583,U02583,21,Female,9.05,4.57,3.97,5.08,5.49,226,177,9.75,Medium,No,Moderate,1
TXN02584,U02584,18,Female,7.83,4.03,4.04,1.31,6.73,271,106,10.21,High,No,Moderate,1
TXN02585,U02585,21,Male,8.4,0.96,5.45,1.71,6.56,109,114,9.6,Medium,Yes,Moderate,1
TXN02586,U02586,26,Male,3.37,0.79,4.77,1.67,7.63,73,160,5.11,High,No,Mild,0
TXN02587,U02587,32,Other,5.29,0.54,1.6,0.88,8.63,66,121,7.76,High,Yes,,0
TXN02588,U02588,25,Male,11.25,5.97,3.97,5.07,7.14,199,146,12.98,Low,Yes,Moderate,1
TXN02589,U02589,35,Male,6.88,5.07,1.85,0.95,3.45,276,98,9.54,High,Yes,Moderate,1
TXN02590,U02590,19,Female,4.64,2.46,3.5,3.29,6.73,204,49,5.29,Low,Yes,,0
TXN02591,U02591,28,Other,8.4,3.55,4.35,4.36,7.38,298,91,11.01,High,No,Moderate,1
TXN02592,U02592,30,Other,10.74,0.77,2.75,0.67,3.63,106,101,13.13,Low,No,Moderate,1
TXN02593,U02593,21,Other,6.64,2.01,1.21,4.29,6.21,58,104,7.78,Medium,Yes,Mild,0
TXN02594,U02594,33,Female,11.16,1.91,4.82,3.53,3.96,198,209,12.47,Medium,No,Moderate,1
TXN02595,U02595,18,Female,8.32,4.96,5.36,5.06,6.2,133,195,10.89,High,No,Severe,1
TXN02596,U02596,30,Other,6.89,3.57,3.54,4.01,7.82,144,186,9.02,Medium,No,Mild,0
TXN02597,U02597,26,Other,3.7,1.29,2.47,0.59,7.29,136,128,6.47,Low,No,,0
TXN02598,U02598,35,Male,5.59,2.73,2.36,0.97,6.4,143,89,6.2,Medium,No,Mild,0
TXN02599,U02599,34,Male,11.82,2.7,4.28,2.11,5.3,352,222,13.12,Low,Yes,Severe,1
TXN02600,U02600,32,Female,11.62,0.97,4.63,2.63,6.36,228,167,13.21,Low,No,Moderate,1
TXN02601,U02601,30,Female,10.89,3.77,4.13,4.82,4.76,256,76,11.7,Medium,No,Moderate,1
TXN02602,U02602,33,Male,10.39,2.12,3.03,5.43,5.8,252,123,11.41,High,Yes,Severe,1
TXN02603,U02603,26,Male,4.61,1.62,1.41,5.05,5.46,63,40,6.41,High,No,Mild,0
TXN02604,U02604,32,Male,4.62,2.49,3.4,2.37,5.18,180,107,7.39,Low,No,,0
TXN02605,U02605,24,Male,9.47,3.33,3.09,2.78,4.38,302,224,10.54,High,Yes,Moderate,1
TXN02606,U02606,22,Female,9.53,4.41,1.63,0.97,3.56,314,213,10.71,Medium,Yes,Moderate,1
TXN02607,U02607,20,Other,5.53,0.67,4.41,5.59,5.88,111,107,7.77,Low,No,Mild,0
TXN02608,U02608,35,Other,4.36,5.31,2.58,1.32,6.28,234,225,5.23,Low,Yes,Severe,1
TXN02609,U02609,34,Female,3.73,1.1,0.86,0.73,6.76,153,78,6.38,Low,No,Mild,0
TXN02610,U02610,34,Female,9.95,4.65,3.34,1.69,4.4,219,186,11.58,Medium,No,Moderate,1
TXN02611,U02611,24,Female,9.91,2.15,4.49,3.43,3.0,318,216,12.47,Low,No,Severe,1
TXN02612,U02612,23,Male,4.15,2.27,2.11,0.87,5.8,189,182,6.54,High,Yes,Mild,0
TXN02613,U02613,25,Female,5.27,2.51,3.02,3.4,6.0,175,80,5.79,Medium,No,Mild,0
TXN02614,U02614,31,Other,6.42,2.58,0.98,1.21,6.16,181,116,7.72,High,No,Mild,0
TXN02615,U02615,22,Female,3.5,3.1,0.83,4.26,8.2,203,114,5.39,High,Yes,,0
TXN02616,U02616,22,Other,6.57,1.02,3.42,3.14,5.03,285,61,7.71,Medium,Yes,Mild,0
TXN02617,U02617,21,Female,3.14,2.63,1.91,2.07,4.34,256,192,4.59,Medium,No,Mild,0
TXN02618,U02618,26,Male,11.38,1.67,3.98,3.87,5.05,297,96,13.59,Medium,Yes,Moderate,1
TXN02619,U02619,26,Male,10.07,5.63,3.06,2.88,4.87,132,113,10.63,Low,Yes,Severe,1
TXN02620,U02620,27,Female,5.71,3.8,1.46,4.41,7.65,228,156,8.0,High,Yes,,0
TXN02621,U02621,34,Female,6.63,5.71,5.58,4.95,3.49,183,211,8.61,Medium,No,Moderate,1
TXN02622,U02622,31,Male,11.8,1.71,2.11,5.47,5.53,101,118,12.84,Low,Yes,Moderate,1
TXN02623,U02623,28,Other,5.38,0.73,4.32,0.58,5.73,230,70,8.33,High,Yes,Mild,0
TXN02624,U02624,32,Male,5.79,3.09,3.43,1.91,6.57,76,118,7.25,Medium,No,,0
TXN02625,U02625,32,Other,6.4,4.44,2.25,5.96,6.74,120,111,8.87,High,Yes,Moderate,1
TXN02626,U02626,24,Other,10.73,3.27,5.86,3.45,4.26,327,156,13.14,Low,No,Severe,1
TXN02627,U02627,24,Female,8.39,1.59,1.64,2.15,6.41,254,215,11.39,Medium,Yes,Moderate,1
TXN02628,U02628,30,Female,8.94,2.68,5.15,3.49,7.35,114,111,9.95,High,No,Moderate,1
TXN02629,U02629,34,Male,10.3,2.02,5.11,3.59,3.41,223,144,13.25,Medium,No,Moderate,1
TXN02630,U02630,26,Female,4.63,0.66,1.56,1.79,7.01,42,136,7.02,Low,No,,0
TXN02631,U02631,26,Male,8.63,3.41,2.73,2.76,3.62,214,182,10.98,High,No,Severe,1
TXN02632,U02632,20,Other,8.6,3.25,5.42,5.57,3.04,343,194,9.58,High,No,Severe,1
TXN02633,U02633,33,Male,4.6,2.7,1.71,3.21,6.7,165,68,6.0,High,No,,0
TXN02634,U02634,27,Female,3.8,1.91,2.38,3.72,5.49,228,157,4.36,High,No,,0
TXN02635,U02635,33,Male,10.69,1.56,4.03,0.57,6.55,307,168,11.48,Low,Yes,Moderate,1
TXN02636,U02636,20,Male,5.02,1.08,1.23,5.82,5.89,66,65,6.55,Medium,No,,0
TXN02637,U02637,26,Other,11.94,3.82,2.75,5.25,4.46,225,114,14.44,Medium,No,Severe,1
TXN02638,U02638,18,Female,5.81,3.96,4.0,3.82,8.0,142,163,6.87,High,Yes,Mild,0
TXN02639,U02639,30,Male,7.16,1.77,3.41,5.88,5.53,190,95,7.77,Low,Yes,Moderate,1
TXN02640,U02640,31,Male,5.75,4.21,2.63,3.3,3.84,269,202,8.7,Medium,No,Severe,1
TXN02641,U02641,29,Other,6.26,4.25,4.87,1.36,6.04,244,91,7.06,High,No,Severe,1
TXN02642,U02642,21,Female,10.5,3.07,4.4,3.94,3.0,339,195,11.01,High,No,Severe,1
TXN02643,U02643,34,Female,7.97,3.45,3.36,3.53,7.09,63,174,9.33,High,No,Mild,0
TXN02644,U02644,34,Female,6.41,5.83,5.85,5.0,5.84,200,144,9.28,Low,No,Severe,1
TXN02645,U02645,33,Other,3.46,2.6,1.4,2.68,5.92,163,129,5.45,Medium,No,Mild,0
TXN02646,U02646,30,Female,6.47,1.93,3.93,1.96,4.89,110,154,7.85,High,Yes,Moderate,1
TXN02647,U02647,26,Other,10.77,4.06,5.27,1.21,3.0,218,151,12.38,Low,Yes,Severe,1
TXN02648,U02648,34,Female,8.5,2.23,2.51,3.93,4.4,96,125,10.1,Medium,No,Moderate,1
TXN02649,U02649,34,Female,3.07,1.76,0.86,4.51,6.17,123,163,4.04,High,Yes,,0
TXN02650,U02650,30,Male,5.73,4.57,2.57,5.55,5.75,132,211,6.78,Low,Yes,Severe,1
TXN02651,U02651,29,Female,3.01,5.34,3.27,4.96,5.28,339,97,4.3,Low,Yes,Severe,1
TXN02652,U02652,34,Other,5.07,3.43,3.33,2.88,4.61,129,141,6.74,High,No,Mild,0
TXN02653,U02653,30,Male,10.77,4.6,3.39,5.18,6.38,249,140,13.33,High,No,Severe,1
TXN02654,U02654,28,Other,8.35,4.8,4.43,4.67,4.18,298,82,8.98,Low,Yes,Moderate,1
TXN02655,U02655,33,Female,6.93,3.16,3.73,4.25,5.58,119,165,8.18,High,No,Moderate,1
TXN02656,U02656,33,Female,4.82,1.58,1.74,5.09,5.62,122,104,5.86,Medium,No,Mild,0
TXN02657,U02657,33,Female,7.75,1.66,2.17,5.7,7.8,226,204,9.97,Medium,Yes,Mild,0
TXN02658,U02658,18,Other,9.54,5.23,3.48,2.88,5.02,213,86,11.63,High,Yes,Moderate,1
TXN02659,U02659,23,Other,5.15,4.45,6.09,5.24,4.66,157,138,6.88,Medium,No,Severe,1
TXN02660,U02660,21,Other,9.3,5.81,6.04,1.87,3.95,253,204,9.82,High,Yes,Severe,1
TXN02661,U02661,20,Male,9.83,3.95,5.42,5.15,3.74,351,97,12.38,Medium,Yes,Severe,1
TXN02662,U02662,32,Other,7.75,4.69,5.12,2.16,4.49,193,221,10.67,Low,Yes,Severe,1
TXN02663,U02663,29,Male,7.16,2.88,5.06,4.13,6.01,91,139,9.85,High,Yes,Moderate,1
TXN02664,U02664,34,Other,3.52,0.55,0.47,2.98,8.41,149,77,6.0,Medium,No,,0
TXN02665,U02665,20,Male,6.85,4.59,2.9,3.93,6.63,156,133,9.57,High,No,Moderate,1
TXN02666,U02666,24,Other,11.96,5.84,1.73,3.94,4.57,91,152,12.85,High,Yes,Moderate,1
TXN02667,U02667,29,Other,4.43,5.08,4.2,5.44,5.63,243,224,5.94,Low,Yes,Moderate,1
TXN02668,U02668,23,Female,11.19,2.47,6.26,2.44,6.46,187,97,12.79,High,Yes,Severe,1
TXN02669,U02669,19,Male,10.24,4.25,3.23,1.4,3.0,346,250,12.26,Low,Yes,Severe,1
TXN02670,U02670,18,Other,5.63,1.6,3.46,3.42,6.85,249,138,8.46,Low,Yes,Mild,0
TXN02671,U02671,21,Other,10.04,0.68,2.55,5.82,6.99,178,141,11.87,High,No,Moderate,1
TXN02672,U02672,29,Male,6.99,5.04,4.8,5.37,4.74,259,128,8.17,High,No,Severe,1
TXN02673,U02673,34,Male,10.47,2.56,2.74,1.36,3.0,298,138,12.88,Low,No,Severe,1
TXN02674,U02674,29,Female,10.81,1.04,3.77,5.29,3.74,244,197,13.25,High,Yes,Severe,1
TXN02675,U02675,19,Female,5.19,5.65,2.9,2.83,5.37,337,248,6.51,Medium,No,Severe,1
TXN02676,U02676,21,Other,9.08,2.36,4.9,4.69,5.21,162,214,11.43,High,No,Moderate,1
TXN02677,U02677,22,Female,8.89,2.08,5.25,0.73,6.23,131,203,11.72,Medium,No,Severe,1
TXN02678,U02678,24,Female,6.31,2.33,3.64,5.22,5.19,272,99,8.47,Medium,No,Moderate,1
TXN02679,U02679,32,Male,9.91,2.99,3.59,3.21,4.57,313,111,11.33,High,Yes,Moderate,1
TXN02680,U02680,34,Other,7.03,5.18,4.55,4.97,4.02,242,185,9.07,Low,No,Moderate,1
TXN02681,U02681,27,Female,10.87,5.41,4.8,2.06,5.84,270,196,12.52,Medium,Yes,Severe,1
TXN02682,U02682,22,Male,4.78,3.6,3.15,4.12,6.7,59,99,6.19,Low,No,,0
TXN02683,U02683,32,Other,6.88,1.95,3.74,0.61,5.06,255,79,9.66,Low,No,Mild,0
TXN02684,U02684,33,Male,6.58,1.59,1.05,2.06,5.36,83,200,7.58,Low,No,Mild,0
TXN02685,U02685,28,Male,5.55,2.5,2.22,4.85,6.09,179,101,8.27,Medium,No,,0
TXN02686,U02686,31,Other,11.93,5.76,4.25,1.62,6.47,258,188,14.18,Medium,No,Moderate,1
TXN02687,U02687,29,Female,9.83,2.16,4.81,3.69,3.03,196,78,11.06,Low,No,Moderate,1
TXN02688,U02688,28,Other,9.12,3.58,4.66,1.01,6.13,206,214,10.2,Medium,No,Moderate,1
TXN02689,U02689,25,Male,10.83,4.18,3.28,3.38,7.2,316,197,13.79,High,No,Moderate,1
TXN02690,U02690,19,Male,6.32,4.85,4.61,3.78,3.0,219,142,7.25,Low,No,Severe,1
TXN02691,U02691,19,Male,8.5,1.54,4.31,1.81,3.88,236,175,9.61,High,Yes,Moderate,1
TXN02692,U02692,25,Female,7.89,4.0,3.68,5.69,7.37,106,208,9.72,Low,No,Moderate,1
TXN02693,U02693,34,Female,3.89,4.66,4.69,2.88,4.02,315,134,6.59,Low,Yes,Moderate,1
TXN02694,U02694,34,Male,9.29,1.52,3.15,4.71,4.06,248,161,10.16,Medium,No,Severe,1
TXN02695,U02695,26,Other,7.17,3.57,3.87,4.71,7.13,208,151,8.69,Medium,No,Mild,0
TXN02696,U02696,35,Female,7.27,5.04,3.61,3.85,3.0,224,224,8.88,Low,No,Severe,1
TXN02697,U02697,24,Other,11.84,3.63,4.41,1.87,6.55,174,176,13.35,High,Yes,Moderate,1
TXN02698,U02698,26,Female,3.09,1.34,2.32,4.87,7.12,271,182,5.94,Medium,No,Mild,0
TXN02699,U02699,31,Other,9.01,4.94,1.86,5.44,5.88,227,111,11.61,High,Yes,Moderate,1
TXN02700,U02700,22,Female,5.4,3.58,0.55,5.47,5.52,73,73,7.11,High,No,,0
TXN02701,U02701,20,Female,4.83,2.78,4.48,4.39,8.15,138,166,6.58,Low,No,Mild,0
TXN02702,U02702,30,Male,9.18,5.52,2.9,4.77,5.88,256,160,11.74,Medium,No,Moderate,1
TXN02703,U02703,29,Female,6.04,5.17,2.13,2.68,6.27,256,173,7.19,Medium,No,Moderate,1
TXN02704,U02704,25,Female,4.49,0.7,1.64,1.9,6.45,69,79,6.99,Low,Yes,,0
TXN02705,U02705,22,Other,3.79,4.27,3.33,1.88,6.12,311,159,4.63,Low,No,Moderate,1
TXN02706,U02706,20,Other,8.14,3.4,5.08,4.12,5.72,229,185,10.21,Low,Yes,Severe,1
TXN02707,U02707,28,Other,3.45,0.98,1.85,1.53,4.54,102,184,5.2,Medium,No,Mild,0
TXN02708,U02708,24,Male,4.68,3.19,3.16,4.44,7.21,87,93,5.69,Low,Yes,Mild,0
TXN02709,U02709,34,Other,8.54,0.93,5.69,0.74,3.74,157,244,9.24,Medium,No,Severe,1
TXN02710,U02710,27,Male,8.22,4.72,3.85,3.79,3.6,158,211,8.77,Low,No,Severe,1
TXN02711,U02711,21,Male,10.22,1.69,5.21,3.27,3.77,169,66,12.29,Medium,No,Moderate,1
TXN02712,U02712,19,Male,6.85,0.56,4.6,5.43,7.3,117,167,8.72,Medium,No,Moderate,1
TXN02713,U02713,32,Male,3.99,5.99,2.56,5.09,3.1,152,86,6.01,Medium,No,Moderate,1
TXN02714,U02714,23,Female,6.72,2.76,2.39,0.74,4.7,157,62,9.48,Medium,No,Mild,0
TXN02715,U02715,22,Male,5.25,2.29,1.35,2.82,8.73,248,28,7.44,Medium,No,,0
TXN02716,U02716,32,Female,9.52,1.12,1.63,5.78,6.97,306,176,11.39,Low,No,Moderate,1
TXN02717,U02717,32,Male,11.61,4.75,5.49,0.96,5.25,307,163,13.24,High,Yes,Moderate,1
TXN02718,U02718,29,Male,10.19,1.53,5.61,4.68,6.24,129,251,12.85,Medium,No,Severe,1
TXN02719,U02719,31,Female,5.98,5.0,5.19,3.7,3.75,310,92,8.25,Low,Yes,Moderate,1
TXN02720,U02720,23,Other,6.56,1.96,3.8,4.81,6.53,230,124,8.91,High,Yes,Mild,0
TXN02721,U02721,19,Other,5.74,5.21,4.21,0.86,6.1,229,194,6.32,Medium,Yes,Moderate,1
TXN02722,U02722,25,Male,4.71,2.65,2.26,1.86,8.11,106,100,5.23,Medium,No,Mild,0
TXN02723,U02723,32,Male,9.31,0.79,3.91,3.47,4.17,193,132,10.39,Medium,Yes,Moderate,1
TXN02724,U02724,32,Other,3.1,5.82,2.68,0.84,6.59,177,224,4.02,High,Yes,Moderate,1
TXN02725,U02725,33,Other,3.83,4.03,5.79,2.56,4.48,241,186,5.84,Medium,Yes,Severe,1
TXN02726,U02726,21,Other,7.44,4.57,6.27,4.76,3.18,320,107,10.39,High,No,Severe,1
TXN02727,U02727,20,Male,9.97,3.84,4.59,1.86,5.03,249,240,11.0,Medium,No,Severe,1
TXN02728,U02728,34,Other,8.42,4.99,5.29,0.74,3.68,308,251,9.66,Medium,Yes,Severe,1
TXN02729,U02729,24,Male,11.38,2.53,1.69,3.24,7.13,187,159,11.9,Medium,No,Moderate,1
TXN02730,U02730,33,Male,7.84,4.06,3.3,4.09,6.15,205,93,9.79,Low,No,Moderate,1
TXN02731,U02731,30,Male,10.09,5.0,2.66,3.59,4.41,346,95,12.44,Low,Yes,Severe,1
TXN02732,U02732,20,Other,8.31,5.14,2.41,3.56,5.04,137,102,10.99,Low,No,Severe,1
TXN02733,U02733,23,Female,7.75,2.4,4.18,4.18,6.81,173,159,10.31,Medium,Yes,Mild,0
TXN02734,U02734,32,Female,4.21,2.62,1.32,5.77,4.17,140,149,6.33,High,No,Mild,0
TXN02735,U02735,18,Male,11.68,2.97,4.14,5.79,4.53,268,209,13.89,High,Yes,Moderate,1
TXN02736,U02736,29,Other,10.79,5.46,2.88,1.63,3.91,344,235,13.62,High,No,Severe,1
TXN02737,U02737,34,Male,10.04,3.85,3.81,0.77,3.71,233,209,12.41,High,No,Severe,1
TXN02738,U02738,29,Other,7.87,3.53,4.52,3.2,5.13,220,180,10.73,Medium,No,Moderate,1
TXN02739,U02739,25,Female,6.36,5.92,6.11,4.17,6.35,292,230,7.63,High,Yes,Severe,1
TXN02740,U02740,33,Male,9.77,1.48,2.18,0.7,3.26,141,80,12.01,Medium,No,Moderate,1
TXN02741,U02741,30,Other,10.29,1.12,1.96,2.81,5.53,138,118,11.71,High,Yes,Moderate,1
TXN02742,U02742,20,Male,5.21,3.55,3.03,0.72,6.59,190,73,7.0,High,No,Mild,0
TXN02743,U02743,25,Other,5.96,2.32,2.49,1.44,4.31,227,110,8.4,Medium,No,Mild,0
TXN02744,U02744,21,Male,4.02,3.57,1.61,5.2,7.15,94,109,4.83,Low,Yes,,0
TXN02745,U02745,25,Other,3.74,4.05,4.44,2.35,6.3,328,152,5.66,Medium,No,Severe,1
TXN02746,U02746,19,Male,5.85,5.81,4.37,3.22,5.07,306,209,6.55,Medium,Yes,Moderate,1
TXN02747,U02747,27,Other,4.91,4.02,2.43,1.86,7.06,109,82,7.13,Medium,No,Moderate,1
TXN02748,U02748,22,Other,11.1,3.03,2.6,1.99,3.0,326,138,12.55,High,No,Severe,1
TXN02749,U02749,29,Female,11.93,1.53,4.85,1.58,4.69,229,227,13.37,Medium,Yes,Severe,1
TXN02750,U02750,18,Female,6.6,4.67,2.51,5.58,5.79,159,133,9.1,Low,Yes,Moderate,1
TXN02751,U02751,22,Other,10.72,4.79,3.97,1.93,3.77,161,214,11.6,Low,Yes,Moderate,1
TXN02752,U02752,35,Female,10.9,3.88,4.85,5.66,4.99,179,129,13.31,High,Yes,Severe,1
TXN02753,U02753,28,Female,4.89,2.19,2.81,3.99,4.15,138,167,5.48,Low,No,Mild,0
TXN02754,U02754,30,Female,3.48,1.01,4.71,2.77,7.49,279,81,4.94,Medium,No,Mild,0
TXN02755,U02755,31,Other,11.9,0.52,2.31,1.18,3.94,271,129,14.38,High,Yes,Moderate,1
TXN02756,U02756,25,Other,8.13,0.52,4.95,0.96,4.9,260,140,9.2,Medium,No,Moderate,1
TXN02757,U02757,28,Female,10.5,1.93,4.34,4.46,3.13,102,128,13.32,High,Yes,Moderate,1
TXN02758,U02758,29,Other,3.98,1.54,1.33,1.93,7.13,76,85,4.48,Low,Yes,Mild,0
TXN02759,U02759,21,Male,7.39,2.7,3.13,0.73,5.63,201,129,9.55,Low,No,Moderate,1
TXN02760,U02760,24,Female,4.96,1.58,2.37,4.52,3.76,187,127,7.91,High,Yes,Mild,0
TXN02761,U02761,28,Other,7.97,2.92,3.25,4.17,6.97,195,83,9.88,High,No,Mild,0
TXN02762,U02762,27,Female,8.33,1.44,4.86,5.25,5.79,116,137,9.23,High,No,Moderate,1
TXN02763,U02763,21,Female,5.56,4.63,2.47,3.32,4.53,270,166,8.31,High,Yes,Moderate,1
TXN02764,U02764,23,Other,6.71,1.35,4.42,5.06,7.39,62,67,8.34,Low,Yes,Mild,0
TXN02765,U02765,34,Other,8.82,4.36,3.34,5.89,5.21,223,165,10.33,High,No,Moderate,1
TXN02766,U02766,35,Female,4.32,1.53,4.0,1.19,6.68,172,123,7.19,Low,No,Mild,0
TXN02767,U02767,21,Other,11.97,5.82,2.37,1.32,3.41,257,71,14.7,Low,Yes,Moderate,1
TXN02768,U02768,28,Other,10.94,1.7,3.04,5.06,5.3,133,125,12.16,High,No,Moderate,1
TXN02769,U02769,22,Male,4.33,4.5,4.54,1.88,3.68,190,187,6.91,High,Yes,Moderate,1
TXN02770,U02770,22,Female,5.82,5.66,6.27,5.35,3.0,262,198,7.42,Low,No,Severe,1
TXN02771,U02771,18,Female,5.8,1.24,4.47,1.59,8.17,224,191,8.18,Medium,No,Mild,0
TXN02772,U02772,27,Female,3.47,3.46,3.51,5.26,6.69,54,34,4.07,High,No,,0
TXN02773,U02773,19,Female,3.18,5.08,4.4,5.35,4.57,108,69,5.4,High,No,Moderate,1
TXN02774,U02774,32,Female,10.24,1.26,2.71,2.88,4.2,106,176,12.6,High,Yes,Moderate,1
TXN02775,U02775,31,Other,9.77,5.74,4.44,1.79,5.38,269,112,10.82,High,Yes,Moderate,1
TXN02776,U02776,24,Other,11.17,4.06,6.28,3.95,5.6,242,230,13.3,High,Yes,Severe,1
TXN02777,U02777,19,Male,5.47,4.08,2.53,5.47,4.95,256,124,6.17,High,No,Moderate,1
TXN02778,U02778,20,Male,9.53,4.25,4.77,4.21,5.03,206,153,10.81,Medium,Yes,Severe,1
TXN02779,U02779,33,Male,11.85,5.98,2.41,3.14,3.0,267,231,14.65,Medium,No,Severe,1
TXN02780,U02780,29,Other,7.1,3.28,3.62,2.78,7.16,115,179,9.94,Medium,No,Mild,0
TXN02781,U02781,26,Other,7.97,4.57,2.71,1.44,6.95,239,150,9.31,Low,Yes,Moderate,1
TXN02782,U02782,28,Other,8.51,2.43,1.99,2.77,5.87,180,93,11.31,High,Yes,Moderate,1
TXN02783,U02783,31,Other,7.48,2.38,4.29,5.88,6.53,199,123,8.98,Medium,Yes,Moderate,1
TXN02784,U02784,18,Male,5.27,3.2,2.79,5.57,4.34,115,106,6.11,High,No,Mild,0
TXN02785,U02785,24,Female,10.95,5.04,3.09,3.98,4.55,160,222,11.65,Low,Yes,Severe,1
TXN02786,U02786,32,Female,9.68,5.18,2.88,1.26,6.59,108,106,11.28,Medium,No,Moderate,1
TXN02787,U02787,24,Male,3.63,2.18,3.37,1.63,8.96,46,19,6.62,High,No,,0
TXN02788,U02788,19,Male,10.35,4.53,2.94,5.84,6.9,262,71,10.92,High,Yes,Moderate,1
TXN02789,U02789,31,Male,5.68,5.74,5.26,4.23,6.23,158,107,7.43,Medium,Yes,Severe,1
TXN02790,U02790,35,Male,3.79,0.75,2.07,5.85,4.78,182,155,5.47,Medium,Yes,,0
TXN02791,U02791,27,Female,8.11,3.66,5.85,5.2,3.04,157,95,9.31,High,No,Severe,1
TXN02792,U02792,24,Male,9.52,2.19,2.12,0.74,4.53,312,76,12.03,Medium,No,Moderate,1
TXN02793,U02793,18,Male,8.66,1.11,2.89,2.35,3.6,315,206,10.59,Low,Yes,Severe,1
TXN02794,U02794,22,Other,9.11,3.78,3.03,4.65,7.38,208,98,11.25,Medium,No,Moderate,1
TXN02795,U02795,34,Female,10.21,3.8,5.43,5.68,4.59,308,231,12.98,Medium,No,Severe,1
TXN02796,U02796,32,Other,11.26,5.26,3.27,3.14,5.05,157,144,13.28,Low,Yes,Severe,1
TXN02797,U02797,23,Other,3.38,3.29,0.9,2.01,5.03,84,96,4.73,High,No,,0
TXN02798,U02798,32,Other,10.45,1.73,2.05,3.56,5.99,217,213,12.59,Medium,Yes,Moderate,1
TXN02799,U02799,21,Other,6.13,3.16,2.08,2.32,4.57,200,67,8.55,High,No,Mild,0
TXN02800,U02800,30,Female,9.48,0.68,6.0,5.05,4.8,321,150,11.44,Medium,Yes,Severe,1
TXN02801,U02801,18,Male,11.49,1.75,3.66,2.81,4.15,160,103,13.84,High,Yes,Severe,1
TXN02802,U02802,32,Female,8.03,2.04,2.62,5.42,3.72,291,179,10.33,Low,No,Severe,1
TXN02803,U02803,19,Male,7.05,5.66,3.66,3.76,4.76,209,193,9.74,High,Yes,Moderate,1
TXN02804,U02804,19,Female,9.66,3.01,2.16,4.16,7.07,95,223,10.94,Low,Yes,Moderate,1
TXN02805,U02805,30,Female,3.95,2.94,3.47,3.46,3.77,126,64,6.81,Low,No,Mild,0
TXN02806,U02806,33,Other,3.74,2.8,4.6,1.32,5.65,252,114,4.99,Medium,Yes,Mild,0
TXN02807,U02807,35,Male,6.73,0.95,4.82,5.89,5.16,209,68,7.81,Low,No,Moderate,1
TXN02808,U02808,27,Other,8.94,1.73,5.42,3.05,3.0,340,186,11.09,High,No,Severe,1
TXN02809,U02809,19,Female,9.79,4.01,2.63,4.89,3.12,150,208,11.4,High,Yes,Severe,1
TXN02810,U02810,23,Male,5.55,0.62,4.22,1.17,7.88,229,89,6.2,High,No,Mild,0
TXN02811,U02811,22,Other,5.23,4.98,6.09,4.29,5.77,149,220,7.7,Low,No,Severe,1
TXN02812,U02812,20,Other,11.08,3.11,2.49,1.99,6.17,242,159,12.07,Low,No,Severe,1
TXN02813,U02813,33,Male,5.66,5.85,4.78,4.8,4.39,187,100,6.95,High,Yes,Moderate,1
TXN02814,U02814,20,Female,10.39,1.92,4.15,1.12,6.66,320,71,12.49,Low,No,Moderate,1
TXN02815,U02815,21,Male,5.23,2.71,3.13,0.79,3.85,278,72,6.17,High,No,Mild,0
TXN02816,U02816,31,Female,10.06,2.91,6.35,1.84,5.49,333,141,11.96,High,Yes,Severe,1
TXN02817,U02817,21,Other,4.11,2.75,4.65,2.22,7.14,201,196,5.39,High,Yes,Mild,0
TXN02818,U02818,20,Other,7.81,5.18,2.92,1.65,6.33,314,146,9.65,Low,No,Moderate,1
TXN02819,U02819,29,Female,3.54,1.09,3.41,3.69,8.33,99,23,4.5,Low,Yes,,0
TXN02820,U02820,35,Female,6.33,1.76,2.19,0.81,4.63,226,200,7.66,High,Yes,Mild,0
TXN02821,U02821,18,Female,11.33,3.23,1.78,3.23,5.9,112,214,13.55,High,No,Moderate,1
TXN02822,U02822,26,Female,10.1,5.02,6.05,2.47,3.36,304,211,11.83,Medium,No,Severe,1
TXN02823,U02823,30,Female,5.38,3.73,0.94,2.85,7.33,67,151,5.9,High,Yes,Mild,0
TXN02824,U02824,35,Other,6.91,5.78,5.09,2.5,3.74,178,217,8.57,Low,No,Severe,1
TXN02825,U02825,30,Other,3.19,1.05,0.49,5.37,5.64,139,55,5.84,Medium,No,,0
TXN02826,U02826,31,Male,3.39,4.66,2.64,5.09,4.87,333,146,4.24,High,No,Severe,1
TXN02827,U02827,32,Male,8.07,2.68,2.14,4.18,6.92,116,187,9.31,Low,No,Moderate,1
TXN02828,U02828,22,Male,6.35,4.07,3.32,4.24,5.22,274,166,7.47,High,No,Severe,1
TXN02829,U02829,32,Female,8.01,2.47,5.14,1.84,3.0,342,217,9.99,Medium,No,Severe,1
TXN02830,U02830,27,Other,8.44,4.62,3.02,3.93,6.69,277,194,11.13,Low,No,Moderate,1
TXN02831,U02831,21,Male,7.44,5.31,5.12,5.25,5.7,237,117,9.26,Low,Yes,Severe,1
TXN02832,U02832,23,Male,4.92,5.81,3.98,4.16,3.0,224,116,6.57,Medium,Yes,Severe,1
TXN02833,U02833,26,Male,9.56,2.64,5.06,1.05,3.0,221,149,11.32,Low,Yes,Severe,1
TXN02834,U02834,22,Other,9.37,4.93,3.73,3.82,3.07,288,139,11.57,Medium,No,Moderate,1
TXN02835,U02835,22,Male,6.98,5.62,3.28,3.15,4.13,142,224,8.01,High,No,Moderate,1
TXN02836,U02836,32,Male,4.74,4.83,4.46,3.36,3.87,197,213,5.71,Medium,Yes,Moderate,1
TXN02837,U02837,22,Female,6.41,3.19,4.63,0.87,3.77,250,225,7.54,High,No,Moderate,1
TXN02838,U02838,24,Other,10.87,0.88,5.21,3.12,3.4,96,156,11.82,High,Yes,Moderate,1
TXN02839,U02839,32,Other,5.0,4.16,3.87,2.49,5.04,143,124,6.67,Low,Yes,Moderate,1
TXN02840,U02840,33,Other,11.9,5.39,3.5,0.97,3.5,212,103,14.63,Low,No,Severe,1
TXN02841,U02841,18,Male,7.73,2.77,3.66,0.5,3.96,93,84,8.3,High,No,Mild,0
TXN02842,U02842,21,Male,7.7,5.15,5.5,2.41,4.0,254,147,9.63,Low,Yes,Moderate,1
TXN02843,U02843,20,Male,10.32,4.96,5.23,5.42,5.22,208,154,11.11,Medium,No,Moderate,1
TXN02844,U02844,23,Female,4.77,5.0,4.6,3.46,5.67,346,90,7.48,Medium,Yes,Severe,1
TXN02845,U02845,18,Other,4.52,4.87,3.52,5.71,6.3,137,203,6.3,High,No,Severe,1
TXN02846,U02846,29,Male,7.64,4.8,3.7,4.26,3.62,126,240,8.99,Low,No,Severe,1
TXN02847,U02847,27,Male,8.57,5.5,3.1,1.86,3.96,199,190,9.39,Low,No,Severe,1
TXN02848,U02848,35,Other,11.2,2.08,4.36,0.72,6.47,147,206,12.38,High,No,Moderate,1
TXN02849,U02849,26,Female,11.16,1.3,3.55,2.62,5.88,165,219,13.83,High,No,Moderate,1
TXN02850,U02850,30,Female,7.04,5.83,4.17,5.42,4.62,349,197,8.95,High,No,Severe,1
TXN02851,U02851,26,Other,8.59,5.77,1.94,2.67,6.55,201,182,10.69,Medium,No,Moderate,1
TXN02852,U02852,32,Male,8.62,4.09,3.4,3.86,4.33,206,186,9.25,Low,No,Moderate,1
TXN02853,U02853,31,Female,9.66,2.46,5.08,3.37,3.0,353,156,12.62,Medium,Yes,Severe,1
TXN02854,U02854,18,Other,5.63,3.15,3.16,2.64,4.01,185,154,7.06,High,Yes,Mild,0
TXN02855,U02855,22,Male,9.81,5.09,5.49,5.67,3.09,310,130,11.48,Low,No,Severe,1
TXN02856,U02856,22,Other,6.28,5.4,6.36,5.94,3.0,188,91,6.85,Medium,No,Severe,1
TXN02857,U02857,21,Female,6.31,1.28,2.82,2.37,4.65,95,66,8.26,High,Yes,Moderate,1
TXN02858,U02858,35,Other,4.92,4.09,2.58,5.75,3.0,355,158,5.6,Low,No,Severe,1
TXN02859,U02859,24,Other,4.13,3.34,1.73,5.65,5.7,247,169,7.12,Medium,No,,0
TXN02860,U02860,33,Male,10.21,2.84,1.7,2.0,4.6,302,136,12.68,Low,No,Moderate,1
TXN02861,U02861,26,Male,9.6,0.94,5.87,3.19,3.49,197,140,11.07,Medium,Yes,Severe,1
TXN02862,U02862,34,Female,11.19,3.02,3.15,0.94,3.71,247,215,13.69,Low,No,Severe,1
TXN02863,U02863,34,Other,6.93,1.17,1.4,4.68,6.96,133,57,8.12,Medium,No,Mild,0
TXN02864,U02864,20,Male,5.26,4.49,4.02,3.25,3.68,143,131,7.48,Low,Yes,Moderate,1
TXN02865,U02865,24,Female,9.42,3.67,3.94,4.91,6.94,299,105,10.23,High,Yes,Moderate,1
TXN02866,U02866,21,Female,4.9,5.83,5.05,0.54,5.33,255,156,7.71,Medium,No,Severe,1
TXN02867,U02867,20,Other,6.27,5.05,3.46,4.54,4.19,303,187,7.75,Medium,No,Severe,1
TXN02868,U02868,25,Female,8.19,5.41,4.01,5.0,3.5,237,192,9.92,High,No,Severe,1
TXN02869,U02869,33,Other,9.48,2.62,5.05,3.14,4.67,233,155,10.29,High,No,Moderate,1
TXN02870,U02870,31,Other,5.8,5.34,5.31,0.89,4.54,163,211,7.86,High,No,Moderate,1
TXN02871,U02871,35,Female,7.51,5.98,3.47,2.14,4.14,132,66,9.09,High,No,Moderate,1
TXN02872,U02872,23,Female,8.35,3.45,4.73,1.78,5.27,290,135,8.94,Medium,No,Moderate,1
TXN02873,U02873,31,Other,10.75,2.87,3.94,1.85,6.5,112,130,11.87,Low,Yes,Moderate,1
TXN02874,U02874,25,Other,5.18,0.61,1.12,5.57,7.3,185,107,7.35,Medium,No,Mild,0
TXN02875,U02875,35,Male,5.91,3.38,2.08,1.23,5.0,94,185,7.39,Medium,Yes,Mild,0
TXN02876,U02876,31,Other,8.48,5.65,3.79,4.39,4.45,206,108,11.32,High,Yes,Severe,1
TXN02877,U02877,20,Other,8.91,2.3,6.28,5.75,6.21,235,153,11.05,Low,No,Severe,1
TXN02878,U02878,26,Male,3.61,4.09,6.09,2.3,5.17,136,121,5.61,High,Yes,Severe,1
TXN02879,U02879,26,Female,10.75,5.64,2.83,3.09,6.07,133,216,11.74,High,No,Moderate,1
TXN02880,U02880,34,Male,10.74,5.1,3.54,3.74,3.76,213,209,13.06,High,Yes,Moderate,1
TXN02881,U02881,22,Male,8.89,5.62,5.0,4.97,5.63,104,223,10.17,High,Yes,Moderate,1
TXN02882,U02882,35,Female,11.6,3.0,2.8,1.21,5.59,330,183,13.69,High,Yes,Severe,1
TXN02883,U02883,30,Male,4.54,2.18,4.74,1.99,6.8,93,49,5.27,Medium,No,Mild,0
TXN02884,U02884,25,Female,8.41,5.92,3.01,3.37,4.2,277,98,9.87,Medium,Yes,Moderate,1
TXN02885,U02885,18,Male,5.12,4.04,2.86,5.69,5.58,224,137,5.78,Medium,Yes,Moderate,1
TXN02886,U02886,27,Other,7.76,1.54,4.59,0.77,4.96,58,193,8.79,Low,Yes,Mild,0
TXN02887,U02887,32,Male,3.22,1.96,0.02,5.6,5.41,26,173,3.75,Medium,Yes,,0
TXN02888,U02888,28,Female,9.32,1.83,6.11,4.66,4.3,286,254,10.37,Medium,No,Severe,1
TXN02889,U02889,32,Male,6.58,2.91,3.38,3.12,3.91,172,144,8.47,Low,No,Moderate,1
TXN02890,U02890,23,Female,11.18,2.73,2.02,5.4,4.01,145,212,13.54,Low,No,Moderate,1
TXN02891,U02891,19,Female,10.49,5.79,2.98,5.64,3.34,316,130,13.07,Low,Yes,Moderate,1
TXN02892,U02892,23,Male,7.25,5.2,3.76,3.87,6.88,219,111,9.98,Medium,No,Moderate,1
TXN02893,U02893,20,Other,10.48,3.82,4.01,0.74,4.92,118,218,11.25,Medium,No,Moderate,1
TXN02894,U02894,29,Male,5.84,4.17,1.95,2.08,3.71,292,87,7.39,High,Yes,Moderate,1
TXN02895,U02895,30,Female,10.71,4.47,3.7,0.99,3.0,195,154,11.68,Medium,Yes,Severe,1
TXN02896,U02896,27,Female,5.26,5.03,4.59,3.6,6.47,240,88,6.39,Low,Yes,Moderate,1
TXN02897,U02897,22,Other,4.49,5.39,4.17,4.45,3.18,165,208,6.26,High,No,Severe,1
TXN02898,U02898,33,Male,3.96,3.81,1.67,3.47,5.37,65,43,4.57,Low,Yes,Mild,0
TXN02899,U02899,22,Female,6.08,4.52,3.3,5.77,7.09,316,149,7.29,Medium,No,Moderate,1
TXN02900,U02900,23,Female,7.97,2.2,3.45,0.65,4.2,295,172,10.06,Low,Yes,Moderate,1
TXN02901,U02901,29,Female,8.84,5.85,4.28,5.21,5.28,300,81,10.18,High,No,Moderate,1
TXN02902,U02902,21,Other,7.19,3.22,2.85,5.93,3.21,221,158,7.96,High,No,Moderate,1
TXN02903,U02903,30,Female,6.23,4.99,3.04,3.69,4.37,195,68,6.83,High,Yes,Moderate,1
TXN02904,U02904,28,Female,4.38,3.63,1.58,2.0,5.65,55,37,4.9,Low,Yes,,0
TXN02905,U02905,20,Female,9.59,2.36,4.32,3.73,3.76,309,140,11.22,Low,Yes,Severe,1
TXN02906,U02906,31,Female,3.41,0.89,0.58,2.86,5.46,67,173,6.03,Low,Yes,,0
TXN02907,U02907,22,Male,4.61,3.58,0.49,3.91,5.4,183,53,5.89,High,Yes,,0
TXN02908,U02908,29,Other,3.3,4.44,5.09,5.69,3.48,225,124,5.19,Low,No,Severe,1
TXN02909,U02909,28,Male,4.78,0.8,2.18,3.46,5.46,188,90,7.16,Medium,No,,0
TXN02910,U02910,32,Male,7.55,2.21,3.2,5.89,4.6,169,208,8.6,High,Yes,Moderate,1
TXN02911,U02911,34,Male,6.68,1.37,4.33,2.46,6.18,225,148,8.02,Low,No,Moderate,1
TXN02912,U02912,33,Male,10.13,2.57,4.66,5.18,3.05,324,126,11.45,High,Yes,Severe,1
TXN02913,U02913,27,Male,9.46,5.35,6.09,5.01,4.83,167,211,12.36,High,No,Severe,1
TXN02914,U02914,24,Female,10.03,4.24,2.61,1.88,6.85,200,171,11.52,Low,No,Moderate,1
TXN02915,U02915,30,Female,3.78,0.77,1.51,3.32,5.26,228,155,5.25,High,No,,0
TXN02916,U02916,26,Female,8.44,5.92,5.96,4.65,5.16,328,249,9.84,High,No,Severe,1
TXN02917,U02917,20,Male,5.07,2.15,0.19,3.59,6.93,198,75,7.74,High,Yes,,0
TXN02918,U02918,30,Male,8.21,1.55,3.48,3.72,6.52,255,117,9.94,Medium,Yes,Moderate,1
TXN02919,U02919,23,Other,4.44,4.9,1.91,1.68,5.16,183,111,5.02,High,Yes,Moderate,1
TXN02920,U02920,21,Male,6.27,1.69,4.51,1.83,7.42,218,95,8.47,Medium,Yes,Mild,0
TXN02921,U02921,23,Male,7.37,1.51,1.29,3.77,5.62,102,48,9.95,Low,No,Mild,0
TXN02922,U02922,21,Female,8.97,3.01,4.14,2.69,5.49,266,68,9.49,Low,Yes,Moderate,1
TXN02923,U02923,30,Male,10.82,5.14,5.93,5.01,3.0,200,169,12.64,Medium,Yes,Severe,1
TXN02924,U02924,29,Male,11.22,2.22,4.48,2.17,5.68,119,184,14.16,Low,No,Moderate,1
TXN02925,U02925,33,Female,4.27,5.82,5.22,5.14,3.14,249,125,6.41,High,Yes,Moderate,1
TXN02926,U02926,21,Other,4.61,1.63,1.25,4.16,3.76,150,193,7.29,Low,Yes,Mild,0
TXN02927,U02927,20,Male,7.92,1.26,3.74,2.43,6.9,153,81,9.32,High,Yes,Mild,0
TXN02928,U02928,25,Male,4.01,2.9,2.26,4.49,5.25,210,70,4.93,Medium,No,,0
TXN02929,U02929,20,Female,6.61,3.28,1.25,2.88,7.85,258,177,8.14,Low,Yes,Mild,0
TXN02930,U02930,21,Female,6.0,3.29,3.5,4.65,6.45,79,19,6.93,Low,No,,0
TXN02931,U02931,28,Other,4.88,5.21,2.73,4.21,4.52,140,84,6.9,Medium,Yes,Moderate,1
TXN02932,U02932,28,Male,3.25,2.27,1.28,3.4,6.76,61,155,4.48,Medium,No,,0
TXN02933,U02933,33,Female,7.54,2.9,4.04,0.77,3.0,257,123,10.53,High,No,Moderate,1
TXN02934,U02934,27,Female,10.48,2.37,3.64,2.27,6.13,91,86,12.22,Low,No,Moderate,1
TXN02935,U02935,32,Male,5.18,4.49,4.59,3.61,3.0,301,230,7.95,Low,Yes,Severe,1
TXN02936,U02936,20,Male,9.76,0.85,3.17,0.65,6.13,342,188,11.6,Low,Yes,Severe,1
TXN02937,U02937,23,Female,5.73,2.71,0.26,4.21,7.37,232,84,8.37,Medium,Yes,,0
TXN02938,U02938,19,Female,9.01,1.99,3.01,4.97,4.88,201,195,10.9,Low,Yes,Moderate,1
TXN02939,U02939,19,Male,7.03,4.13,1.7,3.99,5.34,110,128,8.89,High,Yes,Moderate,1
TXN02940,U02940,21,Male,11.97,5.72,3.5,5.5,5.24,252,192,13.63,Medium,Yes,Severe,1
TXN02941,U02941,26,Female,8.08,4.56,2.79,0.71,3.0,149,205,9.64,Medium,Yes,Severe,1
TXN02942,U02942,19,Female,4.16,1.34,1.62,0.52,6.87,144,98,5.42,High,Yes,Mild,0
TXN02943,U02943,22,Male,5.9,1.54,1.4,3.89,5.29,205,204,8.12,High,No,Mild,0
TXN02944,U02944,29,Other,9.38,3.24,6.31,5.77,4.89,349,138,10.42,High,No,Severe,1
TXN02945,U02945,18,Female,4.47,5.46,2.52,4.99,3.19,253,192,6.63,Low,No,Severe,1
TXN02946,U02946,35,Other,5.57,1.24,1.82,3.72,5.55,205,115,8.06,Medium,Yes,,0
TXN02947,U02947,20,Male,7.98,3.54,4.25,2.73,6.45,129,186,9.1,Low,Yes,Moderate,1
TXN02948,U02948,30,Female,8.68,0.81,2.02,2.83,4.01,289,80,9.47,High,Yes,Moderate,1
TXN02949,U02949,30,Male,9.21,1.9,4.36,2.39,7.28,196,119,10.71,High,No,Moderate,1
TXN02950,U02950,24,Male,6.28,0.68,1.9,2.5,7.3,85,118,7.29,Medium,Yes,Mild,0
TXN02951,U02951,21,Other,7.2,1.96,3.1,2.11,6.25,177,204,8.42,Low,No,Mild,0
TXN02952,U02952,27,Other,6.41,3.28,5.2,0.91,5.71,121,169,7.59,Medium,Yes,Moderate,1
TXN02953,U02953,30,Other,5.59,3.73,4.31,5.95,4.48,167,92,6.9,High,No,Mild,0
TXN02954,U02954,21,Other,6.24,5.2,2.64,2.24,3.0,219,109,8.73,Low,No,Severe,1
TXN02955,U02955,23,Male,11.26,5.44,1.79,5.77,6.56,232,108,12.41,High,Yes,Moderate,1
TXN02956,U02956,34,Male,3.83,1.88,4.72,5.47,4.77,177,176,5.93,Medium,Yes,Mild,0
TXN02957,U02957,19,Other,11.89,4.0,6.08,3.98,3.0,232,241,13.36,High,Yes,Severe,1
TXN02958,U02958,31,Female,5.18,2.95,2.04,1.06,7.35,259,56,6.98,Medium,Yes,Mild,0
TXN02959,U02959,18,Other,6.82,5.17,2.67,0.96,5.52,116,92,9.57,Medium,Yes,Moderate,1
TXN02960,U02960,24,Other,3.73,0.74,3.64,4.69,5.34,143,57,5.62,High,No,,0
TXN02961,U02961,22,Female,4.02,1.45,2.22,5.39,5.69,199,172,5.89,Low,No,,0
TXN02962,U02962,30,Male,9.87,3.9,5.66,4.64,4.14,349,156,10.78,Low,Yes,Severe,1
TXN02963,U02963,26,Other,10.54,1.25,3.17,4.03,3.9,215,108,11.66,High,No,Moderate,1
TXN02964,U02964,29,Male,8.21,1.43,5.22,5.14,5.43,306,243,9.39,Medium,No,Severe,1
TXN02965,U02965,33,Female,9.32,3.85,3.08,1.76,3.63,252,212,11.26,High,Yes,Severe,1
TXN02966,U02966,31,Male,3.14,2.22,3.3,0.72,6.34,209,109,5.46,High,Yes,Mild,0
TXN02967,U02967,26,Other,10.36,1.76,2.62,1.8,6.48,236,96,13.05,High,No,Severe,1
TXN02968,U02968,30,Male,6.83,0.58,3.27,1.66,5.08,174,140,7.37,Medium,No,Mild,0
TXN02969,U02969,20,Female,3.51,3.25,0.52,1.41,5.12,99,88,6.3,High,Yes,,0
TXN02970,U02970,29,Other,8.24,0.83,3.8,4.82,4.95,207,193,9.67,Medium,Yes,Severe,1
TXN02971,U02971,25,Male,7.24,2.99,4.52,3.75,3.07,204,171,10.04,Medium,No,Moderate,1
TXN02972,U02972,33,Other,10.88,1.89,5.65,4.89,3.69,316,129,12.21,Low,Yes,Severe,1
TXN02973,U02973,35,Other,10.47,2.81,5.57,5.15,3.0,293,215,12.98,Low,Yes,Severe,1
TXN02974,U02974,23,Other,8.59,3.59,5.44,5.96,3.57,166,143,11.06,Medium,No,Severe,1
TXN02975,U02975,19,Male,4.28,5.01,4.26,2.37,3.07,90,80,6.18,Low,No,Moderate,1
TXN02976,U02976,27,Female,4.29,3.6,2.08,5.39,4.7,232,179,5.64,High,Yes,Mild,0
TXN02977,U02977,25,Male,6.0,3.88,1.67,2.22,7.75,211,57,6.55,Low,No,,0
TXN02978,U02978,30,Other,10.12,1.62,5.14,0.92,5.27,217,199,11.86,Medium,Yes,Moderate,1
TXN02979,U02979,30,Male,11.12,5.98,5.97,1.54,3.08,254,100,12.34,High,Yes,Severe,1
TXN02980,U02980,30,Other,3.43,1.85,3.94,4.56,7.55,35,144,5.97,Medium,No,,0
TXN02981,U02981,27,Female,5.25,4.09,5.06,0.8,3.71,94,226,7.26,Low,Yes,Moderate,1
TXN02982,U02982,35,Female,7.86,4.52,5.14,0.87,4.71,231,214,10.17,High,No,Severe,1
TXN02983,U02983,32,Female,7.09,5.19,2.97,5.75,4.6,181,154,8.34,High,Yes,Moderate,1
TXN02984,U02984,34,Other,4.0,2.32,4.24,1.88,5.31,244,68,4.77,Low,Yes,Mild,0
TXN02985,U02985,24,Male,8.17,2.54,2.54,0.77,5.68,282,99,9.15,Low,Yes,Moderate,1
TXN02986,U02986,29,Male,9.11,5.91,3.65,4.1,3.52,316,97,10.77,Low,No,Severe,1
TXN02987,U02987,31,Other,4.25,4.88,2.46,2.92,5.33,206,251,7.25,High,No,Severe,1
TXN02988,U02988,33,Other,6.93,1.09,5.35,5.88,7.22,233,127,9.27,Medium,Yes,Moderate,1
TXN02989,U02989,32,Male,5.24,1.46,1.13,2.9,5.97,142,58,6.6,High,Yes,,0
TXN02990,U02990,29,Other,7.57,1.63,3.45,1.11,4.58,136,202,8.73,High,Yes,Moderate,1
TXN02991,U02991,29,Female,11.57,2.61,5.3,3.94,3.0,305,239,12.76,Medium,No,Severe,1
TXN02992,U02992,26,Other,9.91,1.29,5.7,0.53,3.26,219,133,11.17,Low,No,Severe,1
TXN02993,U02993,29,Other,5.97,3.22,0.04,0.88,7.15,215,139,7.97,Medium,Yes,,0
TXN02994,U02994,27,Other,6.38,5.66,4.59,3.89,6.29,198,190,7.24,High,No,Moderate,1
TXN02995,U02995,22,Female,11.17,4.34,1.83,4.3,5.9,208,188,13.92,Low,No,Moderate,1
TXN02996,U02996,31,Female,3.39,1.87,2.45,1.72,5.04,246,164,5.36,Low,Yes,Mild,0
TXN02997,U02997,29,Other,7.33,5.14,4.35,2.09,3.0,253,141,10.0,High,No,Severe,1
TXN02998,U02998,34,Other,6.05,1.0,3.02,0.79,6.98,190,198,8.89,Low,No,Moderate,1
TXN02999,U02999,32,Other,3.99,2.29,3.34,4.23,4.86,127,121,5.89,High,No,,0
TXN03000,U03000,25,Male,6.79,4.6,3.15,2.74,3.0,235,159,8.07,High,No,Moderate,1
TXN03001,U03001,25,Male,4.86,2.34,4.74,1.53,4.87,150,59,6.64,Medium,No,Mild,0
TXN03002,U03002,22,Other,3.73,1.3,3.64,5.47,5.73,244,119,5.63,High,No,Mild,0
TXN03003,U03003,27,Female,7.73,3.64,4.11,3.95,8.16,244,90,8.44,Medium,Yes,Mild,0
TXN03004,U03004,23,Female,7.45,0.78,4.43,2.64,6.84,136,111,9.85,High,Yes,Moderate,1
TXN03005,U03005,22,Other,5.12,5.68,2.14,2.05,5.54,273,67,5.9,Medium,Yes,Moderate,1
TXN03006,U03006,20,Male,8.14,3.26,4.1,3.07,5.17,129,224,9.55,Medium,Yes,Severe,1
TXN03007,U03007,31,Female,10.09,1.46,2.45,1.54,3.98,177,254,12.43,Medium,No,Severe,1
TXN03008,U03008,27,Other,4.5,3.84,1.24,0.86,8.1,245,17,7.1,High,Yes,,0
TXN03009,U03009,23,Other,7.22,0.6,3.81,2.2,6.06,236,153,8.48,High,No,Mild,0
TXN03010,U03010,28,Other,4.15,4.49,4.75,5.11,3.26,232,196,6.38,Low,Yes,Moderate,1
TXN03011,U03011,18,Male,9.18,2.86,5.7,4.37,4.72,254,195,12.1,High,Yes,Severe,1
TXN03012,U03012,20,Female,9.39,1.02,6.12,3.26,3.0,249,244,9.97,Low,No,Severe,1
TXN03013,U03013,30,Male,5.06,4.08,6.15,2.17,3.0,143,153,5.96,Medium,No,Severe,1
TXN03014,U03014,24,Female,4.81,4.26,4.84,4.44,5.11,278,161,7.78,Low,Yes,Severe,1
TXN03015,U03015,24,Female,6.11,4.29,5.07,1.09,3.0,306,154,8.46,Low,No,Severe,1
TXN03016,U03016,32,Female,10.47,3.7,2.97,4.97,6.63,277,128,11.11,Medium,No,Moderate,1
TXN03017,U03017,20,Male,4.13,5.22,3.99,1.33,5.92,284,164,6.62,High,Yes,Severe,1
TXN03018,U03018,34,Female,5.14,3.27,1.48,0.52,6.91,138,70,6.33,Medium,No,Mild,0
TXN03019,U03019,26,Male,8.17,1.85,5.3,2.75,3.68,230,178,9.01,Low,Yes,Severe,1
TXN03020,U03020,28,Other,8.91,4.4,3.85,4.98,6.9,123,209,10.17,Medium,No,Moderate,1
TXN03021,U03021,26,Other,9.66,2.26,4.32,4.95,3.94,226,109,11.96,Low,No,Severe,1
TXN03022,U03022,28,Other,3.15,4.55,5.93,0.69,6.13,342,113,5.39,High,No,Severe,1
TXN03023,U03023,32,Male,7.64,1.28,2.43,4.33,7.28,290,158,10.54,High,Yes,Moderate,1
TXN03024,U03024,21,Male,8.21,2.07,3.02,3.03,3.97,152,233,10.65,High,Yes,Severe,1
TXN03025,U03025,34,Male,7.43,0.73,4.54,1.25,6.71,62,97,10.25,High,Yes,Mild,0
TXN03026,U03026,23,Male,3.1,5.52,4.87,2.68,4.25,181,203,4.01,Low,Yes,Severe,1
TXN03027,U03027,27,Female,9.97,3.27,6.35,2.56,3.99,125,207,12.07,High,Yes,Severe,1
TXN03028,U03028,28,Other,7.41,2.08,4.25,1.57,5.54,177,48,8.7,Medium,No,Mild,0
TXN03029,U03029,25,Other,3.68,1.88,2.39,3.75,7.84,107,84,6.65,High,No,,0
TXN03030,U03030,19,Female,9.8,3.35,3.61,3.44,3.16,131,149,10.83,Low,Yes,Moderate,1
TXN03031,U03031,31,Male,4.15,2.0,1.98,3.3,4.72,28,159,5.47,Low,No,,0
TXN03032,U03032,27,Female,6.47,5.08,4.03,3.07,6.2,100,71,7.15,High,Yes,Moderate,1
TXN03033,U03033,24,Female,7.67,5.66,2.63,2.93,6.31,149,226,8.94,Medium,No,Moderate,1
TXN03034,U03034,25,Male,10.38,4.0,2.53,3.82,3.0,152,237,12.21,High,No,Severe,1
TXN03035,U03035,34,Other,4.97,1.1,4.64,2.43,4.27,224,178,7.06,High,Yes,Mild,0
TXN03036,U03036,20,Other,3.93,5.82,3.93,0.73,6.3,243,141,6.58,Low,No,Moderate,1
TXN03037,U03037,27,Other,3.57,1.5,2.26,3.92,7.82,170,24,5.89,Low,Yes,,0
TXN03038,U03038,35,Male,9.39,4.24,5.55,2.64,4.84,251,164,11.97,High,No,Moderate,1
TXN03039,U03039,27,Other,3.15,1.67,2.45,5.86,6.98,156,133,4.37,High,Yes,,0
TXN03040,U03040,21,Female,7.59,2.74,1.44,4.66,6.69,217,199,10.27,Medium,Yes,Mild,0
TXN03041,U03041,30,Male,5.18,1.42,0.02,1.17,8.7,163,35,7.06,Low,Yes,,0
TXN03042,U03042,20,Male,10.31,3.3,1.83,2.91,4.92,305,180,12.04,High,Yes,Moderate,1
TXN03043,U03043,25,Other,3.53,1.36,3.88,5.95,5.94,132,84,4.11,High,Yes,,0
TXN03044,U03044,18,Female,4.88,0.57,1.75,3.41,5.0,243,179,5.8,High,No,,0
TXN03045,U03045,28,Other,6.07,5.34,1.86,5.58,4.17,305,171,7.76,Medium,No,Moderate,1
TXN03046,U03046,27,Male,5.85,2.99,3.86,2.45,6.94,261,116,8.04,High,Yes,Mild,0
TXN03047,U03047,31,Other,8.89,5.71,4.69,0.77,3.0,258,183,11.76,Low,Yes,Severe,1
TXN03048,U03048,31,Other,7.29,1.87,1.73,5.26,4.04,172,149,8.51,Medium,No,Mild,0
TXN03049,U03049,29,Other,3.54,2.78,3.46,5.94,4.54,175,154,4.55,High,Yes,,0
TXN03050,U03050,25,Female,5.33,2.28,1.04,4.68,5.14,164,53,6.45,High,No,Mild,0
TXN03051,U03051,24,Female,9.19,5.2,4.71,3.68,4.0,249,157,10.04,Medium,No,Moderate,1
TXN03052,U03052,20,Male,5.85,5.34,2.95,3.09,5.29,253,99,7.36,High,Yes,Moderate,1
TXN03053,U03053,26,Other,11.96,4.56,6.03,3.05,3.8,295,224,14.33,Medium,Yes,Severe,1
TXN03054,U03054,32,Female,11.63,1.88,4.07,4.93,6.39,180,251,13.3,Low,No,Severe,1
TXN03055,U03055,35,Other,9.82,4.64,4.38,2.77,3.33,312,113,12.62,High,Yes,Moderate,1
TXN03056,U03056,26,Female,3.81,4.87,5.45,5.63,6.06,125,195,6.19,Low,No,Moderate,1
TXN03057,U03057,25,Other,9.17,1.88,5.33,5.51,3.72,212,184,10.37,High,Yes,Severe,1
TXN03058,U03058,34,Other,10.99,5.54,1.94,4.71,3.13,149,153,12.5,Low,Yes,Moderate,1
TXN03059,U03059,22,Female,6.88,1.55,4.27,5.29,3.0,204,213,9.41,High,No,Moderate,1
TXN03060,U03060,21,Male,6.84,4.86,4.74,2.9,3.0,174,127,9.29,Medium,Yes,Severe,1
TXN03061,U03061,35,Male,6.67,3.45,2.34,5.78,4.65,167,138,7.3,High,Yes,Mild,0
TXN03062,U03062,23,Male,10.66,3.49,3.11,3.79,5.03,199,191,12.33,High,Yes,Severe,1
TXN03063,U03063,20,Male,6.57,1.84,4.21,2.11,3.89,175,80,8.93,Low,Yes,Mild,0
TXN03064,U03064,30,Male,5.8,0.77,4.1,2.06,7.69,182,112,7.73,High,Yes,Mild,0
TXN03065,U03065,26,Female,10.68,4.39,5.83,4.24,3.13,149,105,12.96,High,Yes,Severe,1
TXN03066,U03066,25,Female,9.92,2.87,6.34,5.84,4.46,217,171,11.19,Medium,Yes,Severe,1
TXN03067,U03067,30,Female,4.37,5.42,3.01,4.7,3.37,90,195,5.65,Medium,Yes,Moderate,1
TXN03068,U03068,31,Female,9.73,4.57,5.56,1.5,3.85,126,165,11.28,Low,Yes,Severe,1
TXN03069,U03069,28,Female,4.79,5.06,4.1,5.5,6.14,318,99,7.54,Medium,Yes,Moderate,1
TXN03070,U03070,30,Male,8.64,3.5,2.75,5.93,6.83,146,102,11.41,Medium,No,Moderate,1
TXN03071,U03071,26,Male,4.38,1.66,2.9,1.57,4.9,120,43,6.03,Low,Yes,Mild,0
TXN03072,U03072,34,Female,6.37,1.43,3.44,0.64,5.26,246,47,8.97,Medium,No,Mild,0
TXN03073,U03073,35,Other,6.06,5.62,5.03,4.77,4.35,145,155,7.7,Medium,No,Severe,1
TXN03074,U03074,20,Female,4.54,5.56,5.07,4.32,4.22,284,213,5.48,Low,Yes,Moderate,1
TXN03075,U03075,23,Other,3.43,3.73,4.8,2.45,4.2,167,140,5.3,Low,Yes,Mild,0
TXN03076,U03076,31,Other,4.5,5.81,5.0,4.68,5.05,148,99,5.7,High,Yes,Moderate,1
TXN03077,U03077,27,Male,5.15,1.86,3.86,4.63,6.14,209,58,6.87,High,No,,0
TXN03078,U03078,35,Male,5.07,5.78,3.58,4.67,6.29,298,149,6.77,Medium,No,Severe,1
TXN03079,U03079,26,Female,4.39,4.52,4.63,4.56,3.0,147,71,6.2,High,No,Moderate,1
TXN03080,U03080,35,Other,6.7,1.85,2.11,4.07,5.22,297,70,8.03,Low,No,Moderate,1
TXN03081,U03081,21,Female,6.01,0.65,2.86,3.56,7.0,209,189,6.94,Low,Yes,Moderate,1
TXN03082,U03082,27,Male,5.31,3.65,0.93,1.09,4.82,51,139,8.16,High,Yes,,0
TXN03083,U03083,26,Female,6.21,3.4,5.16,4.28,7.02,225,166,7.53,Medium,Yes,Moderate,1
TXN03084,U03084,26,Male,8.39,2.73,5.38,2.93,3.89,186,79,10.81,Medium,No,Moderate,1
TXN03085,U03085,18,Female,8.02,3.49,2.37,3.34,3.85,253,104,9.41,Low,No,Moderate,1
TXN03086,U03086,24,Other,8.23,4.76,2.07,0.6,4.68,288,149,9.94,Medium,No,Moderate,1
TXN03087,U03087,31,Female,6.77,2.09,3.84,0.78,5.9,115,174,7.76,Medium,Yes,Moderate,1
TXN03088,U03088,22,Male,5.35,4.06,1.87,2.36,5.09,316,133,6.24,High,Yes,Moderate,1
TXN03089,U03089,24,Male,11.61,4.7,3.03,3.8,3.51,268,166,12.21,High,No,Moderate,1
TXN03090,U03090,35,Female,10.53,5.34,3.56,5.26,3.0,190,248,13.05,Medium,No,Severe,1
TXN03091,U03091,26,Other,9.55,1.61,5.88,2.97,4.18,195,240,12.43,Low,No,Severe,1
TXN03092,U03092,20,Other,8.43,2.51,4.77,5.87,4.41,212,180,9.51,Medium,Yes,Moderate,1
TXN03093,U03093,24,Male,9.96,1.88,3.77,1.63,6.14,263,238,10.7,Low,Yes,Severe,1
TXN03094,U03094,33,Male,11.7,2.23,4.9,2.03,3.07,246,131,14.21,High,No,Severe,1
TXN03095,U03095,31,Female,11.58,3.67,2.0,2.26,4.98,149,170,12.7,Low,Yes,Moderate,1
TXN03096,U03096,35,Other,10.73,2.92,3.82,4.43,4.92,118,102,12.19,Medium,Yes,Moderate,1
TXN03097,U03097,22,Female,10.57,3.73,2.07,5.17,6.31,249,229,13.19,High,No,Moderate,1
TXN03098,U03098,20,Other,8.62,2.72,4.95,2.11,5.34,214,233,11.07,Medium,Yes,Severe,1
TXN03099,U03099,25,Female,3.56,4.87,2.46,5.45,3.81,225,147,4.98,Medium,No,Moderate,1
TXN03100,U03100,21,Other,6.92,3.92,1.82,3.51,7.85,79,109,9.29,Low,Yes,Mild,0
TXN03101,U03101,26,Other,3.33,2.95,2.44,1.32,7.18,86,53,5.65,Medium,Yes,Mild,0
TXN03102,U03102,33,Male,4.43,2.76,3.76,1.47,6.23,224,124,6.8,Medium,Yes,Mild,0
TXN03103,U03103,26,Female,5.33,3.74,1.94,5.03,7.2,249,110,6.12,High,No,,0
TXN03104,U03104,31,Male,8.68,5.32,6.37,2.95,6.33,255,208,11.27,High,Yes,Severe,1
TXN03105,U03105,19,Male,10.56,2.27,6.3,4.6,3.0,290,241,11.2,Medium,No,Severe,1
TXN03106,U03106,35,Male,5.91,4.43,2.41,3.99,4.24,182,95,7.05,Low,No,Severe,1
TXN03107,U03107,19,Male,5.64,1.61,0.4,4.25,8.31,139,105,6.51,Low,No,,0
TXN03108,U03108,32,Male,8.18,4.39,5.15,1.06,4.03,314,173,8.7,Medium,Yes,Severe,1
TXN03109,U03109,18,Male,9.19,1.66,3.79,1.05,6.99,194,183,10.68,Low,No,Moderate,1
TXN03110,U03110,29,Male,5.81,5.73,3.99,5.91,3.14,142,171,7.59,Medium,No,Severe,1
TXN03111,U03111,28,Other,6.77,5.04,3.94,3.07,6.11,165,101,8.98,Medium,Yes,Severe,1
TXN03112,U03112,21,Male,5.88,4.88,3.0,4.15,3.73,106,125,7.02,High,No,Moderate,1
TXN03113,U03113,22,Female,4.39,4.74,1.82,4.98,4.84,202,176,5.9,Medium,No,Moderate,1
TXN03114,U03114,25,Male,9.62,1.48,3.03,5.84,3.0,345,195,12.56,Medium,Yes,Severe,1
TXN03115,U03115,23,Female,11.51,3.25,3.34,0.9,5.38,93,158,13.4,Low,Yes,Moderate,1
TXN03116,U03116,32,Male,5.02,1.14,2.31,4.94,7.56,248,183,6.48,Medium,No,Mild,0
TXN03117,U03117,31,Other,3.99,1.16,1.76,5.96,6.07,113,142,4.51,Low,No,,0
TXN03118,U03118,30,Female,7.78,5.39,2.67,1.01,6.38,177,215,9.74,High,No,Moderate,1
TXN03119,U03119,35,Female,6.57,1.33,2.4,2.23,3.81,153,205,7.54,High,No,Mild,0
TXN03120,U03120,20,Other,7.34,4.69,4.75,4.65,5.23,217,109,10.0,Low,No,Severe,1
TXN03121,U03121,28,Other,4.96,5.09,2.29,4.91,4.1,312,129,7.48,Medium,Yes,Moderate,1
TXN03122,U03122,33,Other,6.81,1.38,1.59,1.98,7.13,156,110,9.02,Low,No,Mild,0
TXN03123,U03123,31,Male,9.93,1.87,4.85,1.2,5.94,156,180,10.53,High,Yes,Moderate,1
TXN03124,U03124,26,Female,7.75,1.09,3.13,2.94,6.47,192,109,8.36,High,No,Mild,0
TXN03125,U03125,27,Other,7.98,4.7,5.86,4.5,5.4,155,124,10.72,High,Yes,Severe,1
TXN03126,U03126,25,Female,3.07,0.58,3.41,2.28,6.94,171,170,5.75,Medium,Yes,,0
TXN03127,U03127,18,Other,4.73,2.05,4.16,2.37,3.85,269,68,6.97,Low,No,Mild,0
TXN03128,U03128,25,Male,6.07,4.03,4.48,4.12,6.55,241,216,6.67,Low,Yes,Moderate,1
TXN03129,U03129,21,Female,6.7,2.78,2.81,0.62,3.52,252,84,7.6,Medium,No,Moderate,1
TXN03130,U03130,26,Female,4.3,1.13,3.62,4.48,5.26,189,88,5.79,Low,Yes,Mild,0
TXN03131,U03131,34,Male,10.41,4.81,2.65,5.46,6.16,243,84,13.03,Medium,Yes,Moderate,1
TXN03132,U03132,25,Female,5.02,4.48,3.44,2.88,3.98,300,180,6.76,Low,No,Severe,1
TXN03133,U03133,33,Other,10.66,5.55,4.13,1.66,4.18,237,224,12.02,Low,No,Moderate,1
TXN03134,U03134,30,Male,5.62,1.05,1.08,0.72,6.24,244,159,8.31,Low,Yes,,0
TXN03135,U03135,18,Male,7.25,1.31,1.88,4.5,8.12,180,138,8.39,Low,No,Mild,0
TXN03136,U03136,29,Other,10.33,5.63,3.05,1.88,5.35,120,194,12.69,High,No,Moderate,1
TXN03137,U03137,25,Other,5.81,5.8,3.67,2.53,5.75,161,101,8.0,Medium,No,Moderate,1
TXN03138,U03138,23,Other,3.14,3.87,2.29,3.87,4.5,225,193,4.68,Low,No,Mild,0
TXN03139,U03139,23,Other,4.25,2.78,1.74,4.93,5.82,114,105,5.06,Low,No,Mild,0
TXN03140,U03140,33,Female,10.52,5.02,5.52,0.68,6.17,325,124,13.26,Low,Yes,Severe,1
TXN03141,U03141,20,Female,9.1,0.65,2.92,2.13,6.0,129,124,11.47,High,No,Severe,1
TXN03142,U03142,25,Male,9.99,4.17,2.71,5.97,6.68,162,128,12.04,Low,Yes,Moderate,1
TXN03143,U03143,21,Other,10.44,2.87,5.05,2.85,4.21,271,253,11.06,Medium,No,Severe,1
TXN03144,U03144,26,Male,7.24,4.05,2.94,0.78,6.27,145,105,8.48,High,Yes,Severe,1
TXN03145,U03145,32,Other,10.62,1.45,1.67,0.97,5.36,210,186,13.08,Medium,Yes,Moderate,1
TXN03146,U03146,27,Male,4.28,2.28,3.17,5.68,4.28,122,72,5.68,Medium,No,Mild,0
TXN03147,U03147,32,Male,7.11,2.49,3.5,0.76,8.18,223,173,8.92,Medium,Yes,Mild,0
TXN03148,U03148,27,Male,7.74,2.88,1.74,4.41,3.75,148,214,10.31,High,No,Moderate,1
TXN03149,U03149,18,Female,9.82,4.88,3.54,2.32,5.2,302,240,12.25,Low,No,Severe,1
TXN03150,U03150,33,Male,3.5,2.61,2.81,4.47,5.6,170,60,5.32,Low,Yes,,0
TXN03151,U03151,28,Other,5.79,0.95,1.68,4.16,7.4,171,89,7.32,Medium,No,,0
TXN03152,U03152,34,Other,10.09,1.68,4.06,5.56,6.03,347,236,11.4,High,No,Severe,1
TXN03153,U03153,22,Other,9.34,0.86,4.45,2.34,4.87,148,226,10.67,High,Yes,Moderate,1
TXN03154,U03154,26,Other,7.15,3.22,3.88,1.26,5.94,219,214,8.6,Medium,No,Moderate,1
TXN03155,U03155,32,Male,8.13,4.39,3.82,3.97,6.55,293,99,8.68,High,Yes,Moderate,1
TXN03156,U03156,21,Other,9.68,1.48,5.67,4.17,4.78,226,136,10.98,Medium,No,Severe,1
TXN03157,U03157,28,Male,3.97,5.27,4.67,4.69,5.44,191,178,4.72,High,Yes,Moderate,1
TXN03158,U03158,26,Female,8.68,2.44,5.18,5.45,3.33,293,134,10.39,High,No,Severe,1
TXN03159,U03159,29,Other,9.33,1.21,2.79,3.34,6.74,178,94,10.97,High,No,Moderate,1
TXN03160,U03160,28,Other,3.58,4.09,5.86,1.91,5.51,185,173,4.66,Medium,No,Severe,1
TXN03161,U03161,32,Male,9.12,3.24,3.25,5.47,5.64,158,189,11.62,Medium,No,Severe,1
TXN03162,U03162,24,Other,8.99,0.55,4.44,3.75,5.6,155,65,10.67,Medium,Yes,Moderate,1
TXN03163,U03163,18,Other,11.6,2.77,6.16,5.95,4.78,248,157,14.59,Medium,No,Severe,1
TXN03164,U03164,26,Female,7.27,4.87,5.99,4.62,4.17,317,133,8.49,Low,No,Severe,1
TXN03165,U03165,34,Female,8.91,1.85,5.56,0.78,3.59,283,115,10.38,High,No,Moderate,1
TXN03166,U03166,28,Male,7.79,4.5,5.96,3.19,3.54,127,211,10.71,Low,Yes,Severe,1
TXN03167,U03167,34,Male,9.2,4.09,3.59,3.04,3.84,310,196,11.57,Low,Yes,Severe,1
TXN03168,U03168,26,Female,8.48,4.01,4.83,4.11,5.12,185,117,10.91,Medium,Yes,Severe,1
TXN03169,U03169,30,Male,9.28,1.91,4.72,4.69,4.72,141,251,11.29,Medium,No,Severe,1
TXN03170,U03170,18,Female,3.55,2.67,1.56,4.41,5.03,33,106,5.75,Medium,No,,0
TXN03171,U03171,34,Male,7.16,4.58,5.44,4.42,5.82,313,141,9.76,High,Yes,Moderate,1
TXN03172,U03172,29,Female,9.89,5.41,3.18,5.63,5.38,316,251,12.87,High,Yes,Severe,1
TXN03173,U03173,23,Female,7.34,3.96,1.45,4.91,5.13,246,179,8.82,Medium,No,Mild,0
TXN03174,U03174,29,Female,5.68,3.76,3.66,0.7,4.1,101,190,8.48,Medium,Yes,Mild,0
TXN03175,U03175,35,Female,4.65,5.02,3.51,0.77,3.47,153,120,7.09,Low,Yes,Moderate,1
TXN03176,U03176,34,Female,8.15,3.09,3.45,0.61,3.0,236,229,10.76,Medium,Yes,Severe,1
TXN03177,U03177,33,Male,3.75,1.24,3.23,0.87,4.9,234,200,5.87,Low,No,Mild,0
TXN03178,U03178,33,Other,6.92,5.93,3.86,3.57,3.0,181,184,8.32,Low,No,Severe,1
TXN03179,U03179,18,Male,10.83,5.44,2.38,4.81,3.58,127,205,13.28,High,Yes,Moderate,1
TXN03180,U03180,29,Female,11.55,3.49,4.16,3.87,3.0,310,139,12.93,High,No,Severe,1
TXN03181,U03181,23,Male,6.69,4.15,5.0,3.24,4.76,263,157,7.99,Medium,Yes,Moderate,1
TXN03182,U03182,18,Female,11.31,1.18,4.6,2.44,5.18,259,229,11.93,High,No,Severe,1
TXN03183,U03183,27,Other,10.37,5.68,4.6,4.61,4.42,118,68,11.67,Low,Yes,Moderate,1
TXN03184,U03184,35,Other,11.01,5.03,4.35,3.21,6.45,189,217,12.6,High,Yes,Severe,1
TXN03185,U03185,35,Female,11.59,2.57,5.72,4.82,3.43,320,174,12.7,Low,Yes,Severe,1
TXN03186,U03186,32,Other,5.49,3.66,3.9,1.59,6.66,248,52,6.38,High,No,,0
TXN03187,U03187,21,Female,8.55,0.91,1.6,1.7,4.21,230,228,10.3,Medium,No,Moderate,1
TXN03188,U03188,23,Other,4.04,2.09,1.28,3.98,5.64,53,121,4.61,Medium,No,,0
TXN03189,U03189,20,Other,5.43,5.72,3.55,1.8,7.27,186,69,7.36,High,No,Moderate,1
TXN03190,U03190,35,Female,3.84,4.63,4.34,4.46,3.85,218,142,5.87,High,No,Severe,1
TXN03191,U03191,34,Female,9.73,4.26,3.79,4.1,3.73,154,152,10.51,High,No,Severe,1
TXN03192,U03192,30,Other,3.58,2.89,4.18,2.26,5.23,119,162,5.27,Medium,Yes,Mild,0
TXN03193,U03193,23,Female,3.71,1.72,1.9,3.0,5.36,263,58,6.17,High,Yes,Mild,0
TXN03194,U03194,29,Other,7.43,5.29,4.55,5.85,3.0,172,242,8.03,Low,Yes,Severe,1
TXN03195,U03195,18,Female,5.88,2.43,0.45,1.77,5.95,113,87,6.46,High,Yes,,0
TXN03196,U03196,27,Female,11.33,2.1,2.1,4.12,6.81,116,99,12.3,Low,Yes,Moderate,1
TXN03197,U03197,28,Male,5.13,2.55,3.97,5.32,5.36,175,120,7.96,High,Yes,Mild,0
TXN03198,U03198,34,Other,4.67,4.37,3.98,5.54,5.26,233,190,7.08,Medium,No,Moderate,1
TXN03199,U03199,33,Female,11.86,3.06,6.16,1.86,4.75,245,206,12.91,High,Yes,Severe,1
TXN03200,U03200,31,Female,3.25,3.25,3.08,3.24,7.35,140,42,5.73,Low,No,Mild,0
TXN03201,U03201,19,Other,6.99,1.27,2.4,5.7,7.73,241,46,9.21,Low,No,Mild,0
TXN03202,U03202,23,Other,9.21,1.31,3.02,2.97,3.61,164,163,10.3,Medium,No,Moderate,1
TXN03203,U03203,29,Other,6.83,1.17,2.64,2.26,6.33,270,153,7.74,High,No,Mild,0
TXN03204,U03204,35,Male,7.14,0.69,3.62,3.25,3.0,174,145,9.55,High,Yes,Moderate,1
TXN03205,U03205,30,Male,6.05,3.95,2.17,3.37,6.82,184,73,8.47,High,Yes,Moderate,1
TXN03206,U03206,24,Male,10.67,2.75,4.06,1.5,5.61,261,117,11.96,High,Yes,Severe,1
TXN03207,U03207,23,Female,7.35,5.69,5.35,1.73,5.46,298,207,9.78,Low,No,Moderate,1
TXN03208,U03208,20,Male,5.0,1.07,0.97,5.29,6.42,69,159,5.59,High,No,,0
TXN03209,U03209,31,Male,8.03,4.26,3.61,5.88,4.81,285,197,10.85,Medium,No,Moderate,1
TXN03210,U03210,35,Female,6.55,2.35,3.26,5.64,5.04,185,154,8.46,Medium,Yes,Moderate,1
TXN03211,U03211,21,Male,10.3,2.25,4.58,4.01,6.9,213,98,11.68,Low,No,Moderate,1
TXN03212,U03212,28,Male,9.2,4.92,4.53,3.88,4.36,141,96,11.27,Medium,No,Severe,1
TXN03213,U03213,24,Female,6.08,3.27,3.82,4.81,6.53,66,174,6.63,Medium,Yes,Mild,0
TXN03214,U03214,20,Other,6.33,4.84,5.34,5.65,3.46,187,119,7.85,Low,Yes,Severe,1
TXN03215,U03215,21,Male,3.77,3.99,3.32,5.83,4.1,220,112,4.31,Medium,No,Mild,0
TXN03216,U03216,19,Female,3.37,5.06,2.94,2.15,7.17,231,215,4.21,High,No,Moderate,1
TXN03217,U03217,19,Other,11.34,2.61,4.03,2.19,3.99,201,154,13.69,High,Yes,Moderate,1
TXN03218,U03218,30,Male,4.9,1.7,1.97,1.27,4.44,147,123,7.33,High,Yes,Mild,0
TXN03219,U03219,34,Other,9.57,1.8,2.66,4.7,3.44,289,137,10.72,High,No,Severe,1
TXN03220,U03220,25,Other,9.04,0.69,2.56,0.69,3.71,276,230,9.59,High,No,Severe,1
TXN03221,U03221,23,Male,10.58,1.07,1.64,3.66,3.39,202,78,12.49,High,No,Moderate,1
TXN03222,U03222,33,Male,10.42,5.74,3.6,1.14,4.69,194,201,13.2,Low,Yes,Moderate,1
TXN03223,U03223,35,Male,5.65,3.82,3.52,3.52,5.34,80,137,6.78,Medium,No,Mild,0
TXN03224,U03224,29,Male,6.95,1.11,4.26,1.7,4.19,167,143,8.93,Medium,No,Mild,0
TXN03225,U03225,29,Female,11.35,4.85,4.16,5.68,5.1,183,74,13.24,High,No,Moderate,1
TXN03226,U03226,25,Female,8.87,0.99,3.75,3.23,6.3,134,161,9.8,Low,No,Severe,1
TXN03227,U03227,20,Other,11.07,2.33,5.79,1.94,3.0,172,200,12.22,Medium,Yes,Severe,1
TXN03228,U03228,27,Female,9.56,2.53,1.95,4.2,5.48,316,94,12.15,High,No,Moderate,1
TXN03229,U03229,34,Female,7.37,2.86,0.88,1.54,6.16,104,153,8.49,Medium,No,Mild,0
TXN03230,U03230,23,Male,10.35,4.19,1.61,4.91,4.17,263,95,11.63,Medium,No,Moderate,1
TXN03231,U03231,31,Male,9.24,1.55,2.37,1.35,4.49,188,87,11.13,Low,No,Moderate,1
TXN03232,U03232,24,Male,7.8,5.66,5.85,2.48,3.0,127,237,9.97,Medium,Yes,Severe,1
TXN03233,U03233,33,Male,6.05,2.52,5.21,3.27,3.18,160,230,8.74,Low,Yes,Moderate,1
TXN03234,U03234,33,Male,3.65,2.65,0.82,0.68,7.49,188,173,4.68,High,Yes,,0
TXN03235,U03235,31,Other,7.23,2.98,1.78,5.33,4.26,169,149,8.83,Medium,No,Mild,0
TXN03236,U03236,27,Male,9.86,3.46,3.39,4.39,6.29,239,103,12.8,Medium,No,Moderate,1
TXN03237,U03237,24,Male,6.75,2.41,5.14,1.36,6.8,276,168,8.27,Medium,Yes,Moderate,1
TXN03238,U03238,30,Female,8.84,5.44,4.18,1.65,3.74,138,84,10.33,High,Yes,Moderate,1
TXN03239,U03239,32,Other,8.37,2.38,2.81,5.53,5.4,226,121,9.34,Low,No,Moderate,1
TXN03240,U03240,18,Male,3.95,2.72,2.96,0.56,4.82,89,177,4.6,Low,Yes,Mild,0
TXN03241,U03241,20,Female,3.99,2.02,3.54,5.42,7.04,159,39,5.39,Low,No,,0
TXN03242,U03242,20,Male,3.19,2.58,1.71,3.25,8.31,80,112,4.57,Medium,No,,0
TXN03243,U03243,31,Other,11.22,4.09,4.84,2.21,7.18,231,228,13.23,Low,No,Moderate,1
TXN03244,U03244,35,Male,11.94,1.31,5.43,2.84,5.79,292,127,13.28,Medium,Yes,Moderate,1
TXN03245,U03245,34,Other,5.6,0.93,3.47,5.14,8.51,147,19,7.09,High,Yes,,0
TXN03246,U03246,33,Female,8.78,1.51,5.42,3.42,4.78,185,77,11.73,Low,No,Moderate,1
TXN03247,U03247,35,Female,11.37,4.2,2.26,2.1,4.89,147,185,14.33,Low,No,Moderate,1
TXN03248,U03248,24,Female,8.21,1.57,1.64,5.42,3.6,103,152,10.82,High,No,Moderate,1
TXN03249,U03249,19,Male,7.34,3.98,4.74,5.65,5.92,186,123,10.07,Medium,Yes,Mild,0
TXN03250,U03250,23,Female,7.16,3.43,4.36,5.67,4.39,255,93,8.09,High,No,Mild,0
TXN03251,U03251,26,Other,3.33,2.13,2.68,4.22,6.98,236,90,5.05,Medium,No,,0
TXN03252,U03252,20,Female,7.55,2.71,2.85,3.8,4.95,103,79,9.24,High,Yes,Moderate,1
TXN03253,U03253,24,Female,6.6,5.93,5.74,1.83,5.89,217,253,8.72,High,Yes,Severe,1
TXN03254,U03254,35,Female,5.2,3.21,0.15,5.31,6.75,138,23,7.24,Low,Yes,,0
TXN03255,U03255,22,Male,3.85,5.33,4.77,4.71,7.36,270,193,4.36,Low,Yes,Moderate,1
TXN03256,U03256,29,Female,9.06,3.69,2.66,1.14,3.28,193,72,9.79,High,Yes,Moderate,1
TXN03257,U03257,23,Female,3.06,5.65,2.27,1.46,7.27,103,210,4.08,Medium,No,Moderate,1
TXN03258,U03258,30,Male,10.54,1.75,2.87,1.02,3.0,265,129,11.52,Low,Yes,Severe,1
TXN03259,U03259,32,Other,4.09,4.87,2.78,3.06,6.22,101,150,6.5,High,No,Moderate,1
TXN03260,U03260,20,Female,8.38,4.4,1.62,5.07,6.56,195,177,10.87,Low,No,Moderate,1
TXN03261,U03261,25,Other,6.28,2.53,2.69,2.88,5.33,122,68,7.38,Low,Yes,Mild,0
TXN03262,U03262,30,Female,7.31,1.04,3.19,2.3,4.81,133,140,9.26,Low,No,Moderate,1
TXN03263,U03263,32,Other,5.59,4.15,4.72,2.52,3.0,211,139,6.47,High,No,Severe,1
TXN03264,U03264,29,Other,4.47,5.92,3.66,3.06,6.21,284,224,6.46,High,Yes,Severe,1
TXN03265,U03265,35,Male,10.76,1.04,5.48,2.24,7.21,113,82,11.91,High,No,Moderate,1
TXN03266,U03266,27,Male,9.32,3.25,6.38,5.38,6.45,237,145,10.01,High,Yes,Severe,1
TXN03267,U03267,33,Other,11.06,5.37,3.45,3.65,6.25,299,194,12.57,Medium,No,Severe,1
TXN03268,U03268,19,Male,7.88,3.12,4.86,1.56,3.0,121,88,10.71,Medium,Yes,Moderate,1
TXN03269,U03269,30,Male,3.94,4.08,2.55,1.07,3.0,179,226,4.99,Low,Yes,Severe,1
TXN03270,U03270,18,Female,11.44,5.81,4.28,2.59,6.4,233,156,11.97,Low,Yes,Severe,1
TXN03271,U03271,22,Female,10.03,4.48,4.44,5.3,5.39,128,139,10.72,Medium,No,Moderate,1
TXN03272,U03272,23,Male,5.73,4.13,6.35,0.88,3.0,349,211,7.02,Medium,No,Severe,1
TXN03273,U03273,26,Other,11.19,3.4,2.91,5.74,3.0,233,165,12.01,Low,Yes,Severe,1
TXN03274,U03274,26,Female,6.6,1.73,4.03,5.68,7.34,80,200,8.85,High,Yes,Mild,0
TXN03275,U03275,31,Female,6.52,1.31,4.98,3.22,4.81,173,113,8.92,Low,Yes,Moderate,1
TXN03276,U03276,28,Other,3.09,0.69,1.29,5.02,4.97,196,69,4.78,High,Yes,,0
TXN03277,U03277,27,Other,8.77,4.59,5.56,3.98,5.51,128,217,10.63,High,Yes,Severe,1
TXN03278,U03278,31,Other,8.19,4.26,2.88,4.61,3.14,232,199,9.26,Low,No,Moderate,1
TXN03279,U03279,28,Male,8.71,5.82,4.95,3.19,5.87,186,150,9.88,Low,No,Severe,1
TXN03280,U03280,31,Male,9.83,3.13,2.78,2.85,5.57,164,182,12.42,Low,No,Severe,1
TXN03281,U03281,26,Other,11.85,4.87,3.26,0.6,6.2,154,222,13.17,Medium,No,Severe,1
TXN03282,U03282,18,Other,9.64,2.47,3.86,2.3,6.45,180,73,11.64,Medium,Yes,Moderate,1
TXN03283,U03283,26,Female,7.02,1.34,2.39,0.77,7.96,244,195,9.03,Low,No,Mild,0
TXN03284,U03284,21,Other,3.81,2.4,1.88,4.97,6.94,285,202,6.38,Medium,Yes,Mild,0
TXN03285,U03285,18,Female,7.59,3.43,3.74,4.11,5.47,259,91,8.31,Low,Yes,Mild,0
TXN03286,U03286,28,Male,8.42,5.33,2.99,5.04,3.0,186,110,9.38,Medium,No,Severe,1
TXN03287,U03287,29,Female,3.02,4.3,4.93,3.36,4.45,283,174,3.83,Low,No,Moderate,1
TXN03288,U03288,20,Male,4.71,4.85,4.39,4.4,3.0,176,170,6.84,Low,No,Severe,1
TXN03289,U03289,21,Female,9.09,2.2,2.2,3.85,3.73,202,217,10.19,Medium,No,Moderate,1
TXN03290,U03290,34,Other,7.1,3.9,3.27,1.29,3.93,275,124,10.09,Low,No,Mild,0
TXN03291,U03291,18,Female,10.77,3.66,3.84,5.17,5.18,250,216,12.79,High,Yes,Severe,1
TXN03292,U03292,23,Other,7.4,3.03,2.19,1.32,6.04,215,65,8.96,High,Yes,Mild,0
TXN03293,U03293,22,Male,3.77,2.26,1.21,5.38,4.03,222,93,4.4,Low,No,Mild,0
TXN03294,U03294,29,Male,11.51,4.22,2.31,1.93,7.28,161,199,14.09,Medium,Yes,Moderate,1
TXN03295,U03295,22,Other,10.4,1.19,2.51,1.44,3.05,213,128,12.21,Medium,No,Moderate,1
TXN03296,U03296,27,Other,4.86,5.07,2.82,3.14,6.53,215,233,7.55,High,Yes,Severe,1
TXN03297,U03297,23,Female,4.12,5.72,2.05,4.99,6.23,137,100,5.56,Low,Yes,Moderate,1
TXN03298,U03298,20,Female,6.35,3.94,1.1,2.97,6.15,124,193,8.21,Low,Yes,Mild,0
TXN03299,U03299,26,Female,11.86,2.91,5.36,1.77,3.0,182,143,13.47,High,No,Severe,1
TXN03300,U03300,23,Other,5.76,2.51,2.03,2.92,5.9,58,43,7.06,Low,No,Mild,0
TXN03301,U03301,34,Other,7.67,5.2,5.27,3.53,3.36,121,195,8.24,High,Yes,Moderate,1
TXN03302,U03302,28,Male,3.52,5.62,5.32,3.44,4.31,276,231,5.93,Medium,No,Severe,1
TXN03303,U03303,32,Female,3.63,2.54,3.08,1.05,8.48,226,75,4.67,Low,No,,0
TXN03304,U03304,31,Other,6.74,5.4,2.64,5.4,5.24,179,149,7.47,High,Yes,Severe,1
TXN03305,U03305,20,Female,11.99,5.94,3.96,2.35,3.89,242,127,13.72,High,Yes,Moderate,1
TXN03306,U03306,19,Female,5.07,3.21,0.31,3.07,7.98,75,139,7.0,High,Yes,,0
TXN03307,U03307,21,Female,10.3,3.69,5.12,5.43,4.19,184,197,11.12,Medium,Yes,Moderate,1
TXN03308,U03308,23,Female,10.45,2.97,4.37,1.2,4.84,159,187,11.56,Medium,No,Moderate,1
TXN03309,U03309,28,Female,10.51,3.67,4.02,2.34,6.91,188,177,12.57,Low,Yes,Moderate,1
TXN03310,U03310,23,Male,11.16,4.61,2.54,2.4,4.57,294,244,11.72,Low,No,Severe,1
TXN03311,U03311,35,Other,3.89,3.82,4.01,5.82,5.56,275,107,5.08,Medium,No,Mild,0
TXN03312,U03312,35,Female,10.02,5.03,3.39,2.12,3.73,170,131,10.66,High,No,Moderate,1
TXN03313,U03313,28,Male,6.78,4.89,2.72,3.6,3.68,119,165,8.89,Medium,Yes,Moderate,1
TXN03314,U03314,20,Other,5.02,1.92,2.51,2.17,4.65,208,176,6.87,Medium,No,,0
TXN03315,U03315,20,Male,10.59,4.81,3.49,2.88,3.49,190,91,13.53,Low,Yes,Severe,1
TXN03316,U03316,18,Male,5.64,2.77,4.2,1.89,5.78,190,94,6.88,High,No,Mild,0
TXN03317,U03317,29,Male,6.66,2.05,5.18,3.7,3.54,162,166,8.22,Medium,No,Moderate,1
TXN03318,U03318,20,Female,11.7,3.42,5.19,3.81,5.42,147,219,12.48,High,Yes,Severe,1
TXN03319,U03319,23,Female,9.13,2.55,3.83,1.15,5.45,244,70,10.4,Low,No,Moderate,1
TXN03320,U03320,20,Male,9.98,1.91,4.13,4.26,5.06,295,188,12.62,High,No,Moderate,1
TXN03321,U03321,19,Female,9.22,5.41,5.51,1.36,3.21,274,207,10.73,Low,Yes,Severe,1
TXN03322,U03322,30,Other,3.9,3.3,4.48,2.03,6.37,127,133,6.3,High,Yes,Mild,0
TXN03323,U03323,27,Female,3.76,4.15,2.51,3.3,6.38,311,87,6.4,Low,No,Moderate,1
TXN03324,U03324,26,Other,9.91,5.63,4.78,4.41,5.62,242,173,12.86,Low,No,Severe,1
TXN03325,U03325,27,Other,3.18,0.53,2.64,2.61,8.33,241,154,4.32,Medium,Yes,,0
TXN03326,U03326,27,Female,8.04,5.14,4.41,3.58,5.0,247,152,9.74,High,No,Severe,1
TXN03327,U03327,33,Female,11.33,2.99,1.78,1.87,6.75,179,93,13.24,High,No,Moderate,1
TXN03328,U03328,22,Other,10.62,3.64,2.83,2.89,4.96,198,167,13.0,High,Yes,Moderate,1
TXN03329,U03329,24,Male,11.05,1.4,5.75,1.19,4.7,291,246,12.08,Medium,No,Severe,1
TXN03330,U03330,34,Female,10.14,2.81,5.83,2.25,3.0,285,185,12.75,Medium,Yes,Severe,1
TXN03331,U03331,19,Male,8.95,5.21,5.54,3.13,4.27,336,118,10.13,Medium,No,Severe,1
TXN03332,U03332,22,Female,11.72,5.98,5.4,4.33,3.72,197,155,13.76,Low,No,Severe,1
TXN03333,U03333,22,Female,6.33,5.96,3.27,1.92,6.18,316,230,7.5,Medium,No,Severe,1
TXN03334,U03334,31,Other,4.89,5.05,4.36,5.84,3.0,175,71,7.89,Medium,Yes,Moderate,1
TXN03335,U03335,32,Male,4.44,5.61,4.28,3.4,5.28,323,126,6.13,High,No,Severe,1
TXN03336,U03336,35,Other,8.23,2.0,5.35,1.37,6.87,199,168,8.79,Medium,No,Moderate,1
TXN03337,U03337,23,Male,10.0,2.89,5.9,1.95,3.0,322,243,12.91,Medium,Yes,Severe,1
TXN03338,U03338,19,Female,11.64,3.82,3.19,1.06,4.5,212,191,14.32,Medium,No,Moderate,1
TXN03339,U03339,33,Female,3.96,5.97,3.86,0.86,3.4,139,174,5.91,Low,No,Moderate,1
TXN03340,U03340,23,Male,6.1,1.05,3.23,2.42,6.46,190,55,7.8,High,Yes,Mild,0
TXN03341,U03341,33,Male,9.03,0.62,2.65,1.69,5.92,203,238,9.58,Low,No,Severe,1
TXN03342,U03342,23,Other,10.48,2.88,5.84,1.47,5.61,284,162,11.22,Low,Yes,Severe,1
TXN03343,U03343,29,Male,11.17,3.87,2.07,4.32,5.48,166,172,13.92,Low,Yes,Moderate,1
TXN03344,U03344,35,Male,4.4,3.04,2.4,1.02,6.46,111,166,5.77,Low,Yes,,0
TXN03345,U03345,25,Male,8.07,5.48,5.53,5.96,5.61,188,175,10.27,High,No,Moderate,1
TXN03346,U03346,27,Male,10.44,3.57,3.23,3.15,6.06,298,163,13.16,High,No,Severe,1
TXN03347,U03347,33,Female,9.48,1.83,4.91,3.96,3.56,313,152,10.0,High,Yes,Severe,1
TXN03348,U03348,22,Male,9.15,0.94,3.42,1.62,3.24,130,156,9.77,Medium,No,Moderate,1
TXN03349,U03349,31,Other,6.99,3.83,2.71,5.13,5.75,262,195,8.11,Medium,Yes,Moderate,1
TXN03350,U03350,32,Other,9.86,3.18,5.14,4.54,6.86,224,210,12.44,High,Yes,Moderate,1
TXN03351,U03351,31,Other,6.98,3.29,3.52,3.24,5.32,247,86,7.61,Low,No,Moderate,1
TXN03352,U03352,23,Male,8.37,5.26,5.43,2.59,3.72,281,137,9.12,Medium,No,Moderate,1
TXN03353,U03353,34,Other,3.45,0.6,0.08,0.93,8.53,137,41,5.37,Low,No,,0
TXN03354,U03354,25,Male,7.11,5.94,3.12,2.5,4.48,150,164,9.16,Low,No,Severe,1
TXN03355,U03355,20,Male,8.24,2.54,6.01,4.14,3.0,154,172,10.02,Medium,No,Severe,1
TXN03356,U03356,20,Female,10.31,3.12,5.18,4.48,5.32,295,208,11.5,Low,Yes,Severe,1
TXN03357,U03357,31,Other,11.56,4.91,6.4,0.54,6.35,305,203,12.59,Low,Yes,Severe,1
TXN03358,U03358,19,Other,3.75,5.37,1.62,4.13,7.15,234,108,5.28,Low,Yes,Moderate,1
TXN03359,U03359,26,Other,3.14,0.5,0.31,3.38,6.01,236,166,4.71,Medium,Yes,,0
TXN03360,U03360,28,Male,10.7,5.87,2.68,2.38,6.15,303,135,13.27,Low,Yes,Moderate,1
TXN03361,U03361,27,Male,6.05,0.96,2.06,1.83,4.02,83,186,8.91,High,No,Mild,0
TXN03362,U03362,33,Male,6.66,4.79,5.6,4.37,3.33,318,216,9.65,High,No,Severe,1
TXN03363,U03363,28,Female,5.31,3.26,4.36,2.57,5.13,144,42,7.9,Low,Yes,Mild,0
TXN03364,U03364,26,Male,9.81,2.63,5.91,4.15,5.22,231,118,12.26,Medium,No,Severe,1
TXN03365,U03365,34,Other,4.43,4.77,2.04,1.14,5.43,301,89,5.89,Medium,Yes,Moderate,1
TXN03366,U03366,33,Female,9.04,5.25,3.02,3.2,5.4,192,190,11.39,Medium,No,Moderate,1
TXN03367,U03367,26,Other,9.61,1.0,3.6,5.91,5.46,284,156,12.02,High,No,Severe,1
TXN03368,U03368,18,Female,7.77,0.83,2.19,0.74,5.18,86,98,9.37,High,No,Mild,0
TXN03369,U03369,34,Male,5.27,3.9,4.78,0.74,4.34,71,145,7.58,High,Yes,Mild,0
TXN03370,U03370,18,Female,7.01,2.6,3.76,2.92,3.0,199,201,7.7,Medium,Yes,Moderate,1
TXN03371,U03371,33,Female,4.39,5.63,3.98,4.08,5.0,195,91,6.6,Medium,No,Moderate,1
TXN03372,U03372,20,Female,5.9,0.66,1.98,0.58,7.6,242,132,7.27,Low,Yes,,0
TXN03373,U03373,33,Female,7.98,1.48,1.94,2.52,5.75,81,175,10.04,Medium,No,Mild,0
TXN03374,U03374,31,Male,7.39,4.28,4.02,1.38,6.62,231,124,8.64,Low,No,Moderate,1
TXN03375,U03375,22,Other,4.0,1.37,3.81,4.6,7.3,156,71,4.99,Medium,No,,0
TXN03376,U03376,21,Male,4.54,4.74,2.98,3.71,4.1,163,184,6.61,Medium,Yes,Moderate,1
TXN03377,U03377,23,Female,6.08,2.73,1.32,3.43,5.57,245,43,8.73,High,Yes,Mild,0
TXN03378,U03378,33,Male,10.41,0.71,2.68,2.72,5.02,308,102,12.75,Medium,Yes,Severe,1
TXN03379,U03379,25,Other,11.11,5.6,4.88,5.37,4.9,206,121,12.59,Medium,Yes,Severe,1
TXN03380,U03380,31,Male,4.37,3.65,4.3,5.83,6.14,156,89,5.83,Low,Yes,Mild,0
TXN03381,U03381,30,Other,7.62,1.53,2.18,0.83,3.57,173,135,9.02,High,Yes,Moderate,1
TXN03382,U03382,26,Male,3.17,2.92,4.0,3.05,4.62,221,183,4.92,Low,Yes,Mild,0
TXN03383,U03383,19,Male,11.84,4.02,3.35,2.27,4.22,163,126,14.47,High,Yes,Moderate,1
TXN03384,U03384,26,Female,6.88,1.74,4.05,5.1,6.92,55,176,8.9,High,No,Mild,0
TXN03385,U03385,26,Other,8.09,5.17,3.38,2.55,5.69,197,162,9.76,High,Yes,Severe,1
TXN03386,U03386,35,Female,10.39,0.82,4.28,1.2,5.05,272,96,11.29,Medium,No,Severe,1
TXN03387,U03387,21,Female,11.98,0.52,6.18,0.76,6.25,328,102,14.72,Low,No,Severe,1
TXN03388,U03388,27,Male,7.34,5.47,4.43,0.5,3.37,249,168,7.9,Low,Yes,Severe,1
TXN03389,U03389,32,Male,4.47,2.23,0.74,2.54,5.13,157,107,5.15,Medium,Yes,,0
TXN03390,U03390,28,Other,4.41,3.07,0.37,2.91,6.8,192,103,4.94,Medium,Yes,,0
TXN03391,U03391,21,Female,10.9,3.99,2.75,0.63,5.47,335,164,11.65,Low,Yes,Severe,1
TXN03392,U03392,19,Other,11.8,4.54,3.89,2.32,4.71,339,144,12.84,Low,No,Severe,1
TXN03393,U03393,22,Other,10.06,2.6,3.89,5.55,4.09,147,195,11.72,High,Yes,Moderate,1
TXN03394,U03394,22,Male,9.07,1.48,2.41,0.77,7.3,183,170,10.07,Low,No,Moderate,1
TXN03395,U03395,27,Female,10.46,5.16,2.41,1.63,6.7,247,87,11.3,Medium,Yes,Moderate,1
TXN03396,U03396,30,Female,8.21,5.28,4.12,1.64,4.02,298,139,8.92,Medium,No,Severe,1
TXN03397,U03397,31,Other,7.97,1.15,1.73,3.49,4.34,117,140,9.42,Low,Yes,Moderate,1
TXN03398,U03398,35,Male,8.21,5.33,4.72,1.82,5.93,101,97,9.21,Medium,Yes,Moderate,1
TXN03399,U03399,25,Male,9.22,3.39,5.44,1.07,4.66,126,127,10.53,High,Yes,Severe,1
TXN03400,U03400,26,Other,3.05,4.78,3.38,5.09,6.23,222,199,4.84,Medium,Yes,Severe,1
TXN03401,U03401,22,Male,6.5,4.56,4.26,3.12,4.38,232,199,7.51,High,Yes,Severe,1
TXN03402,U03402,33,Male,4.74,0.82,2.22,3.39,8.82,71,63,7.45,Low,No,,0
TXN03403,U03403,35,Female,4.53,3.05,0.2,4.28,6.13,154,116,5.38,Low,No,,0
TXN03404,U03404,32,Female,7.75,5.92,2.3,4.07,3.21,198,204,10.62,Medium,Yes,Moderate,1
TXN03405,U03405,30,Male,10.68,3.27,6.03,0.85,6.18,249,240,11.3,High,Yes,Severe,1
TXN03406,U03406,35,Other,9.05,2.58,3.61,0.63,5.36,109,180,11.04,Low,No,Moderate,1
TXN03407,U03407,32,Female,11.94,2.94,3.27,0.73,3.0,179,157,13.84,Low,No,Severe,1
TXN03408,U03408,34,Other,11.87,3.53,2.58,5.01,6.35,354,226,12.99,Medium,No,Severe,1
TXN03409,U03409,30,Other,11.26,3.02,5.34,1.25,3.0,150,145,11.94,High,Yes,Severe,1
TXN03410,U03410,31,Other,9.73,2.78,1.82,5.57,5.63,237,186,11.82,Medium,Yes,Moderate,1
TXN03411,U03411,33,Male,9.52,0.55,4.41,2.95,3.68,254,150,11.79,Low,No,Moderate,1
TXN03412,U03412,31,Male,9.61,5.31,3.71,0.63,7.37,110,150,12.08,Medium,No,Moderate,1
TXN03413,U03413,32,Other,4.8,0.93,4.07,5.85,4.24,177,126,6.27,Low,No,Mild,0
TXN03414,U03414,26,Female,11.69,1.89,3.19,1.11,6.49,165,205,12.76,Low,No,Severe,1
TXN03415,U03415,31,Female,4.21,3.4,4.1,5.57,5.68,125,142,5.34,Low,Yes,Mild,0
TXN03416,U03416,32,Female,5.65,5.84,2.96,3.8,5.24,255,171,8.26,Medium,Yes,Severe,1
TXN03417,U03417,27,Other,4.35,2.34,3.15,2.71,5.29,65,161,6.37,Medium,Yes,,0
TXN03418,U03418,31,Other,7.25,1.99,3.33,0.63,4.31,288,131,8.01,High,Yes,Moderate,1
TXN03419,U03419,25,Male,8.01,4.19,3.7,5.94,5.67,295,116,10.6,High,No,Moderate,1
TXN03420,U03420,29,Female,8.82,1.89,5.0,4.57,3.0,230,200,11.78,Low,Yes,Severe,1
TXN03421,U03421,29,Male,7.48,4.03,2.61,5.53,3.0,291,110,9.75,High,Yes,Severe,1
TXN03422,U03422,33,Other,5.09,2.51,2.59,0.67,7.78,58,124,6.62,Medium,No,,0
TXN03423,U03423,31,Female,3.68,3.83,0.95,5.49,4.08,67,192,4.45,Medium,No,Mild,0
TXN03424,U03424,28,Other,11.48,5.65,3.39,0.8,4.24,257,158,14.12,Low,No,Severe,1
TXN03425,U03425,23,Female,10.24,0.52,4.19,1.49,6.11,177,205,12.17,Medium,Yes,Moderate,1
TXN03426,U03426,24,Male,4.42,2.76,2.39,5.02,7.75,200,67,5.03,Medium,Yes,Mild,0
TXN03427,U03427,21,Male,10.32,1.01,4.28,1.89,5.78,181,73,13.2,Medium,No,Moderate,1
TXN03428,U03428,32,Female,11.95,5.49,2.63,2.21,5.49,168,170,13.3,Medium,No,Moderate,1
TXN03429,U03429,24,Other,5.56,5.39,4.29,1.95,3.27,195,68,6.45,Medium,No,Moderate,1
TXN03430,U03430,35,Other,7.84,3.24,3.04,4.02,5.42,171,209,10.67,Low,Yes,Moderate,1
TXN03431,U03431,20,Female,9.06,5.35,3.05,4.84,4.48,325,132,11.47,Low,Yes,Severe,1
TXN03432,U03432,25,Male,3.18,4.12,4.11,5.98,5.61,216,182,5.44,Medium,No,Moderate,1
TXN03433,U03433,22,Female,8.34,2.2,5.12,3.39,6.37,252,254,10.67,High,Yes,Severe,1
TXN03434,U03434,32,Male,4.17,4.0,3.86,4.46,7.81,178,78,6.64,High,Yes,Mild,0
TXN03435,U03435,18,Other,6.69,3.95,3.97,5.29,3.8,207,186,8.3,Medium,No,Mild,0
TXN03436,U03436,34,Male,4.49,3.63,1.06,4.0,4.29,87,168,5.31,Medium,No,Mild,0
TXN03437,U03437,23,Female,5.56,3.76,0.01,4.04,6.61,166,160,6.28,High,No,,0
TXN03438,U03438,29,Other,11.03,2.43,2.87,1.31,5.57,198,142,13.83,Medium,Yes,Severe,1
TXN03439,U03439,18,Female,7.63,0.61,4.21,1.69,7.93,116,191,8.95,High,No,Mild,0
TXN03440,U03440,32,Other,7.86,4.81,5.27,5.21,5.69,280,185,8.88,High,Yes,Moderate,1
TXN03441,U03441,23,Other,3.66,1.05,1.09,2.66,6.57,79,170,4.36,Medium,No,Mild,0
TXN03442,U03442,34,Other,8.25,4.72,4.14,3.01,5.09,184,72,9.86,High,No,Moderate,1
TXN03443,U03443,30,Male,11.39,2.62,2.47,2.94,3.71,155,116,12.22,Medium,No,Moderate,1
TXN03444,U03444,33,Other,8.46,0.79,5.35,0.72,4.41,327,254,9.56,High,No,Severe,1
TXN03445,U03445,28,Female,4.47,5.84,3.16,3.74,4.06,338,139,5.94,Low,No,Severe,1
TXN03446,U03446,26,Female,3.97,4.23,3.94,4.2,7.32,182,180,6.9,High,Yes,Moderate,1
TXN03447,U03447,22,Other,9.68,0.6,4.08,5.55,3.0,279,237,10.96,Medium,No,Severe,1
TXN03448,U03448,33,Other,11.62,2.49,2.93,1.73,7.23,108,230,13.23,Low,Yes,Moderate,1
TXN03449,U03449,27,Male,10.36,2.31,3.13,0.85,6.64,281,89,13.01,Medium,No,Moderate,1
TXN03450,U03450,21,Male,10.22,4.91,4.74,1.44,5.28,168,221,12.65,Medium,No,Moderate,1
TXN03451,U03451,29,Male,4.09,1.19,2.1,3.32,6.63,278,147,5.07,High,Yes,Mild,0
TXN03452,U03452,33,Female,10.51,2.61,4.79,1.44,4.6,287,237,13.28,High,Yes,Severe,1
TXN03453,U03453,30,Male,9.97,1.48,6.04,4.22,4.24,174,112,10.66,Medium,Yes,Severe,1
TXN03454,U03454,35,Other,7.43,5.23,2.51,2.29,4.81,312,114,8.71,High,No,Severe,1
TXN03455,U03455,26,Other,10.28,4.9,3.97,3.6,5.87,170,212,13.21,High,No,Moderate,1
TXN03456,U03456,26,Female,9.02,3.54,2.43,3.66,6.29,337,126,11.44,Medium,Yes,Severe,1
TXN03457,U03457,25,Other,8.99,2.78,2.93,4.06,3.16,262,93,11.73,Low,No,Moderate,1
TXN03458,U03458,21,Other,10.11,5.66,2.76,3.42,4.14,129,212,11.5,Low,No,Severe,1
TXN03459,U03459,29,Other,6.73,5.73,1.91,2.75,4.71,207,161,9.22,Low,No,Moderate,1
TXN03460,U03460,26,Female,5.11,5.97,5.47,0.51,3.0,292,185,6.47,Medium,No,Severe,1
TXN03461,U03461,31,Female,10.6,5.15,5.75,2.67,5.46,350,139,12.91,High,No,Severe,1
TXN03462,U03462,20,Other,9.88,2.36,4.13,2.28,3.0,317,128,10.98,Low,No,Severe,1
TXN03463,U03463,23,Male,4.06,4.37,4.95,5.25,5.87,339,186,6.94,Medium,Yes,Severe,1
TXN03464,U03464,18,Male,5.9,4.77,5.09,1.41,5.58,215,200,6.58,Medium,Yes,Moderate,1
TXN03465,U03465,30,Female,4.0,5.27,4.32,5.22,3.0,226,121,5.49,Low,Yes,Severe,1
TXN03466,U03466,19,Other,5.98,0.82,0.47,3.03,8.28,183,135,7.59,Medium,Yes,,0
TXN03467,U03467,27,Other,6.71,0.68,4.52,2.63,3.92,173,109,8.75,Low,Yes,Mild,0
TXN03468,U03468,34,Male,4.97,3.32,3.8,3.48,5.1,175,155,7.59,High,Yes,Mild,0
TXN03469,U03469,32,Male,6.13,2.72,2.92,2.65,6.79,100,154,9.1,High,Yes,Mild,0
TXN03470,U03470,19,Female,8.13,2.92,6.0,1.92,5.76,276,180,8.67,Low,Yes,Severe,1
TXN03471,U03471,22,Female,9.54,0.98,4.94,2.6,6.34,223,81,10.73,High,Yes,Moderate,1
TXN03472,U03472,30,Other,5.78,3.85,3.32,4.88,8.16,184,76,7.4,Medium,No,,0
TXN03473,U03473,26,Male,9.03,1.42,4.84,1.69,3.38,235,169,11.13,Medium,Yes,Moderate,1
TXN03474,U03474,20,Female,6.28,3.32,1.9,1.83,6.53,295,70,6.85,Medium,Yes,Moderate,1
TXN03475,U03475,27,Female,5.53,1.94,3.08,4.25,6.96,104,40,7.54,Low,No,,0
TXN03476,U03476,35,Other,8.08,1.01,5.06,3.94,3.23,265,106,9.67,High,Yes,Moderate,1
TXN03477,U03477,34,Female,10.6,2.84,4.31,4.02,6.62,223,83,13.33,Medium,No,Moderate,1
TXN03478,U03478,31,Male,10.84,2.64,2.81,4.68,5.18,338,245,12.04,Low,No,Severe,1
TXN03479,U03479,35,Other,11.72,2.38,4.48,5.88,4.59,196,92,12.86,High,No,Severe,1
TXN03480,U03480,28,Female,9.31,1.47,5.59,0.68,3.16,111,158,9.97,High,No,Moderate,1
TXN03481,U03481,29,Other,8.31,3.85,2.31,1.34,4.3,167,227,11.13,Medium,No,Moderate,1
TXN03482,U03482,26,Male,8.31,5.14,5.06,5.63,3.72,182,84,10.31,Low,Yes,Moderate,1
TXN03483,U03483,30,Other,5.09,1.94,3.29,1.24,4.35,247,164,7.33,Medium,Yes,Mild,0
TXN03484,U03484,27,Other,10.65,1.41,4.42,1.79,5.06,217,184,11.81,High,No,Severe,1
TXN03485,U03485,23,Male,3.82,3.37,0.82,1.16,6.62,141,162,5.33,Medium,Yes,Mild,0
TXN03486,U03486,24,Male,8.6,4.7,3.85,2.53,6.49,165,142,10.28,Low,Yes,Severe,1
TXN03487,U03487,21,Other,7.17,5.43,4.86,1.32,7.31,146,102,8.37,Medium,Yes,Moderate,1
TXN03488,U03488,24,Female,8.12,4.89,3.53,3.67,4.85,201,107,10.0,Medium,Yes,Moderate,1
TXN03489,U03489,18,Male,3.11,4.4,5.83,2.29,3.57,258,101,6.11,Medium,Yes,Severe,1
TXN03490,U03490,33,Male,10.72,3.48,4.48,1.53,5.41,258,202,13.09,High,Yes,Severe,1
TXN03491,U03491,31,Female,10.89,1.36,4.96,5.28,6.38,310,145,12.34,High,Yes,Severe,1
TXN03492,U03492,35,Male,4.2,4.22,3.27,4.66,7.12,260,86,7.13,Medium,No,Moderate,1
TXN03493,U03493,20,Female,6.33,5.18,4.94,2.97,3.0,323,145,8.92,Low,No,Severe,1
TXN03494,U03494,28,Other,9.81,5.18,3.78,4.33,4.8,278,189,10.53,Medium,No,Moderate,1
TXN03495,U03495,18,Other,10.76,4.3,5.0,1.86,3.73,239,205,13.11,Low,Yes,Moderate,1
TXN03496,U03496,25,Female,11.86,5.28,3.96,5.05,4.14,316,183,14.47,High,No,Severe,1
TXN03497,U03497,27,Female,5.99,1.37,2.11,2.61,7.93,94,43,7.84,High,Yes,Mild,0
TXN03498,U03498,26,Male,9.09,4.9,2.93,3.61,5.4,156,143,10.88,Medium,Yes,Severe,1
TXN03499,U03499,31,Other,8.13,4.89,2.41,3.79,4.43,99,163,10.28,High,Yes,Moderate,1
TXN03500,U03500,22,Male,3.64,1.3,2.33,6.0,6.2,98,62,5.35,Medium,No,,0
TXN03501,U03501,25,Other,6.79,1.55,1.65,2.57,4.4,256,171,9.57,Medium,Yes,Moderate,1
TXN03502,U03502,27,Other,3.66,1.68,0.67,3.41,7.27,192,15,5.85,High,No,,0
TXN03503,U03503,20,Other,3.83,5.43,4.24,2.05,5.45,177,192,4.39,Medium,Yes,Severe,1
TXN03504,U03504,34,Female,5.58,4.8,3.49,4.91,4.3,324,118,8.18,Low,No,Severe,1
TXN03505,U03505,31,Male,4.91,3.57,4.61,4.77,4.03,205,59,7.12,High,Yes,Mild,0
TXN03506,U03506,34,Male,11.03,4.34,1.79,3.75,5.01,214,149,13.93,Medium,No,Moderate,1
TXN03507,U03507,35,Male,4.09,4.68,1.73,4.96,6.72,210,136,5.75,High,Yes,Moderate,1
TXN03508,U03508,21,Male,4.44,2.63,2.48,2.92,6.24,75,29,5.27,Low,Yes,,0
TXN03509,U03509,33,Other,7.75,2.96,3.8,2.2,6.86,277,75,9.48,Medium,Yes,Mild,0
TXN03510,U03510,28,Male,8.5,1.42,4.06,0.63,3.28,222,178,9.33,Medium,Yes,Severe,1
TXN03511,U03511,35,Male,10.99,1.07,4.7,1.74,6.3,129,107,12.64,High,Yes,Severe,1
TXN03512,U03512,25,Other,6.57,4.0,1.42,3.49,3.78,110,154,9.46,Low,Yes,Mild,0
TXN03513,U03513,27,Male,3.04,5.26,5.42,2.63,3.84,346,150,5.58,Low,No,Severe,1
TXN03514,U03514,33,Male,4.41,3.98,1.13,0.77,7.71,161,16,5.99,Low,No,,0
TXN03515,U03515,24,Male,6.26,1.12,3.21,1.53,3.49,107,74,7.54,High,No,Moderate,1
TXN03516,U03516,33,Other,5.2,5.33,3.05,0.91,6.18,176,90,6.22,High,Yes,Moderate,1
TXN03517,U03517,30,Male,6.99,0.8,5.06,3.73,7.12,292,103,8.22,Low,No,Moderate,1
TXN03518,U03518,24,Female,6.04,3.97,3.28,2.36,3.96,102,121,8.53,Low,No,Moderate,1
TXN03519,U03519,24,Female,4.99,1.06,2.08,3.27,6.86,62,181,6.24,Medium,Yes,Mild,0
TXN03520,U03520,29,Other,3.39,4.42,4.12,1.83,3.0,225,182,3.9,Low,Yes,Severe,1
TXN03521,U03521,29,Other,10.81,2.48,4.47,4.49,7.18,189,138,12.92,Low,Yes,Moderate,1
TXN03522,U03522,18,Other,4.26,1.43,0.38,5.88,4.97,153,155,7.09,Low,No,,0
TXN03523,U03523,21,Other,10.66,4.71,2.53,5.83,3.0,315,238,13.47,Medium,No,Severe,1
TXN03524,U03524,29,Other,10.22,2.04,1.98,2.65,3.62,127,228,12.99,High,No,Moderate,1
TXN03525,U03525,31,Male,6.11,3.46,3.77,4.0,7.44,218,167,8.57,Low,Yes,Mild,0
TXN03526,U03526,26,Female,10.61,5.7,6.32,0.94,3.0,183,188,13.07,Medium,Yes,Severe,1
TXN03527,U03527,30,Female,9.77,0.99,3.57,1.28,6.44,345,210,10.56,High,No,Severe,1
TXN03528,U03528,24,Other,3.58,2.13,3.12,2.45,8.01,68,52,4.44,High,Yes,Mild,0
TXN03529,U03529,29,Female,5.75,1.58,1.26,5.51,5.64,227,129,7.97,High,No,,0
TXN03530,U03530,20,Other,3.34,4.81,2.5,3.36,3.0,207,104,5.45,Low,No,Severe,1
TXN03531,U03531,27,Female,6.98,1.33,1.59,0.53,5.03,180,55,9.44,Low,Yes,Mild,0
TXN03532,U03532,23,Other,6.02,5.49,2.41,4.12,3.75,280,88,7.65,Low,Yes,Moderate,1
TXN03533,U03533,29,Other,5.69,0.88,1.48,4.23,4.93,83,129,7.73,Medium,No,,0
TXN03534,U03534,21,Other,7.01,3.87,2.45,5.16,6.24,248,226,9.77,Low,Yes,Moderate,1
TXN03535,U03535,29,Female,6.91,1.1,4.85,4.8,7.14,162,163,8.1,Medium,No,Moderate,1
TXN03536,U03536,32,Other,8.0,2.46,1.48,5.44,6.2,145,54,10.36,Low,No,Mild,0
TXN03537,U03537,22,Male,6.21,5.36,5.92,3.68,3.0,235,120,6.73,High,No,Severe,1
TXN03538,U03538,26,Other,5.15,4.22,3.01,4.26,3.0,188,137,8.0,High,No,Severe,1
TXN03539,U03539,21,Male,7.83,5.8,5.84,3.6,5.94,134,179,8.79,Low,Yes,Severe,1
TXN03540,U03540,18,Male,11.74,3.19,5.16,4.54,5.34,297,78,12.81,High,No,Moderate,1
TXN03541,U03541,31,Male,8.74,3.05,4.01,1.28,5.2,141,238,11.4,Low,Yes,Severe,1
TXN03542,U03542,33,Female,10.93,3.68,1.74,2.45,5.08,284,143,12.3,High,No,Moderate,1
TXN03543,U03543,21,Female,11.01,1.86,4.22,2.89,3.03,289,168,12.12,High,No,Severe,1
TXN03544,U03544,33,Male,6.82,2.23,4.46,3.94,6.23,101,144,7.89,High,No,Mild,0
TXN03545,U03545,26,Female,11.53,3.19,2.57,4.22,4.96,145,236,13.7,Low,No,Severe,1
TXN03546,U03546,28,Male,9.15,5.87,5.3,1.96,5.98,168,113,9.7,Medium,No,Moderate,1
TXN03547,U03547,34,Female,7.0,4.96,3.79,4.03,6.27,98,155,9.53,High,Yes,Moderate,1
TXN03548,U03548,18,Male,4.44,1.97,3.46,2.85,5.58,84,70,6.1,High,Yes,,0
TXN03549,U03549,20,Male,7.73,1.95,2.75,1.54,6.77,213,95,10.24,High,Yes,Moderate,1
TXN03550,U03550,20,Other,3.98,5.99,3.45,5.59,3.67,203,117,5.12,High,No,Moderate,1
TXN03551,U03551,29,Female,5.81,2.04,3.86,5.62,8.07,126,93,7.44,Low,Yes,,0
TXN03552,U03552,34,Other,7.8,3.76,2.42,1.77,6.57,59,43,9.66,High,No,Mild,0
TXN03553,U03553,24,Other,3.41,2.14,2.67,3.11,7.81,247,41,4.92,Medium,Yes,,0
TXN03554,U03554,26,Female,11.07,3.3,4.08,4.63,5.92,162,137,13.94,High,Yes,Moderate,1
TXN03555,U03555,20,Female,7.21,1.94,2.31,5.6,7.35,172,95,9.62,Medium,Yes,Mild,0
TXN03556,U03556,24,Male,9.21,3.34,3.16,5.51,5.53,275,141,11.01,Low,No,Severe,1
TXN03557,U03557,25,Other,3.03,5.44,4.5,4.56,3.35,153,110,4.53,Medium,No,Severe,1
TXN03558,U03558,23,Other,9.53,1.59,4.36,2.74,6.54,142,124,12.34,Medium,Yes,Moderate,1
TXN03559,U03559,33,Male,10.29,4.8,2.01,0.91,4.45,143,213,11.25,High,Yes,Moderate,1
TXN03560,U03560,20,Male,4.8,3.18,2.43,4.08,4.8,134,58,7.58,Medium,No,Mild,0
TXN03561,U03561,22,Other,7.6,2.2,5.58,3.1,4.76,266,129,9.43,Low,Yes,Moderate,1
TXN03562,U03562,18,Other,5.23,0.98,2.72,0.91,6.09,226,102,6.84,High,Yes,Mild,0
TXN03563,U03563,25,Female,11.48,5.98,5.51,5.41,6.44,327,137,13.95,High,Yes,Severe,1
TXN03564,U03564,29,Male,5.25,2.24,4.11,2.82,6.02,93,102,8.12,Low,Yes,Mild,0
TXN03565,U03565,27,Other,10.33,2.78,5.84,0.97,4.04,352,130,11.41,Low,No,Severe,1
TXN03566,U03566,18,Female,3.58,3.67,2.34,0.71,4.08,235,59,6.2,High,Yes,Mild,0
TXN03567,U03567,32,Other,3.95,5.91,5.86,0.7,4.63,318,197,4.77,High,No,Severe,1
TXN03568,U03568,28,Female,6.62,1.68,3.39,4.06,5.4,269,82,8.32,Low,Yes,Moderate,1
TXN03569,U03569,31,Female,3.23,2.79,3.03,3.86,7.43,104,178,3.9,Low,No,,0
TXN03570,U03570,29,Female,9.95,2.1,4.39,3.77,4.03,146,171,11.46,High,Yes,Moderate,1
TXN03571,U03571,29,Other,6.75,0.97,4.24,2.0,4.7,178,155,8.45,Medium,No,Mild,0
TXN03572,U03572,26,Female,11.68,3.28,4.06,3.45,5.17,330,221,14.46,Low,No,Severe,1
TXN03573,U03573,35,Male,10.89,5.47,2.36,3.91,7.35,99,137,11.72,Medium,No,Moderate,1
TXN03574,U03574,29,Male,10.49,2.64,4.96,1.35,6.54,332,222,11.42,Medium,Yes,Severe,1
TXN03575,U03575,18,Male,11.66,2.91,4.04,4.7,4.75,125,147,14.25,High,Yes,Severe,1
TXN03576,U03576,33,Male,5.3,3.94,1.75,5.41,6.97,22,146,7.63,Medium,No,,0
TXN03577,U03577,34,Other,6.72,5.19,4.06,3.76,7.03,90,191,9.34,High,Yes,Moderate,1
TXN03578,U03578,20,Female,5.11,3.92,0.93,4.22,7.27,205,114,6.06,Low,Yes,Mild,0
TXN03579,U03579,32,Female,6.28,2.26,2.01,2.58,6.56,197,58,9.21,High,No,Mild,0
TXN03580,U03580,30,Male,3.53,5.39,5.56,3.13,5.26,250,137,4.32,High,No,Moderate,1
TXN03581,U03581,31,Female,11.35,5.05,4.03,5.86,5.13,142,177,12.33,Low,No,Severe,1
TXN03582,U03582,18,Male,10.24,1.4,2.77,2.56,5.6,269,216,10.97,Low,No,Moderate,1
TXN03583,U03583,30,Male,10.8,5.86,3.71,2.33,5.66,192,190,13.26,Medium,Yes,Severe,1
TXN03584,U03584,31,Other,3.19,1.57,4.28,3.51,7.36,134,195,5.45,Medium,No,Mild,0
TXN03585,U03585,19,Female,7.92,4.8,5.35,4.97,3.42,209,146,9.71,Low,No,Moderate,1
TXN03586,U03586,18,Female,4.74,5.9,5.35,3.4,4.07,116,100,7.24,Medium,Yes,Moderate,1
TXN03587,U03587,19,Other,10.79,1.37,4.57,3.84,6.86,243,230,13.01,Medium,Yes,Moderate,1
TXN03588,U03588,23,Male,3.76,1.59,4.77,4.42,5.19,167,195,5.79,Low,Yes,Mild,0
TXN03589,U03589,28,Female,6.61,4.8,5.81,3.56,3.0,188,104,8.06,Low,No,Severe,1
TXN03590,U03590,34,Female,11.78,2.93,2.69,4.25,3.0,326,103,12.99,Low,No,Severe,1
TXN03591,U03591,33,Other,11.59,5.98,4.82,4.92,5.05,289,141,13.95,High,Yes,Severe,1
TXN03592,U03592,30,Female,7.31,3.07,3.96,3.09,4.38,205,214,10.26,Low,Yes,Moderate,1
TXN03593,U03593,26,Other,9.03,5.57,4.55,3.94,5.19,355,166,10.04,High,Yes,Severe,1
TXN03594,U03594,32,Other,6.63,2.03,1.28,4.21,5.44,124,179,8.43,High,No,Mild,0
TXN03595,U03595,33,Other,7.66,1.78,4.45,5.93,5.04,193,101,8.97,Low,No,Mild,0
TXN03596,U03596,27,Other,10.11,1.93,3.52,3.02,4.14,217,166,11.29,High,Yes,Severe,1
TXN03597,U03597,31,Other,3.57,3.81,1.01,5.05,5.23,141,85,6.33,Medium,No,,0
TXN03598,U03598,25,Female,8.5,5.62,3.93,0.54,4.12,168,233,11.35,Low,Yes,Severe,1
TXN03599,U03599,34,Other,11.55,3.85,2.06,5.47,5.42,255,160,13.39,Medium,No,Moderate,1
TXN03600,U03600,33,Other,6.22,1.08,3.9,4.2,3.87,295,218,8.29,Medium,No,Moderate,1
TXN03601,U03601,33,Female,9.22,2.17,4.31,2.67,4.0,285,187,11.66,Low,No,Moderate,1
TXN03602,U03602,31,Male,9.58,4.54,5.0,2.76,4.72,149,122,11.99,Medium,Yes,Moderate,1
TXN03603,U03603,18,Female,11.45,1.28,5.6,1.21,5.18,282,222,13.0,Low,No,Severe,1
TXN03604,U03604,29,Female,10.28,2.02,4.35,0.67,3.51,225,166,11.45,Low,No,Severe,1
TXN03605,U03605,21,Other,4.19,4.09,3.92,0.77,4.53,133,109,6.44,High,Yes,Severe,1
TXN03606,U03606,23,Other,7.79,5.54,5.56,3.74,5.8,215,153,10.44,Medium,Yes,Severe,1
TXN03607,U03607,29,Male,6.59,2.84,3.28,0.72,7.07,243,108,9.28,Low,Yes,Moderate,1
TXN03608,U03608,27,Female,3.13,2.0,4.61,5.6,6.57,138,171,5.35,High,Yes,Mild,0
TXN03609,U03609,34,Male,6.76,5.15,4.21,1.46,4.92,276,211,9.12,Low,Yes,Moderate,1
TXN03610,U03610,28,Male,6.92,5.13,3.64,1.35,3.0,193,155,9.41,Medium,No,Severe,1
TXN03611,U03611,31,Male,10.82,4.45,5.38,5.36,6.69,273,158,11.45,Medium,No,Moderate,1
TXN03612,U03612,24,Male,3.7,2.19,3.35,5.66,8.16,282,102,5.87,High,No,Mild,0
TXN03613,U03613,24,Other,5.3,6.0,3.08,5.41,4.53,199,81,6.12,High,Yes,Moderate,1
TXN03614,U03614,26,Female,9.64,2.76,4.3,2.9,4.26,103,84,12.32,High,Yes,Moderate,1
TXN03615,U03615,24,Other,10.45,5.9,3.76,4.98,3.28,171,177,12.52,Medium,Yes,Severe,1
TXN03616,U03616,18,Male,7.47,5.94,1.94,4.67,6.42,219,137,10.39,Medium,No,Moderate,1
TXN03617,U03617,26,Male,9.97,3.05,3.49,0.99,6.01,206,94,11.41,High,Yes,Severe,1
TXN03618,U03618,29,Male,9.04,2.23,2.68,4.42,3.25,105,167,11.08,High,No,Moderate,1
TXN03619,U03619,29,Female,9.94,3.0,4.96,1.36,3.17,125,149,10.74,High,No,Severe,1
TXN03620,U03620,25,Other,11.69,3.78,2.6,5.41,6.31,230,69,13.91,Medium,Yes,Moderate,1
TXN03621,U03621,23,Other,10.02,4.52,3.24,3.66,6.3,137,210,11.92,Low,Yes,Severe,1
TXN03622,U03622,24,Male,8.24,5.17,3.36,1.99,5.39,286,143,11.1,High,Yes,Severe,1
TXN03623,U03623,18,Female,11.04,4.25,5.48,2.52,3.66,310,187,13.59,High,No,Severe,1
TXN03624,U03624,30,Male,10.17,4.53,3.37,4.3,6.65,297,123,12.16,High,No,Moderate,1
TXN03625,U03625,18,Female,8.21,2.43,6.28,3.28,3.69,238,230,9.81,Low,Yes,Severe,1
TXN03626,U03626,23,Other,9.53,5.07,3.37,2.95,3.0,299,108,11.43,High,No,Severe,1
TXN03627,U03627,34,Other,5.63,4.66,4.94,4.52,5.85,317,164,6.98,Medium,Yes,Severe,1
TXN03628,U03628,30,Male,8.76,0.52,3.24,1.36,3.0,261,253,10.53,Medium,No,Severe,1
TXN03629,U03629,35,Female,10.84,4.15,2.54,2.38,6.52,157,101,11.97,High,Yes,Severe,1
TXN03630,U03630,24,Other,8.23,3.98,5.7,5.56,3.23,251,138,10.26,Low,Yes,Severe,1
TXN03631,U03631,26,Male,10.42,4.78,1.65,3.13,5.76,236,188,11.12,High,Yes,Moderate,1
TXN03632,U03632,23,Female,3.52,1.58,1.59,5.5,7.25,186,33,5.86,High,No,,0
TXN03633,U03633,20,Male,11.81,4.77,3.97,4.14,3.34,141,97,13.53,High,Yes,Severe,1
TXN03634,U03634,32,Male,6.07,2.52,5.55,4.39,5.35,117,114,6.6,Low,Yes,Moderate,1
TXN03635,U03635,34,Other,4.99,1.0,1.43,3.63,3.91,269,166,6.23,High,No,Mild,0
TXN03636,U03636,26,Male,4.9,0.71,1.51,4.92,5.17,239,75,5.64,Medium,Yes,,0
TXN03637,U03637,27,Female,6.44,4.57,6.34,3.11,3.0,137,190,7.09,Medium,Yes,Severe,1
TXN03638,U03638,34,Female,7.78,3.9,1.89,1.17,3.43,105,182,8.68,High,Yes,Moderate,1
TXN03639,U03639,35,Other,9.48,4.5,5.02,3.01,5.41,321,190,10.66,High,No,Severe,1
TXN03640,U03640,29,Female,7.09,2.51,3.97,5.38,6.53,147,167,9.16,High,No,Moderate,1
TXN03641,U03641,20,Female,10.5,0.61,4.73,3.9,4.88,339,250,11.54,Medium,No,Severe,1
TXN03642,U03642,23,Female,4.95,0.74,0.02,2.24,5.46,87,69,5.51,High,Yes,,0
TXN03643,U03643,19,Other,3.02,1.35,4.61,3.08,5.22,169,128,4.03,High,No,Mild,0
TXN03644,U03644,20,Male,11.54,1.66,2.16,0.94,5.02,299,101,14.09,High,Yes,Moderate,1
TXN03645,U03645,29,Other,7.56,0.99,4.81,1.46,4.65,147,128,10.22,High,Yes,Moderate,1
TXN03646,U03646,18,Male,7.82,4.3,4.45,5.34,3.26,132,159,9.58,Medium,No,Moderate,1
TXN03647,U03647,30,Male,11.83,4.25,4.72,5.57,3.47,115,99,13.44,High,No,Moderate,1
TXN03648,U03648,34,Female,11.1,5.81,5.0,5.3,7.4,320,174,14.04,Medium,Yes,Moderate,1
TXN03649,U03649,22,Female,11.39,3.16,5.71,2.98,3.0,240,91,14.23,High,No,Severe,1
TXN03650,U03650,31,Other,11.93,5.07,2.0,3.1,3.96,313,220,14.53,Medium,No,Moderate,1
TXN03651,U03651,32,Male,5.63,1.52,1.49,3.03,7.86,192,189,8.22,High,No,Mild,0
TXN03652,U03652,29,Female,3.8,3.95,1.54,1.74,5.22,191,78,5.94,High,Yes,,0
TXN03653,U03653,18,Male,10.94,2.44,4.19,0.84,4.88,255,84,12.32,Low,No,Moderate,1
TXN03654,U03654,25,Male,3.52,2.19,3.64,1.33,7.73,127,34,5.78,Medium,No,,0
TXN03655,U03655,34,Other,9.96,1.0,2.9,4.66,5.18,273,94,11.55,High,Yes,Severe,1
TXN03656,U03656,31,Male,6.58,4.14,5.57,1.56,6.47,272,226,7.22,Low,Yes,Severe,1
TXN03657,U03657,26,Female,10.34,1.63,3.4,2.89,3.0,258,217,11.95,High,Yes,Severe,1
TXN03658,U03658,22,Other,5.65,4.36,1.98,2.83,4.64,114,202,7.38,Medium,Yes,Moderate,1
TXN03659,U03659,31,Male,5.57,2.16,3.21,1.61,5.46,115,117,7.38,Low,Yes,Mild,0
TXN03660,U03660,31,Male,9.05,3.58,3.96,3.56,4.47,224,104,10.49,Medium,No,Moderate,1
TXN03661,U03661,21,Female,10.75,1.53,3.68,1.22,6.36,305,208,13.53,Medium,No,Moderate,1
TXN03662,U03662,18,Female,5.3,1.07,2.57,5.27,4.84,174,148,6.65,Low,Yes,Mild,0
TXN03663,U03663,30,Other,7.64,2.32,4.65,2.77,3.7,212,159,8.32,Low,Yes,Moderate,1
TXN03664,U03664,22,Female,8.66,2.13,3.44,3.0,5.3,338,173,9.18,Low,No,Severe,1
TXN03665,U03665,28,Male,9.38,5.75,3.54,2.81,5.31,222,141,10.17,High,Yes,Moderate,1
TXN03666,U03666,32,Male,6.92,3.22,4.69,1.58,5.63,228,110,9.01,Low,No,Moderate,1
TXN03667,U03667,27,Female,10.43,4.92,3.76,1.15,6.83,259,113,13.13,Low,No,Moderate,1
TXN03668,U03668,31,Other,9.3,2.44,4.03,4.94,3.0,290,238,11.44,Low,Yes,Severe,1
TXN03669,U03669,32,Other,10.78,3.62,5.04,5.38,4.93,337,237,12.55,High,Yes,Severe,1
TXN03670,U03670,26,Female,5.54,5.91,4.44,4.21,3.51,211,83,6.38,Medium,No,Moderate,1
TXN03671,U03671,30,Other,8.82,5.98,3.18,5.09,3.0,276,114,11.02,Medium,No,Severe,1
TXN03672,U03672,26,Female,3.13,3.39,2.63,0.66,8.11,244,152,5.12,Low,Yes,,0
TXN03673,U03673,26,Female,10.45,3.83,5.46,2.29,5.47,133,129,12.69,Low,No,Severe,1
TXN03674,U03674,28,Male,4.14,2.79,2.08,2.99,4.28,58,83,5.24,Medium,No,Mild,0
TXN03675,U03675,31,Other,3.39,0.57,0.03,3.69,4.62,242,45,6.05,High,Yes,,0
TXN03676,U03676,25,Male,3.0,2.33,0.78,3.46,6.96,121,149,5.34,High,Yes,,0
TXN03677,U03677,24,Female,3.09,0.89,4.74,3.48,7.75,163,186,5.43,Low,Yes,Mild,0
TXN03678,U03678,30,Other,4.51,2.51,1.08,5.18,6.84,203,183,5.16,Low,Yes,Mild,0
TXN03679,U03679,22,Other,8.58,1.42,5.69,3.77,5.92,164,233,10.1,Medium,Yes,Severe,1
TXN03680,U03680,23,Other,9.33,2.65,4.64,4.74,4.97,263,214,11.44,Medium,No,Severe,1
TXN03681,U03681,20,Female,3.48,1.27,3.1,1.76,5.58,112,149,5.24,Medium,Yes,,0
TXN03682,U03682,30,Male,8.89,4.06,5.66,1.04,4.06,294,243,9.46,Medium,No,Severe,1
TXN03683,U03683,18,Female,9.28,1.32,3.24,2.0,5.53,261,79,12.23,High,No,Moderate,1
TXN03684,U03684,32,Female,8.1,3.95,3.03,0.73,4.19,324,220,10.14,High,Yes,Severe,1
TXN03685,U03685,26,Other,11.3,0.94,2.68,5.74,6.41,246,250,12.2,Medium,No,Severe,1
TXN03686,U03686,33,Other,5.43,1.92,4.17,3.67,4.48,102,181,8.21,High,No,Mild,0
TXN03687,U03687,35,Male,10.56,5.89,4.37,1.52,3.0,139,232,12.65,Low,No,Severe,1
TXN03688,U03688,20,Female,8.13,3.24,5.86,5.8,5.06,207,204,9.43,Low,Yes,Severe,1
TXN03689,U03689,29,Other,10.86,2.82,2.5,4.28,3.31,334,243,13.18,Low,Yes,Severe,1
TXN03690,U03690,35,Other,4.0,4.79,3.92,1.34,5.27,200,248,6.11,High,No,Severe,1
TXN03691,U03691,19,Male,3.04,5.85,3.78,3.65,3.0,354,204,5.8,Medium,No,Severe,1
TXN03692,U03692,29,Other,10.28,3.1,3.54,1.38,4.19,212,189,11.5,Medium,Yes,Moderate,1
TXN03693,U03693,35,Female,4.91,2.92,2.68,3.82,8.75,44,29,5.5,High,No,,0
TXN03694,U03694,32,Male,5.77,4.74,1.92,0.58,4.09,288,99,6.38,Low,Yes,Moderate,1
TXN03695,U03695,28,Female,10.03,3.6,5.9,3.01,3.07,323,200,13.01,High,Yes,Severe,1
TXN03696,U03696,29,Other,11.62,2.48,3.03,1.26,5.19,232,147,14.47,High,No,Moderate,1
TXN03697,U03697,31,Male,9.86,1.97,5.47,3.12,3.66,192,144,12.55,High,No,Moderate,1
TXN03698,U03698,19,Other,3.46,1.47,1.41,2.73,5.69,237,78,4.56,Medium,No,,0
TXN03699,U03699,26,Male,8.72,5.87,2.74,3.0,4.19,120,144,10.15,Medium,No,Moderate,1
TXN03700,U03700,33,Female,3.36,3.82,2.14,1.08,4.0,81,191,4.84,Low,Yes,Mild,0
TXN03701,U03701,29,Male,5.93,2.04,1.51,3.38,4.16,103,103,8.64,High,Yes,Mild,0
TXN03702,U03702,32,Female,10.62,5.4,4.48,0.95,3.0,117,161,12.22,Medium,No,Moderate,1
TXN03703,U03703,19,Other,10.47,3.5,6.29,5.26,4.44,279,129,12.07,Medium,Yes,Severe,1
TXN03704,U03704,26,Female,7.23,5.99,2.42,4.0,6.39,189,197,9.06,Low,No,Moderate,1
TXN03705,U03705,20,Male,9.31,3.4,3.52,3.03,4.28,276,145,11.12,Low,No,Moderate,1
TXN03706,U03706,31,Other,8.71,1.39,1.87,4.32,6.67,278,74,10.81,Low,No,Moderate,1
TXN03707,U03707,20,Other,4.21,2.81,2.28,4.33,5.91,70,75,6.98,High,No,Mild,0
TXN03708,U03708,29,Male,7.84,5.83,3.37,3.65,4.58,312,89,9.94,Medium,Yes,Moderate,1
TXN03709,U03709,33,Other,7.67,2.98,1.64,4.8,6.83,116,129,9.62,Medium,Yes,Mild,0
TXN03710,U03710,25,Female,9.88,5.94,3.71,4.44,3.01,332,184,12.11,Low,Yes,Severe,1
TXN03711,U03711,28,Female,10.53,0.93,2.01,2.61,3.71,269,184,11.7,Low,No,Moderate,1
TXN03712,U03712,22,Male,7.63,2.76,1.34,4.35,4.39,80,158,8.77,Low,Yes,Mild,0
TXN03713,U03713,30,Other,3.03,3.97,1.94,1.78,5.84,73,68,4.23,Medium,Yes,,0
TXN03714,U03714,30,Male,11.73,1.64,4.5,2.69,3.23,193,228,12.68,High,No,Moderate,1
TXN03715,U03715,28,Other,4.36,2.48,2.89,0.98,7.55,206,73,7.23,Low,No,,0
TXN03716,U03716,24,Other,9.02,5.58,3.06,1.95,6.25,258,144,10.86,Low,No,Moderate,1
TXN03717,U03717,22,Male,10.4,5.95,2.94,4.1,3.59,133,130,10.99,Medium,No,Moderate,1
TXN03718,U03718,30,Other,11.05,5.79,6.37,3.87,3.0,218,225,13.83,Low,No,Severe,1
TXN03719,U03719,23,Male,4.77,0.78,2.77,4.64,5.58,258,97,5.82,Medium,No,Mild,0
TXN03720,U03720,34,Other,6.34,3.55,3.7,1.35,4.07,143,221,8.25,Medium,No,Moderate,1
TXN03721,U03721,35,Female,3.38,5.31,4.47,3.19,7.22,301,116,6.15,Low,No,Moderate,1
TXN03722,U03722,30,Female,3.01,4.21,2.44,1.89,6.08,219,96,3.77,Medium,Yes,Severe,1
TXN03723,U03723,30,Other,6.12,2.28,3.98,3.87,7.25,99,230,7.61,High,No,Moderate,1
TXN03724,U03724,22,Female,4.47,1.43,0.73,1.89,4.58,122,76,6.7,High,Yes,,0
TXN03725,U03725,33,Male,10.54,1.05,4.99,2.6,3.99,241,85,12.94,Low,No,Moderate,1
TXN03726,U03726,22,Female,7.93,1.1,4.86,1.69,5.39,263,95,9.1,High,Yes,Moderate,1
TXN03727,U03727,27,Male,4.23,1.94,2.38,1.44,5.58,58,74,6.46,High,Yes,,0
TXN03728,U03728,21,Other,4.72,2.96,4.55,1.44,6.67,96,107,6.88,Medium,Yes,Mild,0
TXN03729,U03729,21,Other,9.43,1.78,2.52,1.39,4.35,187,94,11.52,Medium,No,Moderate,1
TXN03730,U03730,26,Other,11.05,4.33,3.5,4.54,5.7,198,104,13.8,High,No,Severe,1
TXN03731,U03731,29,Female,4.94,0.88,1.1,3.54,4.5,139,25,6.93,Medium,Yes,,0
TXN03732,U03732,19,Male,4.16,5.72,6.04,4.47,3.6,245,131,5.71,Medium,Yes,Severe,1
TXN03733,U03733,22,Male,5.62,4.96,5.07,3.65,5.28,346,206,6.61,High,Yes,Severe,1
TXN03734,U03734,34,Other,4.41,2.04,0.66,1.38,5.34,61,150,7.05,Low,Yes,,0
TXN03735,U03735,28,Other,4.59,1.4,1.35,5.97,6.23,144,22,7.02,High,No,,0
TXN03736,U03736,21,Other,11.99,2.15,3.09,2.36,3.0,276,129,13.12,Medium,No,Severe,1
TXN03737,U03737,18,Other,7.7,5.03,3.87,3.66,3.92,313,229,9.07,Medium,No,Moderate,1
TXN03738,U03738,24,Other,4.77,5.75,2.71,2.44,3.79,177,206,7.32,High,Yes,Moderate,1
TXN03739,U03739,34,Female,7.02,4.04,4.73,4.83,3.0,331,246,7.57,Low,Yes,Severe,1
TXN03740,U03740,35,Male,7.34,3.64,1.04,4.35,4.53,262,162,8.16,Low,Yes,Mild,0
TXN03741,U03741,33,Female,3.04,2.82,4.35,3.57,6.41,132,168,5.6,Medium,No,Mild,0
TXN03742,U03742,29,Other,4.51,3.91,1.08,1.87,6.15,185,112,7.18,Low,No,,0
TXN03743,U03743,22,Male,7.12,5.66,5.34,0.5,3.68,299,98,9.31,Medium,No,Moderate,1
TXN03744,U03744,19,Other,11.03,5.31,3.82,2.76,5.04,143,126,12.59,Medium,No,Severe,1
TXN03745,U03745,34,Male,3.24,4.06,3.88,1.96,3.12,170,210,4.75,Medium,Yes,Moderate,1
TXN03746,U03746,31,Male,10.39,1.44,2.76,4.71,6.32,273,104,10.95,Medium,No,Moderate,1
TXN03747,U03747,31,Male,8.71,2.12,3.28,5.28,5.23,354,143,10.41,Medium,Yes,Severe,1
TXN03748,U03748,21,Other,3.39,0.86,2.7,5.65,6.9,186,22,5.44,High,No,,0
TXN03749,U03749,20,Male,9.73,1.52,6.37,1.4,5.97,227,160,11.7,Medium,No,Severe,1
TXN03750,U03750,31,Other,6.94,3.94,3.13,2.05,5.18,250,124,7.53,High,Yes,Moderate,1
TXN03751,U03751,20,Other,9.61,4.52,5.33,1.1,3.42,339,164,11.42,Low,No,Severe,1
TXN03752,U03752,27,Other,11.48,1.08,4.56,3.15,6.12,257,70,12.04,Medium,Yes,Moderate,1
TXN03753,U03753,19,Other,6.95,4.34,4.35,4.53,6.53,235,109,9.95,Medium,Yes,Moderate,1
TXN03754,U03754,31,Female,5.6,5.38,1.94,0.9,4.96,261,135,7.81,Low,Yes,Moderate,1
TXN03755,U03755,29,Female,10.07,1.69,3.86,3.37,4.15,206,99,11.54,Low,No,Severe,1
TXN03756,U03756,21,Female,5.41,1.96,1.71,5.65,5.19,60,185,6.79,Medium,Yes,Mild,0
TXN03757,U03757,19,Other,9.17,0.86,4.71,3.47,3.42,175,96,9.96,High,No,Moderate,1
TXN03758,U03758,33,Other,10.61,1.91,4.61,3.89,4.08,99,165,11.37,Medium,No,Moderate,1
TXN03759,U03759,26,Male,11.58,5.3,2.35,2.25,3.87,307,74,13.32,Medium,Yes,Moderate,1
TXN03760,U03760,18,Other,6.95,2.27,0.93,4.06,5.08,263,85,8.2,Low,No,Mild,0
TXN03761,U03761,31,Other,9.07,1.21,4.66,1.77,3.96,99,90,11.25,High,Yes,Moderate,1
TXN03762,U03762,21,Other,11.5,4.38,2.68,0.82,6.55,246,194,12.29,High,No,Moderate,1
TXN03763,U03763,22,Female,8.96,5.15,4.17,3.34,4.91,320,143,11.29,Medium,No,Moderate,1
TXN03764,U03764,26,Female,8.72,2.14,3.72,0.74,3.92,191,255,9.65,Low,No,Severe,1
TXN03765,U03765,26,Female,7.94,5.33,1.75,0.89,6.35,234,228,10.26,High,No,Moderate,1
TXN03766,U03766,24,Male,3.17,2.84,2.68,3.9,4.75,153,156,4.82,Low,Yes,Mild,0
TXN03767,U03767,34,Other,9.22,1.24,5.44,3.27,6.47,252,156,9.93,High,Yes,Moderate,1
TXN03768,U03768,21,Male,11.94,3.0,2.31,3.59,5.92,292,175,13.4,High,No,Moderate,1
TXN03769,U03769,20,Other,7.02,5.86,3.0,4.96,3.56,154,125,8.47,Medium,Yes,Severe,1
TXN03770,U03770,31,Female,9.98,5.88,5.8,0.61,3.32,297,151,12.04,High,Yes,Severe,1
TXN03771,U03771,33,Female,4.95,2.77,3.1,2.8,8.5,72,70,7.49,High,No,,0
TXN03772,U03772,30,Male,9.32,4.04,4.37,0.55,5.32,215,95,11.14,Low,Yes,Severe,1
TXN03773,U03773,19,Female,7.94,0.74,4.1,1.53,3.12,271,216,10.34,Low,No,Moderate,1
TXN03774,U03774,27,Female,5.8,0.93,2.3,2.08,4.8,52,81,6.83,Low,No,,0
TXN03775,U03775,18,Other,9.29,3.78,5.41,3.71,6.46,237,192,10.02,Low,Yes,Severe,1
TXN03776,U03776,35,Female,4.89,3.21,1.05,0.58,5.1,43,130,6.5,High,Yes,,0
TXN03777,U03777,31,Female,6.95,2.54,4.68,5.98,7.26,126,88,9.51,Medium,Yes,Mild,0
TXN03778,U03778,32,Male,6.19,5.67,5.04,5.41,5.69,103,202,7.31,High,No,Moderate,1
TXN03779,U03779,19,Female,4.92,3.23,2.22,2.93,6.12,121,135,7.8,Low,No,,0
TXN03780,U03780,25,Female,5.33,4.34,5.51,2.06,5.59,124,192,5.83,Low,Yes,Moderate,1
TXN03781,U03781,35,Other,3.4,5.05,1.7,3.21,3.3,90,94,3.91,High,Yes,Moderate,1
TXN03782,U03782,22,Other,10.62,1.91,2.79,4.73,3.0,300,247,11.18,Medium,No,Severe,1
TXN03783,U03783,34,Other,7.81,4.88,2.86,2.7,3.0,129,217,10.51,Medium,No,Severe,1
TXN03784,U03784,19,Other,5.53,4.81,2.76,4.19,6.91,192,84,7.12,High,Yes,Moderate,1
TXN03785,U03785,23,Male,11.87,4.29,5.93,1.23,3.0,212,158,14.32,Low,Yes,Severe,1
TXN03786,U03786,23,Other,7.71,2.16,4.78,2.46,4.39,126,88,9.98,High,No,Moderate,1
TXN03787,U03787,34,Male,10.27,5.47,5.89,3.94,6.14,342,139,12.44,Medium,No,Severe,1
TXN03788,U03788,20,Other,7.79,1.47,2.96,3.56,5.55,255,203,9.05,Medium,Yes,Mild,0
TXN03789,U03789,32,Other,11.14,2.58,4.98,0.7,6.46,140,221,12.46,Medium,Yes,Severe,1
TXN03790,U03790,27,Other,6.99,4.65,2.02,4.43,5.84,136,211,7.53,Low,No,Moderate,1
TXN03791,U03791,33,Female,7.83,4.88,3.03,1.61,3.9,293,110,9.12,Low,Yes,Severe,1
TXN03792,U03792,30,Other,9.62,5.01,5.33,2.75,3.3,186,174,12.3,High,No,Moderate,1
TXN03793,U03793,27,Other,4.16,2.53,2.49,3.54,7.1,110,182,6.7,Medium,Yes,Mild,0
TXN03794,U03794,27,Other,8.63,0.6,2.53,3.66,4.7,224,115,11.0,Medium,No,Moderate,1
TXN03795,U03795,21,Male,11.99,2.12,3.72,5.98,3.52,272,168,14.47,Low,Yes,Moderate,1
TXN03796,U03796,29,Male,8.97,1.61,4.32,3.06,4.8,151,248,9.58,Medium,No,Severe,1
TXN03797,U03797,20,Other,6.23,3.34,3.86,4.91,7.8,116,110,8.75,Low,Yes,Mild,0
TXN03798,U03798,26,Female,6.12,4.64,3.63,1.6,5.13,223,92,7.38,Medium,No,Moderate,1
TXN03799,U03799,18,Female,7.12,5.53,2.49,5.14,3.11,141,217,8.51,High,Yes,Moderate,1
TXN03800,U03800,34,Other,6.85,2.96,2.13,0.5,7.2,103,121,8.56,High,No,Mild,0
TXN03801,U03801,25,Other,6.53,2.99,2.47,2.64,4.11,154,185,7.73,Medium,Yes,Moderate,1
TXN03802,U03802,25,Female,4.35,2.24,2.46,0.85,4.94,280,80,7.25,Medium,Yes,Mild,0
TXN03803,U03803,35,Female,6.08,2.94,2.25,2.97,4.53,216,186,7.09,Medium,Yes,Moderate,1
TXN03804,U03804,18,Female,3.72,4.18,5.46,3.78,3.48,354,105,4.37,High,Yes,Severe,1
TXN03805,U03805,34,Female,10.11,5.48,5.11,5.6,5.05,234,122,11.73,Low,No,Severe,1
TXN03806,U03806,30,Other,5.96,0.5,1.7,5.66,5.82,86,112,7.32,Low,No,Mild,0
TXN03807,U03807,18,Other,10.02,3.42,4.73,2.8,4.5,298,230,12.45,Medium,Yes,Moderate,1
TXN03808,U03808,30,Female,7.31,2.64,3.42,4.69,4.43,301,131,7.84,Medium,Yes,Moderate,1
TXN03809,U03809,29,Female,5.96,2.7,1.99,5.67,4.52,67,188,7.12,Low,No,Mild,0
TXN03810,U03810,33,Other,10.79,2.47,5.91,4.34,4.85,321,92,11.46,High,No,Severe,1
TXN03811,U03811,23,Female,10.51,0.84,5.03,3.31,4.39,275,102,13.18,High,No,Moderate,1
TXN03812,U03812,34,Other,5.1,4.08,4.19,1.97,3.01,300,214,7.15,High,No,Moderate,1
TXN03813,U03813,28,Other,5.8,5.3,3.11,2.04,3.0,354,156,8.35,High,Yes,Severe,1
TXN03814,U03814,31,Male,7.64,2.62,4.5,3.95,6.1,232,227,9.69,High,No,Moderate,1
TXN03815,U03815,26,Other,11.44,1.46,3.06,2.92,4.19,153,179,13.05,Medium,Yes,Severe,1
TXN03816,U03816,20,Other,6.07,2.74,4.16,2.72,3.99,180,94,7.52,Medium,Yes,Mild,0
TXN03817,U03817,34,Female,9.5,1.59,3.57,4.34,6.52,144,235,11.73,Low,No,Severe,1
TXN03818,U03818,21,Male,6.82,2.21,4.3,2.68,6.16,223,212,8.93,Medium,No,Moderate,1
TXN03819,U03819,20,Male,7.52,1.49,3.46,5.86,5.73,122,130,9.26,High,No,Moderate,1
TXN03820,U03820,32,Other,3.92,5.13,2.77,1.97,5.1,216,207,5.94,Medium,No,Severe,1
TXN03821,U03821,23,Male,4.73,2.23,1.41,3.27,8.11,61,198,5.7,Low,Yes,Mild,0
TXN03822,U03822,26,Male,6.07,1.21,1.94,5.08,7.38,79,56,7.43,Medium,Yes,Mild,0
TXN03823,U03823,35,Other,4.02,3.61,1.14,1.01,6.42,55,155,6.58,Medium,No,Mild,0
TXN03824,U03824,31,Other,11.78,3.83,4.91,1.14,3.34,307,165,14.53,Medium,No,Moderate,1
TXN03825,U03825,24,Male,4.74,5.39,2.25,2.27,3.0,147,157,5.85,High,Yes,Moderate,1
TXN03826,U03826,21,Female,4.44,5.71,5.19,2.98,5.56,277,107,5.67,High,No,Severe,1
TXN03827,U03827,19,Male,5.09,4.37,3.52,2.48,5.3,275,97,6.51,Low,Yes,Moderate,1
TXN03828,U03828,26,Other,10.21,1.69,3.63,2.64,6.21,174,191,12.9,High,Yes,Severe,1
TXN03829,U03829,31,Male,5.12,3.98,4.13,5.91,5.1,134,188,6.89,Low,Yes,Mild,0
TXN03830,U03830,22,Other,10.06,5.23,4.65,3.6,5.75,186,70,11.25,High,No,Moderate,1
TXN03831,U03831,22,Female,9.81,0.99,4.92,1.96,4.08,144,229,12.21,High,No,Moderate,1
TXN03832,U03832,33,Other,7.87,1.43,3.1,4.56,5.96,89,70,8.61,Low,Yes,Mild,0
TXN03833,U03833,34,Female,4.73,4.66,6.29,5.34,6.23,151,184,7.45,High,No,Severe,1
TXN03834,U03834,33,Other,11.86,0.93,4.64,4.64,5.35,224,221,12.45,Low,Yes,Severe,1
TXN03835,U03835,18,Female,3.06,5.85,4.33,4.33,6.82,223,69,3.76,High,Yes,Moderate,1
TXN03836,U03836,24,Other,11.26,2.79,6.06,3.21,3.0,151,117,12.06,Medium,No,Severe,1
TXN03837,U03837,22,Female,8.2,4.67,3.5,4.54,3.38,187,224,10.7,Low,Yes,Moderate,1
TXN03838,U03838,27,Male,3.59,4.04,3.67,4.35,3.0,340,184,6.54,Medium,Yes,Severe,1
TXN03839,U03839,18,Male,11.01,5.93,4.08,3.36,3.0,146,177,13.74,High,Yes,Severe,1
TXN03840,U03840,30,Other,5.63,3.85,1.46,5.15,5.38,88,170,7.36,Low,Yes,,0
TXN03841,U03841,31,Other,3.3,1.14,1.59,1.61,6.54,257,47,4.7,Low,No,Mild,0
TXN03842,U03842,23,Female,11.34,4.22,5.59,3.51,6.76,255,203,11.88,Medium,No,Moderate,1
TXN03843,U03843,31,Male,5.49,5.36,3.72,2.46,6.56,299,193,7.42,Low,Yes,Severe,1
TXN03844,U03844,28,Male,11.03,4.01,4.2,4.86,6.39,199,115,11.73,High,Yes,Severe,1
TXN03845,U03845,21,Male,8.64,1.79,4.98,3.69,5.22,333,192,10.38,High,Yes,Severe,1
TXN03846,U03846,20,Other,11.84,5.53,2.93,3.27,7.29,225,75,12.99,Low,No,Moderate,1
TXN03847,U03847,18,Other,3.29,4.86,4.31,3.42,7.34,173,203,5.86,Medium,No,Moderate,1
TXN03848,U03848,35,Other,3.41,3.13,1.66,3.09,7.08,94,53,4.83,High,No,Mild,0
TXN03849,U03849,29,Female,4.85,0.84,1.01,3.02,6.98,225,63,5.99,Low,No,,0
TXN03850,U03850,18,Female,5.87,4.59,3.81,1.84,6.7,188,84,7.61,Low,Yes,Moderate,1
TXN03851,U03851,34,Male,10.38,2.17,4.23,4.48,6.37,279,99,12.59,High,No,Moderate,1
TXN03852,U03852,27,Female,9.11,1.41,3.71,1.87,4.67,162,172,11.71,Medium,Yes,Severe,1
TXN03853,U03853,21,Other,11.43,4.15,4.47,4.31,6.2,234,203,13.04,Low,Yes,Moderate,1
TXN03854,U03854,22,Female,4.09,1.3,1.02,3.23,6.44,48,39,6.8,Medium,Yes,,0
TXN03855,U03855,19,Other,8.39,4.62,6.11,1.25,5.15,333,109,9.22,Medium,No,Severe,1
TXN03856,U03856,20,Female,11.25,5.15,2.64,0.92,3.0,178,146,14.19,Low,Yes,Severe,1
TXN03857,U03857,30,Other,6.04,2.53,5.55,4.08,6.98,137,121,7.91,High,Yes,Moderate,1
TXN03858,U03858,27,Male,3.89,1.82,1.93,5.4,4.49,184,45,6.26,Medium,Yes,Mild,0
TXN03859,U03859,34,Other,9.07,5.23,3.89,4.02,4.44,247,159,9.59,High,No,Moderate,1
TXN03860,U03860,20,Female,6.92,1.77,2.21,5.74,5.11,111,71,9.17,Medium,Yes,Moderate,1
TXN03861,U03861,21,Female,11.58,5.08,3.89,0.94,6.41,214,207,14.34,High,Yes,Severe,1
TXN03862,U03862,28,Male,3.82,2.22,1.43,5.86,6.16,179,123,4.96,High,No,,0
TXN03863,U03863,21,Male,7.36,1.21,2.02,1.95,6.06,219,83,9.28,Low,Yes,Mild,0
TXN03864,U03864,20,Other,8.79,3.02,3.09,2.23,3.0,290,152,11.09,Low,Yes,Severe,1
TXN03865,U03865,28,Male,10.57,3.34,2.04,5.94,3.38,182,162,11.41,Medium,Yes,Moderate,1
TXN03866,U03866,19,Male,10.95,2.04,1.86,0.59,3.42,143,81,12.15,Medium,No,Moderate,1
TXN03867,U03867,27,Female,5.24,4.03,3.61,5.31,3.03,307,160,6.58,High,Yes,Moderate,1
TXN03868,U03868,33,Female,3.21,4.13,3.31,4.57,5.44,192,224,6.05,Medium,No,Moderate,1
TXN03869,U03869,30,Male,9.05,2.9,5.52,0.93,3.05,128,204,11.28,Medium,No,Severe,1
TXN03870,U03870,32,Female,9.36,1.55,4.66,3.28,6.36,238,118,12.14,High,No,Severe,1
TXN03871,U03871,19,Male,8.92,4.8,4.14,1.2,3.33,126,188,11.46,Low,No,Moderate,1
TXN03872,U03872,29,Male,11.39,4.49,2.54,4.45,3.52,285,206,12.1,Medium,Yes,Moderate,1
TXN03873,U03873,31,Male,11.05,5.72,4.13,2.73,5.98,350,210,12.32,Medium,No,Severe,1
TXN03874,U03874,33,Male,4.03,3.82,2.11,4.45,5.99,37,43,4.82,Medium,No,,0
TXN03875,U03875,19,Female,11.22,3.22,2.89,2.53,7.05,192,67,12.17,Medium,Yes,Moderate,1
TXN03876,U03876,23,Female,9.52,2.16,4.79,3.46,7.31,272,161,11.87,Low,No,Moderate,1
TXN03877,U03877,32,Other,8.82,3.23,5.86,3.36,3.0,290,207,10.89,Low,No,Severe,1
TXN03878,U03878,27,Other,5.51,0.83,3.73,5.04,7.18,209,105,6.43,Medium,Yes,Mild,0
TXN03879,U03879,24,Male,6.65,2.85,1.81,2.2,6.3,291,182,7.44,High,Yes,Moderate,1
TXN03880,U03880,34,Other,4.52,3.19,2.56,1.71,7.41,173,113,6.49,Medium,No,Mild,0
TXN03881,U03881,22,Female,7.17,1.79,5.55,4.03,5.78,253,197,9.74,High,Yes,Moderate,1
TXN03882,U03882,33,Other,5.94,2.07,4.08,4.85,4.95,251,202,7.32,High,No,Mild,0
TXN03883,U03883,18,Male,9.51,3.81,4.48,3.12,4.89,104,144,11.59,Medium,No,Moderate,1
TXN03884,U03884,18,Female,3.64,1.58,3.9,1.94,4.38,99,129,5.61,Low,Yes,Mild,0
TXN03885,U03885,32,Female,9.22,1.92,3.87,2.38,5.01,285,131,10.54,Low,No,Severe,1
TXN03886,U03886,35,Male,6.2,2.26,4.49,2.72,7.81,249,109,7.24,Medium,Yes,Mild,0
TXN03887,U03887,18,Other,4.66,0.78,0.29,2.8,8.57,123,25,6.3,Medium,No,,0
TXN03888,U03888,19,Female,11.59,5.32,2.03,2.03,4.98,102,224,13.12,Low,No,Moderate,1
TXN03889,U03889,19,Other,3.49,1.81,1.44,1.14,6.28,154,199,4.48,Low,Yes,Mild,0
TXN03890,U03890,18,Other,6.8,2.41,3.19,3.63,7.0,119,150,9.59,High,No,Moderate,1
TXN03891,U03891,29,Other,4.14,2.68,2.32,1.95,4.97,210,21,6.64,High,Yes,,0
TXN03892,U03892,30,Female,7.43,4.61,3.59,5.71,3.95,187,137,8.17,Medium,Yes,Severe,1
TXN03893,U03893,21,Other,8.42,3.1,5.57,5.4,3.93,211,223,10.0,Low,Yes,Severe,1
TXN03894,U03894,24,Male,5.43,1.48,0.93,5.05,7.76,110,60,7.91,Low,No,Mild,0
TXN03895,U03895,23,Male,4.29,3.07,3.27,5.72,7.62,184,185,5.27,Medium,No,Mild,0
TXN03896,U03896,35,Other,9.55,0.68,3.54,2.66,6.89,254,185,11.72,High,No,Moderate,1
TXN03897,U03897,34,Male,3.52,1.07,4.03,0.68,5.28,230,188,4.4,Low,Yes,Mild,0
TXN03898,U03898,22,Female,4.89,3.22,0.98,2.08,6.06,62,141,7.02,High,Yes,Mild,0
TXN03899,U03899,35,Other,9.13,2.7,3.4,0.69,5.9,307,133,10.68,Medium,No,Severe,1
TXN03900,U03900,27,Other,4.17,3.72,0.79,3.73,6.61,53,45,6.89,Medium,No,,0
TXN03901,U03901,30,Female,8.51,4.59,2.54,3.1,3.81,137,128,11.42,Medium,No,Severe,1
TXN03902,U03902,20,Female,8.28,0.74,4.78,1.59,4.99,98,107,10.32,Medium,No,Moderate,1
TXN03903,U03903,18,Female,4.85,2.77,4.11,1.43,7.97,264,87,7.8,Medium,No,Mild,0
TXN03904,U03904,30,Other,3.09,3.46,4.39,2.47,4.09,204,191,3.67,Medium,No,Mild,0
TXN03905,U03905,25,Other,4.58,1.52,2.42,3.83,7.12,74,165,6.35,Low,Yes,Mild,0
TXN03906,U03906,23,Male,9.13,1.48,6.27,0.92,4.79,160,127,9.96,High,Yes,Severe,1
TXN03907,U03907,35,Male,5.32,3.54,1.32,5.24,8.85,119,37,7.04,Medium,No,,0
TXN03908,U03908,26,Male,10.77,5.61,4.96,5.44,5.24,310,125,12.36,Low,No,Moderate,1
TXN03909,U03909,27,Female,3.43,1.61,4.05,1.57,6.0,155,202,4.21,High,Yes,Mild,0
TXN03910,U03910,34,Male,6.65,4.04,1.69,5.7,5.07,184,171,7.99,Low,Yes,Moderate,1
TXN03911,U03911,22,Male,7.36,2.51,3.26,4.31,6.67,59,111,9.04,Low,Yes,Mild,0
TXN03912,U03912,25,Other,7.07,0.98,1.37,1.11,7.32,128,155,9.63,Medium,Yes,Mild,0
TXN03913,U03913,22,Other,9.17,5.94,4.41,3.92,6.83,173,131,10.06,Medium,Yes,Moderate,1
TXN03914,U03914,25,Other,11.46,4.52,5.89,3.31,3.0,204,97,13.66,Low,Yes,Severe,1
TXN03915,U03915,34,Male,3.94,5.5,4.07,0.91,4.36,275,219,6.49,Low,Yes,Severe,1
TXN03916,U03916,24,Female,5.08,4.48,3.35,5.97,6.4,174,97,6.04,Medium,No,Moderate,1
TXN03917,U03917,33,Male,5.09,1.24,2.81,4.38,5.31,249,52,5.84,Medium,No,,0
TXN03918,U03918,28,Male,3.45,1.03,3.27,3.68,7.2,102,185,6.28,Medium,No,Mild,0
TXN03919,U03919,20,Male,9.34,2.67,5.66,5.94,5.62,233,91,11.21,Low,No,Severe,1
TXN03920,U03920,25,Other,4.79,2.84,4.05,0.53,7.01,142,158,6.1,Low,No,Mild,0
TXN03921,U03921,27,Other,11.16,3.13,5.5,1.01,3.29,319,99,13.31,Medium,Yes,Moderate,1
TXN03922,U03922,21,Male,8.25,0.98,3.45,2.7,6.27,345,103,10.69,Low,No,Severe,1
TXN03923,U03923,30,Other,7.12,4.56,4.08,5.31,3.7,283,238,7.81,High,No,Severe,1
TXN03924,U03924,32,Male,6.65,4.57,2.95,2.58,6.53,271,236,9.13,Medium,Yes,Severe,1
TXN03925,U03925,32,Male,9.0,4.56,3.19,4.24,6.48,200,245,9.76,Medium,Yes,Severe,1
TXN03926,U03926,21,Other,7.48,3.08,1.89,5.45,4.37,92,65,10.12,High,No,Mild,0
TXN03927,U03927,21,Male,10.29,4.87,5.77,1.55,4.41,296,237,10.86,Low,No,Severe,1
TXN03928,U03928,21,Male,7.08,1.06,3.45,3.75,5.34,115,183,8.4,High,Yes,Mild,0
TXN03929,U03929,33,Male,3.91,2.14,1.63,5.76,4.09,110,121,6.04,High,Yes,Mild,0
TXN03930,U03930,20,Female,9.27,5.8,4.82,5.8,6.45,353,187,10.35,Low,No,Severe,1
TXN03931,U03931,20,Male,9.31,5.29,5.86,1.66,6.32,287,219,12.17,Low,No,Severe,1
TXN03932,U03932,33,Other,10.21,3.49,6.26,4.29,3.0,226,228,11.04,High,No,Severe,1
TXN03933,U03933,19,Other,4.56,3.32,2.01,3.03,6.73,161,186,7.45,Low,Yes,Mild,0
TXN03934,U03934,23,Male,6.32,2.11,4.02,1.09,4.26,153,172,7.67,Low,Yes,Moderate,1
TXN03935,U03935,25,Other,6.73,4.31,5.79,0.95,3.0,336,92,8.03,Low,Yes,Severe,1
TXN03936,U03936,18,Other,7.36,4.18,5.18,1.8,4.21,157,217,9.61,Medium,Yes,Severe,1
TXN03937,U03937,29,Male,11.67,4.93,3.1,2.99,4.48,321,242,12.93,Low,No,Severe,1
TXN03938,U03938,31,Other,7.02,1.27,1.81,0.99,4.84,246,115,7.68,Low,No,Moderate,1
TXN03939,U03939,32,Female,5.82,4.29,4.63,4.3,4.31,191,93,8.54,Low,Yes,Severe,1
TXN03940,U03940,25,Male,10.89,2.99,3.74,4.9,3.27,339,116,12.48,Medium,Yes,Severe,1
TXN03941,U03941,25,Male,8.43,3.06,5.78,3.12,3.37,237,197,10.98,High,Yes,Severe,1
TXN03942,U03942,26,Other,4.17,5.64,4.61,3.89,4.67,194,79,5.22,Medium,No,Moderate,1
TXN03943,U03943,34,Other,4.67,1.14,1.64,3.9,8.16,179,171,5.71,Medium,Yes,Mild,0
TXN03944,U03944,29,Female,8.56,1.09,4.03,5.35,5.0,153,196,9.96,Medium,Yes,Moderate,1
TXN03945,U03945,26,Male,5.04,4.31,3.18,2.73,4.36,149,109,6.69,Low,No,Severe,1
TXN03946,U03946,28,Other,8.37,2.33,5.51,3.83,7.06,296,77,9.93,High,No,Moderate,1
TXN03947,U03947,26,Female,7.84,1.8,4.01,3.84,6.99,235,78,9.64,Medium,No,Mild,0
TXN03948,U03948,24,Female,9.31,4.73,3.6,1.71,3.51,269,120,10.47,Low,No,Severe,1
TXN03949,U03949,19,Male,8.22,3.04,3.96,2.21,3.0,217,216,9.37,Medium,Yes,Severe,1
TXN03950,U03950,33,Other,8.73,3.06,6.11,0.61,3.76,243,200,10.18,Low,Yes,Severe,1
TXN03951,U03951,32,Male,8.13,3.84,3.68,4.17,3.0,132,191,10.39,Medium,Yes,Severe,1
TXN03952,U03952,33,Male,4.53,4.9,3.31,5.73,3.94,217,100,5.71,High,Yes,Severe,1
TXN03953,U03953,34,Male,4.38,1.33,1.01,1.29,5.13,248,93,6.43,Low,Yes,Mild,0
TXN03954,U03954,20,Female,10.05,1.02,4.16,5.47,5.83,239,135,12.09,Low,No,Severe,1
TXN03955,U03955,22,Other,5.17,3.27,3.58,0.65,6.46,181,128,6.87,Medium,No,Mild,0
TXN03956,U03956,27,Male,5.55,5.04,3.33,1.66,6.35,323,252,7.45,Medium,No,Severe,1
TXN03957,U03957,19,Other,4.86,2.1,1.6,0.79,4.32,77,93,5.46,Medium,Yes,Mild,0
TXN03958,U03958,26,Other,8.95,4.57,5.62,0.73,3.75,315,234,10.06,Medium,Yes,Severe,1
TXN03959,U03959,33,Other,9.65,3.94,2.38,2.07,5.99,149,226,10.26,High,No,Moderate,1
TXN03960,U03960,22,Male,10.49,1.05,5.0,1.38,6.5,261,69,13.2,High,Yes,Moderate,1
TXN03961,U03961,20,Other,7.75,2.57,4.77,4.16,4.21,76,46,9.61,Low,Yes,Mild,0
TXN03962,U03962,35,Other,5.17,2.7,3.11,3.14,3.73,227,75,7.66,High,No,Mild,0
TXN03963,U03963,28,Male,5.16,2.47,2.04,4.13,7.77,210,88,6.53,Medium,Yes,Mild,0
TXN03964,U03964,30,Other,4.46,4.94,5.05,1.77,5.26,284,126,5.1,Low,No,Severe,1
TXN03965,U03965,20,Other,5.35,0.56,0.18,4.03,7.45,179,108,7.77,Low,No,,0
TXN03966,U03966,28,Female,5.12,5.73,5.53,5.33,3.0,223,213,6.19,Low,Yes,Severe,1
TXN03967,U03967,28,Other,10.38,5.71,2.78,4.18,6.77,267,141,12.32,Medium,Yes,Moderate,1
TXN03968,U03968,29,Female,7.93,4.49,5.36,0.65,3.0,153,252,10.18,High,No,Severe,1
TXN03969,U03969,27,Male,7.96,2.21,3.18,0.52,4.92,148,66,10.46,High,No,Mild,0
TXN03970,U03970,22,Male,4.53,4.47,3.41,2.31,5.66,124,153,6.97,High,Yes,Moderate,1
TXN03971,U03971,24,Male,4.58,4.3,2.82,0.79,4.98,158,220,6.98,Low,Yes,Severe,1
TXN03972,U03972,28,Other,10.36,2.96,6.37,5.37,3.0,235,144,12.02,High,Yes,Severe,1
TXN03973,U03973,31,Female,9.93,5.63,5.38,1.64,3.0,171,130,11.3,Medium,No,Severe,1
TXN03974,U03974,35,Other,8.61,1.46,5.22,3.19,4.78,115,118,9.65,Medium,No,Moderate,1
TXN03975,U03975,29,Male,11.66,5.65,3.99,0.85,6.39,278,173,14.27,Low,No,Severe,1
TXN03976,U03976,27,Female,7.49,5.55,5.44,2.85,3.0,240,232,10.26,Low,No,Severe,1
TXN03977,U03977,34,Male,6.19,2.86,2.85,3.24,4.78,181,147,8.38,Medium,Yes,Moderate,1
TXN03978,U03978,35,Male,6.66,2.51,4.13,2.68,6.4,253,188,8.19,Medium,No,Mild,0
TXN03979,U03979,29,Female,8.27,0.53,4.86,5.3,5.89,230,218,9.91,Medium,Yes,Severe,1
TXN03980,U03980,30,Male,11.62,3.25,3.83,5.16,4.55,326,166,13.84,Medium,Yes,Severe,1
TXN03981,U03981,34,Other,9.34,5.0,2.33,2.54,6.12,116,171,10.2,Medium,No,Moderate,1
TXN03982,U03982,23,Other,3.25,3.88,1.52,1.46,4.53,253,97,5.15,Low,No,Mild,0
TXN03983,U03983,30,Other,11.81,5.33,2.94,3.21,3.2,309,114,14.53,Medium,No,Severe,1
TXN03984,U03984,33,Male,8.67,2.23,2.79,4.2,6.37,195,184,11.05,High,Yes,Severe,1
TXN03985,U03985,25,Male,5.98,5.25,3.57,3.85,5.86,299,247,8.59,Low,No,Severe,1
TXN03986,U03986,29,Male,11.3,4.05,4.0,2.37,3.5,273,186,13.43,Medium,Yes,Moderate,1
TXN03987,U03987,19,Male,3.59,0.99,2.67,4.65,6.56,216,31,4.4,Medium,No,,0
TXN03988,U03988,31,Other,10.66,3.6,4.04,1.03,6.82,170,65,11.86,Medium,No,Moderate,1
TXN03989,U03989,32,Female,11.1,5.79,2.65,5.16,3.73,250,183,13.54,Low,No,Severe,1
TXN03990,U03990,26,Female,4.51,0.59,2.0,0.59,5.99,130,62,7.2,Low,No,Mild,0
TXN03991,U03991,19,Female,10.5,3.51,2.3,2.31,6.08,169,95,11.84,Low,Yes,Moderate,1
TXN03992,U03992,29,Male,10.51,4.68,6.33,5.9,5.95,337,238,13.5,High,Yes,Severe,1
TXN03993,U03993,31,Other,8.28,1.12,5.44,4.99,3.0,263,157,10.75,High,Yes,Severe,1
TXN03994,U03994,28,Male,11.8,4.82,3.95,2.5,7.26,214,183,14.14,High,No,Moderate,1
TXN03995,U03995,31,Female,8.39,4.11,4.88,2.64,5.93,318,129,10.39,Medium,Yes,Moderate,1
TXN03996,U03996,31,Other,4.12,0.56,3.65,2.45,4.05,90,46,6.93,Medium,No,Mild,0
TXN03997,U03997,21,Male,6.01,4.8,2.42,1.94,4.08,139,208,7.38,High,No,Moderate,1
TXN03998,U03998,33,Male,6.23,5.27,4.38,1.98,6.02,152,203,8.57,High,No,Moderate,1
TXN03999,U03999,35,Male,7.64,3.96,3.45,5.2,6.76,85,99,8.72,Medium,No,Mild,0
TXN04000,U04000,24,Other,3.84,1.79,1.9,3.96,5.69,226,159,6.54,Low,Yes,Mild,0
TXN04001,U04001,33,Other,9.95,2.79,2.58,3.3,6.32,247,230,10.55,High,Yes,Moderate,1
TXN04002,U04002,23,Male,4.55,0.78,2.83,1.28,7.66,133,112,6.35,High,Yes,Mild,0
TXN04003,U04003,33,Other,7.63,5.32,3.85,2.78,4.05,180,186,8.41,Low,No,Moderate,1
TXN04004,U04004,28,Male,11.92,3.75,2.46,4.8,4.94,255,165,12.83,Medium,Yes,Severe,1
TXN04005,U04005,21,Female,7.85,4.8,4.92,5.91,6.73,291,89,8.95,Medium,No,Moderate,1
TXN04006,U04006,19,Male,5.02,5.39,2.64,2.38,5.1,271,133,6.35,High,Yes,Severe,1
TXN04007,U04007,25,Other,5.21,2.41,1.26,2.75,4.43,96,52,5.91,Medium,Yes,Mild,0
TXN04008,U04008,31,Other,7.98,6.0,3.22,0.95,4.63,205,67,10.06,Medium,Yes,Moderate,1
TXN04009,U04009,22,Female,11.51,5.03,2.67,3.01,6.39,186,175,12.72,High,No,Moderate,1
TXN04010,U04010,22,Female,10.45,1.2,5.43,1.85,5.36,136,252,13.08,Low,Yes,Severe,1
TXN04011,U04011,30,Female,7.88,4.29,6.34,5.01,3.57,276,123,10.43,Low,No,Severe,1
TXN04012,U04012,26,Female,9.02,4.47,3.51,3.77,3.0,200,209,11.63,High,Yes,Severe,1
TXN04013,U04013,26,Female,10.08,2.19,2.9,1.09,5.86,230,149,12.0,High,Yes,Severe,1
TXN04014,U04014,28,Female,3.91,2.06,1.03,2.81,8.1,144,94,5.7,Medium,No,,0
TXN04015,U04015,22,Female,9.33,3.31,3.64,4.16,4.67,187,146,11.99,High,Yes,Moderate,1
TXN04016,U04016,25,Female,11.83,3.12,4.63,1.35,3.17,277,115,12.89,Medium,No,Severe,1
TXN04017,U04017,34,Male,4.97,1.68,1.94,5.43,5.1,218,127,7.31,Medium,No,,0
TXN04018,U04018,26,Female,4.04,5.98,5.48,5.94,3.0,142,199,6.23,Medium,Yes,Moderate,1
TXN04019,U04019,33,Male,4.24,1.76,4.26,3.0,4.36,168,116,7.03,High,No,Mild,0
TXN04020,U04020,33,Male,3.44,4.21,5.82,1.8,3.16,279,232,5.6,High,No,Severe,1
TXN04021,U04021,25,Male,11.6,1.38,6.37,3.42,6.22,173,253,13.25,Medium,Yes,Severe,1
TXN04022,U04022,23,Other,11.53,3.4,2.72,5.93,6.35,315,90,13.85,High,No,Moderate,1
TXN04023,U04023,21,Female,11.21,4.89,4.81,1.99,4.63,252,233,12.3,Low,Yes,Severe,1
TXN04024,U04024,24,Other,4.8,5.55,4.58,5.41,4.34,138,144,5.79,Medium,No,Moderate,1
TXN04025,U04025,32,Male,4.15,0.57,0.2,5.59,7.04,75,62,5.38,Medium,Yes,,0
TXN04026,U04026,20,Female,9.13,5.81,3.44,1.11,3.77,124,140,11.25,Low,No,Moderate,1
TXN04027,U04027,26,Other,7.32,1.82,3.89,0.66,5.09,319,99,8.03,Low,No,Moderate,1
TXN04028,U04028,35,Male,11.48,2.87,4.8,0.93,3.0,342,118,13.4,High,Yes,Severe,1
TXN04029,U04029,26,Male,5.62,3.93,0.71,0.71,6.23,169,175,8.16,Medium,Yes,,0
TXN04030,U04030,20,Male,11.41,3.61,3.57,3.67,3.38,193,156,14.05,Low,Yes,Moderate,1
TXN04031,U04031,29,Female,5.48,5.85,5.41,3.07,3.85,154,122,6.54,Medium,Yes,Severe,1
TXN04032,U04032,29,Other,3.83,5.91,2.48,2.62,3.95,262,179,5.51,Medium,Yes,Severe,1
TXN04033,U04033,25,Male,7.94,5.22,4.2,4.01,5.67,315,229,9.11,Medium,Yes,Severe,1
TXN04034,U04034,19,Male,11.33,1.09,4.77,0.93,3.0,229,139,14.29,Medium,Yes,Severe,1
TXN04035,U04035,20,Female,4.25,4.15,5.34,4.59,3.83,283,87,4.88,Medium,Yes,Moderate,1
TXN04036,U04036,18,Female,6.27,2.61,3.42,2.12,6.15,134,154,7.17,Low,Yes,Moderate,1
TXN04037,U04037,30,Female,6.03,4.99,5.22,2.03,3.79,332,109,7.61,Low,No,Severe,1
TXN04038,U04038,19,Female,4.86,2.36,1.42,4.61,8.34,92,55,7.44,Low,No,,0
TXN04039,U04039,31,Other,6.82,5.27,5.38,1.19,3.94,303,213,8.29,Medium,No,Severe,1
TXN04040,U04040,18,Male,5.5,2.46,3.81,5.67,7.1,130,83,7.73,Medium,No,Mild,0
TXN04041,U04041,29,Other,5.6,2.97,1.01,1.99,5.87,213,141,6.2,High,Yes,Mild,0
TXN04042,U04042,33,Male,11.21,1.72,2.03,0.76,4.47,306,152,12.3,High,No,Moderate,1
TXN04043,U04043,21,Other,9.95,4.02,5.39,2.25,6.55,155,66,10.68,Low,No,Moderate,1
TXN04044,U04044,32,Other,8.5,4.84,5.21,2.79,4.57,260,221,9.6,High,No,Severe,1
TXN04045,U04045,25,Male,6.84,2.26,4.13,2.97,6.34,204,212,8.75,High,No,Moderate,1
TXN04046,U04046,29,Female,9.6,5.57,4.93,4.06,3.0,321,167,10.63,High,Yes,Severe,1
TXN04047,U04047,30,Male,7.64,3.72,3.58,4.2,4.38,296,180,9.45,High,No,Moderate,1
TXN04048,U04048,28,Male,5.09,4.68,2.83,3.41,4.55,228,202,6.9,High,No,Severe,1
TXN04049,U04049,21,Female,10.62,5.42,6.01,4.24,5.95,330,162,12.15,Low,Yes,Severe,1
TXN04050,U04050,23,Female,4.95,5.45,1.68,0.55,3.56,293,224,7.85,Medium,No,Moderate,1
TXN04051,U04051,20,Male,10.21,3.58,4.34,2.99,3.75,333,136,10.81,High,Yes,Severe,1
TXN04052,U04052,25,Other,9.16,0.61,2.75,4.94,4.13,117,224,12.05,Low,No,Moderate,1
TXN04053,U04053,19,Male,4.9,3.21,2.12,0.58,7.06,204,71,5.78,High,No,,0
TXN04054,U04054,20,Female,7.1,5.08,5.94,4.63,6.37,249,97,9.15,Low,No,Severe,1
TXN04055,U04055,19,Other,7.97,3.12,4.39,3.12,7.27,117,171,10.47,Low,No,Moderate,1
TXN04056,U04056,23,Male,7.41,2.78,1.79,0.74,7.26,253,220,10.19,Medium,No,Moderate,1
TXN04057,U04057,18,Male,8.35,3.04,2.65,1.68,3.77,297,191,9.8,Low,Yes,Severe,1
TXN04058,U04058,18,Other,7.74,2.36,1.77,3.0,3.73,70,45,8.49,Low,Yes,Mild,0
TXN04059,U04059,21,Male,4.52,2.68,3.32,5.31,8.75,30,96,5.26,High,Yes,,0
TXN04060,U04060,35,Male,11.18,4.54,4.67,4.84,5.37,153,91,13.64,Medium,No,Severe,1
TXN04061,U04061,19,Female,10.55,1.1,4.06,0.94,6.46,288,173,11.62,Low,Yes,Moderate,1
TXN04062,U04062,21,Male,8.11,1.92,2.94,5.83,4.76,209,219,10.19,Low,No,Severe,1
TXN04063,U04063,21,Female,3.57,5.31,2.48,4.81,5.76,189,167,6.04,High,No,Severe,1
TXN04064,U04064,19,Other,11.75,4.38,6.09,1.36,5.32,341,222,13.91,Low,No,Severe,1
TXN04065,U04065,34,Male,3.45,4.32,6.19,3.9,6.47,125,133,4.69,Medium,Yes,Severe,1
TXN04066,U04066,25,Male,11.68,1.49,2.06,3.05,4.34,218,178,13.42,Low,Yes,Moderate,1
TXN04067,U04067,22,Other,3.15,1.0,1.63,4.91,4.29,115,67,5.6,Medium,No,Mild,0
TXN04068,U04068,32,Female,5.52,3.35,0.67,3.31,6.7,22,142,8.3,High,Yes,,0
TXN04069,U04069,31,Other,5.07,4.34,5.26,2.8,6.8,283,176,6.01,Medium,Yes,Moderate,1
TXN04070,U04070,31,Female,11.51,2.22,4.84,0.89,6.51,135,155,13.99,Medium,Yes,Severe,1
TXN04071,U04071,28,Other,10.78,5.93,6.28,4.01,5.92,312,167,13.55,Medium,No,Severe,1
TXN04072,U04072,21,Other,5.21,4.98,4.13,1.11,3.79,132,184,6.96,High,Yes,Moderate,1
TXN04073,U04073,32,Female,9.93,1.3,4.73,1.45,5.01,186,174,12.83,Medium,No,Moderate,1
TXN04074,U04074,27,Male,9.92,4.74,2.76,2.86,4.27,250,135,12.04,Low,Yes,Moderate,1
TXN04075,U04075,21,Male,10.65,1.79,3.26,4.66,6.92,234,140,12.05,Low,Yes,Moderate,1
TXN04076,U04076,25,Female,5.75,5.76,5.29,1.7,3.84,256,131,8.71,High,No,Severe,1
TXN04077,U04077,29,Other,5.73,5.46,2.2,0.53,6.44,146,222,7.6,Low,Yes,Moderate,1
TXN04078,U04078,32,Male,8.75,0.9,4.05,5.45,5.92,213,67,9.5,Medium,Yes,Moderate,1
TXN04079,U04079,29,Female,9.74,3.41,4.15,5.11,3.85,180,127,11.76,Low,Yes,Moderate,1
TXN04080,U04080,35,Female,7.16,4.47,3.22,0.71,6.39,186,116,9.91,Medium,No,Moderate,1
TXN04081,U04081,32,Male,10.38,3.83,4.74,1.25,6.82,184,81,10.98,High,Yes,Moderate,1
TXN04082,U04082,26,Female,5.65,0.58,0.56,3.18,5.12,23,111,6.99,High,No,,0
TXN04083,U04083,31,Other,8.66,3.54,4.94,3.39,4.62,140,107,11.34,Medium,No,Moderate,1
TXN04084,U04084,21,Male,3.79,1.86,3.79,3.02,4.73,207,168,6.45,Medium,Yes,Mild,0
TXN04085,U04085,26,Male,10.65,5.81,4.13,5.42,3.0,181,97,13.14,High,No,Severe,1
TXN04086,U04086,27,Female,11.46,3.28,3.21,5.48,4.38,315,106,12.99,Medium,Yes,Severe,1
TXN04087,U04087,19,Other,6.2,2.06,2.7,1.85,7.26,129,165,8.89,Low,No,Mild,0
TXN04088,U04088,27,Other,6.0,3.84,4.45,3.56,6.35,100,87,8.81,Medium,No,Mild,0
TXN04089,U04089,27,Female,3.24,4.08,2.72,1.17,3.0,166,227,5.22,Medium,Yes,Moderate,1
TXN04090,U04090,32,Male,7.74,4.9,3.89,3.61,5.86,133,178,9.34,High,No,Severe,1
TXN04091,U04091,31,Other,8.35,5.17,3.26,3.62,5.71,312,92,8.93,High,Yes,Severe,1
TXN04092,U04092,29,Male,11.48,3.77,5.04,1.51,5.78,192,117,13.12,Medium,Yes,Moderate,1
TXN04093,U04093,29,Female,4.42,2.49,3.68,3.19,3.84,111,64,6.77,Low,Yes,Mild,0
TXN04094,U04094,21,Female,7.41,4.17,3.06,1.58,3.54,165,209,9.49,Low,No,Moderate,1
TXN04095,U04095,31,Other,8.21,2.21,4.61,5.37,4.24,242,107,9.29,High,Yes,Severe,1
TXN04096,U04096,34,Other,9.13,0.96,1.83,2.42,6.59,227,109,10.46,Low,No,Moderate,1
TXN04097,U04097,31,Other,10.07,1.6,5.51,5.21,4.04,321,129,10.57,High,Yes,Severe,1
TXN04098,U04098,35,Male,8.95,4.37,4.63,1.34,5.23,248,174,9.71,Low,No,Severe,1
TXN04099,U04099,19,Other,9.24,2.92,6.18,5.7,3.0,223,186,11.28,Low,Yes,Severe,1
TXN04100,U04100,30,Female,7.66,3.61,2.7,0.93,4.19,236,125,8.67,Low,Yes,Moderate,1
TXN04101,U04101,35,Female,5.86,5.8,2.28,4.62,3.46,222,75,7.34,High,Yes,Moderate,1
TXN04102,U04102,25,Male,4.53,4.27,5.36,3.52,6.0,162,242,6.68,Medium,No,Severe,1
TXN04103,U04103,24,Other,9.26,0.84,4.16,4.97,5.7,256,202,9.96,High,No,Severe,1
TXN04104,U04104,28,Female,11.58,2.19,5.88,0.66,4.19,199,176,14.12,Medium,No,Severe,1
TXN04105,U04105,21,Male,8.83,2.11,3.28,5.12,6.61,178,90,10.58,Low,No,Moderate,1
TXN04106,U04106,23,Other,10.97,1.72,5.54,5.39,5.28,175,100,12.3,High,No,Severe,1
TXN04107,U04107,34,Female,10.32,2.72,2.62,6.0,3.0,346,176,10.88,High,No,Severe,1
TXN04108,U04108,19,Female,11.43,3.67,5.1,0.61,6.31,307,127,13.0,Low,No,Severe,1
TXN04109,U04109,29,Other,10.74,4.54,2.14,4.7,4.05,159,92,12.86,Medium,Yes,Moderate,1
TXN04110,U04110,26,Male,3.13,4.64,2.64,3.63,5.24,221,118,4.43,Medium,Yes,Moderate,1
TXN04111,U04111,20,Other,7.97,4.28,1.63,3.33,3.38,251,120,9.8,High,Yes,Moderate,1
TXN04112,U04112,22,Male,7.29,3.62,2.82,3.67,4.69,270,67,10.17,High,No,Mild,0
TXN04113,U04113,31,Other,5.99,1.04,2.9,0.91,7.02,171,147,8.35,Low,Yes,Mild,0
TXN04114,U04114,32,Other,9.15,2.26,2.1,2.76,4.28,290,87,10.48,High,Yes,Moderate,1
TXN04115,U04115,21,Male,11.16,5.93,3.21,2.9,6.47,110,189,14.03,Low,Yes,Moderate,1
TXN04116,U04116,32,Female,11.11,3.63,2.86,2.29,5.31,328,215,13.3,Medium,Yes,Severe,1
TXN04117,U04117,25,Female,11.57,2.83,3.08,1.01,5.23,122,147,13.16,Medium,No,Moderate,1
TXN04118,U04118,24,Female,8.37,3.01,3.48,4.72,4.03,267,114,9.9,High,Yes,Moderate,1
TXN04119,U04119,21,Female,5.11,2.34,1.55,2.06,3.76,176,119,8.09,Medium,No,Mild,0
TXN04120,U04120,27,Male,8.81,2.13,4.4,2.18,4.04,126,94,10.6,Medium,Yes,Moderate,1
TXN04121,U04121,22,Male,11.05,5.48,3.64,5.67,7.21,161,75,13.8,Medium,Yes,Moderate,1
TXN04122,U04122,28,Other,3.6,2.21,2.66,2.55,6.95,189,121,4.91,Medium,No,,0
TXN04123,U04123,33,Male,10.1,2.11,5.94,0.93,3.49,167,176,12.46,High,Yes,Severe,1
TXN04124,U04124,18,Male,6.82,4.77,5.71,1.24,5.39,283,204,8.37,Medium,No,Severe,1
TXN04125,U04125,19,Female,10.89,5.0,4.93,5.27,6.11,184,144,13.84,Medium,No,Severe,1
TXN04126,U04126,27,Other,10.62,0.68,4.54,5.96,5.41,141,214,12.29,Low,Yes,Moderate,1
TXN04127,U04127,19,Other,11.12,1.7,6.07,2.01,4.9,187,175,13.46,High,Yes,Severe,1
TXN04128,U04128,21,Female,11.28,3.17,5.15,5.57,5.77,138,144,11.98,Low,No,Severe,1
TXN04129,U04129,27,Female,11.11,4.36,2.79,5.7,6.29,246,220,13.59,Medium,No,Severe,1
TXN04130,U04130,34,Other,8.63,4.49,4.88,5.34,4.19,273,212,9.34,Medium,Yes,Severe,1
TXN04131,U04131,27,Male,6.75,4.06,4.05,5.62,5.55,135,122,8.85,High,No,Moderate,1
TXN04132,U04132,35,Other,10.74,5.8,5.29,4.55,3.02,159,216,12.92,Medium,No,Severe,1
TXN04133,U04133,34,Female,5.72,0.6,0.92,5.68,8.73,104,30,7.82,Low,No,,0
TXN04134,U04134,21,Male,3.87,4.65,2.56,2.94,3.93,341,114,6.87,Low,Yes,Severe,1
TXN04135,U04135,27,Other,8.4,3.12,2.61,4.42,4.94,270,196,11.06,Low,Yes,Severe,1
TXN04136,U04136,23,Female,9.8,3.75,2.61,4.75,3.03,233,228,11.41,Low,Yes,Severe,1
TXN04137,U04137,33,Male,6.39,1.12,3.35,5.22,5.21,216,122,7.9,Low,No,Mild,0
TXN04138,U04138,29,Male,9.67,5.64,5.26,3.95,5.98,167,207,12.23,High,No,Moderate,1
TXN04139,U04139,23,Male,10.83,5.52,2.53,4.71,4.7,135,169,11.45,Low,Yes,Severe,1
TXN04140,U04140,32,Female,3.29,2.72,1.01,5.36,8.09,205,78,4.33,Low,No,,0
TXN04141,U04141,20,Other,5.63,3.94,1.3,3.32,7.74,278,140,6.54,Low,No,Mild,0
TXN04142,U04142,27,Other,9.55,5.79,4.17,1.48,3.06,116,191,10.39,Medium,Yes,Moderate,1
TXN04143,U04143,28,Female,11.04,5.47,4.67,5.92,6.19,215,210,12.59,Low,Yes,Moderate,1
TXN04144,U04144,19,Other,8.96,4.5,2.7,2.64,3.26,320,172,11.21,High,No,Moderate,1
TXN04145,U04145,30,Male,6.53,3.15,1.91,3.16,8.15,136,176,9.28,Medium,No,Mild,0
TXN04146,U04146,32,Female,7.6,4.33,3.39,1.03,6.88,208,96,8.54,High,Yes,Moderate,1
TXN04147,U04147,30,Male,9.49,3.13,5.06,4.64,4.3,127,90,10.31,High,No,Severe,1
TXN04148,U04148,26,Female,5.75,1.51,2.02,5.16,8.77,20,17,6.8,High,No,,0
TXN04149,U04149,27,Other,6.81,5.73,5.73,2.19,4.79,293,228,8.35,High,No,Severe,1
TXN04150,U04150,26,Other,8.42,1.56,2.31,1.65,5.52,132,161,10.3,Medium,No,Moderate,1
TXN04151,U04151,24,Male,7.23,2.55,5.55,4.86,5.29,291,138,8.55,High,No,Moderate,1
TXN04152,U04152,18,Female,8.22,1.93,6.21,2.08,3.0,254,118,9.28,Low,Yes,Severe,1
TXN04153,U04153,29,Female,3.17,0.92,1.45,2.66,7.09,232,135,5.5,Low,No,Mild,0
TXN04154,U04154,32,Female,5.09,2.08,3.08,4.13,5.61,100,77,7.61,Medium,No,Mild,0
TXN04155,U04155,18,Female,4.81,3.55,4.02,5.82,3.97,72,55,5.43,Medium,No,Mild,0
TXN04156,U04156,21,Male,8.66,4.1,2.56,3.82,4.65,212,219,9.77,High,Yes,Moderate,1
TXN04157,U04157,34,Other,4.76,1.58,2.58,2.86,6.01,196,142,6.57,High,Yes,Mild,0
TXN04158,U04158,21,Male,11.64,1.66,5.88,2.89,4.52,221,179,12.59,Low,Yes,Severe,1
TXN04159,U04159,33,Male,10.27,3.99,4.94,3.97,3.96,229,190,11.35,High,No,Moderate,1
TXN04160,U04160,34,Male,3.23,5.68,3.42,5.53,3.92,295,140,6.05,Medium,Yes,Severe,1
TXN04161,U04161,35,Female,6.55,1.35,4.48,2.75,5.74,137,201,7.27,Low,No,Moderate,1
TXN04162,U04162,32,Other,9.67,2.94,4.7,5.19,7.23,261,123,11.92,Medium,Yes,Moderate,1
TXN04163,U04163,19,Other,6.23,3.67,1.86,2.87,7.97,201,185,7.3,Low,No,Mild,0
TXN04164,U04164,33,Male,5.53,4.18,3.03,1.91,3.85,139,150,6.63,Medium,No,Severe,1
TXN04165,U04165,30,Other,6.15,3.4,1.89,3.83,6.46,265,144,8.54,Low,Yes,Mild,0
TXN04166,U04166,27,Female,3.19,1.81,1.46,3.1,5.69,123,67,5.19,Medium,No,,0
TXN04167,U04167,34,Male,5.91,0.56,0.56,5.61,7.68,235,73,7.68,High,No,,0
TXN04168,U04168,34,Male,6.86,5.45,6.13,3.63,5.63,193,255,9.35,Medium,Yes,Severe,1
TXN04169,U04169,26,Male,8.55,2.21,5.42,4.61,3.65,280,214,9.99,Low,No,Severe,1
TXN04170,U04170,30,Male,10.57,3.9,3.17,4.44,5.09,274,211,12.58,Medium,No,Moderate,1
TXN04171,U04171,23,Male,4.27,2.86,3.48,2.58,7.54,213,97,7.11,Low,Yes,,0
TXN04172,U04172,33,Other,3.1,3.03,2.25,0.83,7.51,270,147,5.61,High,No,Mild,0
TXN04173,U04173,25,Female,10.71,4.31,5.19,1.1,4.51,312,206,12.15,High,Yes,Moderate,1
TXN04174,U04174,34,Female,11.02,0.89,5.45,5.37,4.34,348,91,11.66,Medium,Yes,Severe,1
TXN04175,U04175,34,Female,10.96,2.41,4.67,5.27,6.12,165,126,13.63,Medium,No,Severe,1
TXN04176,U04176,28,Other,4.64,1.5,1.18,4.59,6.11,212,119,5.84,Low,Yes,Mild,0
TXN04177,U04177,20,Female,11.19,2.71,4.0,1.65,3.13,231,85,12.48,High,No,Moderate,1
TXN04178,U04178,18,Other,6.14,4.13,4.66,3.79,6.09,93,175,8.7,Low,No,Moderate,1
TXN04179,U04179,20,Other,10.27,3.35,4.34,0.73,5.73,290,118,10.93,Low,Yes,Severe,1
TXN04180,U04180,25,Other,10.5,1.3,2.7,1.23,4.88,296,197,12.46,High,No,Moderate,1
TXN04181,U04181,25,Other,3.07,4.03,3.81,0.81,3.55,218,156,3.69,Medium,Yes,Moderate,1
TXN04182,U04182,21,Other,8.14,1.32,3.23,1.94,6.18,180,200,10.06,Medium,No,Moderate,1
TXN04183,U04183,26,Female,5.45,0.58,3.5,3.49,8.73,129,105,8.43,Medium,Yes,,0
TXN04184,U04184,19,Female,9.19,2.55,3.64,2.18,5.02,176,167,10.64,Low,Yes,Moderate,1
TXN04185,U04185,30,Female,11.97,3.71,5.6,2.0,4.66,117,157,12.5,Low,Yes,Moderate,1
TXN04186,U04186,19,Other,6.75,3.96,5.04,2.88,3.15,302,157,7.32,Medium,Yes,Moderate,1
TXN04187,U04187,29,Female,9.27,2.86,4.34,5.4,3.06,330,211,11.2,Low,Yes,Severe,1
TXN04188,U04188,26,Other,5.03,1.34,2.27,3.76,7.67,103,54,5.74,High,No,,0
TXN04189,U04189,21,Male,3.24,3.01,3.63,2.0,4.82,215,93,4.21,High,Yes,,0
TXN04190,U04190,21,Male,3.67,3.98,0.2,2.9,6.37,192,49,4.76,Medium,Yes,,0
TXN04191,U04191,25,Female,3.07,5.48,4.55,1.04,3.28,166,153,4.8,Low,Yes,Severe,1
TXN04192,U04192,24,Other,10.2,4.56,3.12,2.94,4.95,330,183,11.74,Medium,No,Severe,1
TXN04193,U04193,19,Female,9.73,5.77,5.28,0.72,3.12,182,207,11.67,Medium,Yes,Moderate,1
TXN04194,U04194,33,Other,10.49,5.26,2.61,1.01,3.51,181,229,13.46,High,No,Severe,1
TXN04195,U04195,21,Other,8.04,0.77,4.32,3.92,6.2,329,160,10.09,High,Yes,Severe,1
TXN04196,U04196,34,Male,10.84,1.13,5.08,5.14,6.52,340,119,13.73,Medium,No,Severe,1
TXN04197,U04197,28,Other,5.27,3.0,0.94,5.27,5.53,148,146,7.88,Medium,No,Mild,0
TXN04198,U04198,35,Female,6.26,5.21,3.65,2.33,5.6,287,192,7.31,Medium,No,Severe,1
TXN04199,U04199,29,Male,8.56,0.75,5.05,2.02,6.25,329,123,9.64,High,Yes,Severe,1
TXN04200,U04200,23,Other,6.43,5.85,3.64,2.2,5.81,224,230,7.91,Medium,No,Moderate,1
TXN04201,U04201,34,Other,5.1,1.7,1.34,5.67,7.47,212,67,6.1,High,No,,0
TXN04202,U04202,24,Male,3.7,5.88,3.78,1.13,3.0,238,91,4.61,High,No,Severe,1
TXN04203,U04203,27,Female,5.76,5.88,4.71,1.55,3.0,169,148,8.18,High,Yes,Severe,1
TXN04204,U04204,20,Male,8.49,5.85,3.23,1.38,3.67,223,204,9.84,High,No,Moderate,1
TXN04205,U04205,24,Male,8.71,4.63,5.18,4.24,3.47,260,204,9.98,Medium,Yes,Severe,1
TXN04206,U04206,33,Other,4.36,3.96,0.42,3.18,6.33,132,139,6.33,Low,No,,0
TXN04207,U04207,25,Male,9.67,1.94,3.72,0.97,3.0,205,156,11.0,Low,Yes,Severe,1
TXN04208,U04208,29,Other,11.3,3.33,3.33,2.21,4.03,107,174,13.91,Low,No,Moderate,1
TXN04209,U04209,30,Female,5.27,5.51,3.62,2.29,6.6,251,179,7.88,Low,Yes,Severe,1
TXN04210,U04210,21,Female,5.48,5.67,2.84,4.27,3.44,144,179,8.18,Low,Yes,Severe,1
TXN04211,U04211,34,Other,5.43,4.48,1.95,1.97,5.73,219,82,5.97,Low,No,Moderate,1
TXN04212,U04212,29,Other,7.34,1.06,5.43,5.47,3.36,239,156,8.09,High,No,Moderate,1
TXN04213,U04213,24,Other,7.88,5.22,3.13,0.7,6.82,134,217,9.37,High,Yes,Moderate,1
TXN04214,U04214,26,Other,5.17,3.36,3.54,2.6,6.93,155,50,7.81,High,Yes,,0
TXN04215,U04215,18,Other,10.41,3.82,3.42,0.6,4.3,188,135,11.54,Low,Yes,Moderate,1
TXN04216,U04216,18,Male,6.4,0.51,2.23,4.48,6.73,212,52,8.18,High,No,Mild,0
TXN04217,U04217,19,Female,3.26,3.21,3.3,1.82,8.98,226,131,4.22,Low,No,,0
TXN04218,U04218,28,Male,3.53,5.07,2.98,4.07,6.11,209,239,4.15,Medium,Yes,Severe,1
TXN04219,U04219,28,Male,10.59,1.4,5.43,4.11,3.75,275,142,11.22,Medium,Yes,Severe,1
TXN04220,U04220,27,Other,10.59,1.03,4.31,2.41,5.67,201,140,11.45,Low,No,Moderate,1
TXN04221,U04221,18,Female,8.49,3.92,3.43,3.07,6.87,269,145,9.21,High,Yes,Moderate,1
TXN04222,U04222,27,Female,3.82,0.88,3.26,0.99,4.6,148,147,5.1,Low,Yes,Mild,0
TXN04223,U04223,23,Female,6.85,0.73,2.11,4.64,5.49,136,107,7.82,Medium,Yes,Moderate,1
TXN04224,U04224,24,Female,7.84,3.78,5.3,2.15,6.84,233,209,8.76,Medium,Yes,Moderate,1
TXN04225,U04225,33,Male,5.9,3.78,3.29,3.02,5.49,135,66,6.81,High,No,Mild,0
TXN04226,U04226,35,Male,4.69,3.2,1.69,4.75,4.76,40,15,5.39,Low,Yes,,0
TXN04227,U04227,34,Female,7.44,4.82,4.96,4.24,3.28,143,167,8.66,High,Yes,Severe,1
TXN04228,U04228,28,Male,9.79,3.0,4.66,3.4,4.93,283,198,12.5,Low,Yes,Severe,1
TXN04229,U04229,29,Female,10.81,1.68,4.09,1.56,4.44,153,151,11.74,Low,No,Moderate,1
TXN04230,U04230,24,Female,9.12,2.08,3.92,5.7,3.0,326,200,12.0,High,Yes,Severe,1
TXN04231,U04231,21,Male,11.66,3.12,2.88,5.4,3.0,101,84,12.26,Low,Yes,Moderate,1
TXN04232,U04232,21,Male,9.44,1.65,2.95,2.5,3.7,310,171,11.43,Low,Yes,Moderate,1
TXN04233,U04233,35,Female,6.2,1.93,1.85,1.2,4.44,264,99,8.27,Medium,Yes,Mild,0
TXN04234,U04234,26,Other,5.87,5.5,2.83,4.05,3.3,156,248,7.35,High,No,Severe,1
TXN04235,U04235,34,Male,10.29,4.71,6.24,4.23,4.97,319,245,11.04,Low,No,Severe,1
TXN04236,U04236,24,Other,11.16,4.38,3.97,2.36,5.67,231,246,13.36,Low,Yes,Severe,1
TXN04237,U04237,24,Female,3.78,5.32,5.81,2.94,4.65,188,135,4.78,High,Yes,Severe,1
TXN04238,U04238,28,Female,6.05,3.0,4.75,3.58,5.81,218,81,8.13,Low,Yes,Mild,0
TXN04239,U04239,31,Male,5.56,5.93,4.73,0.58,4.85,282,226,7.14,High,Yes,Severe,1
TXN04240,U04240,33,Other,9.26,2.9,5.35,5.95,5.46,245,209,10.3,High,Yes,Moderate,1
TXN04241,U04241,27,Male,8.06,5.0,4.33,2.0,3.43,150,86,10.06,High,Yes,Moderate,1
TXN04242,U04242,27,Male,3.82,2.35,2.78,5.52,6.04,156,95,6.57,Medium,Yes,Mild,0
TXN04243,U04243,24,Other,4.49,3.1,1.32,4.76,6.37,157,144,7.4,High,No,Mild,0
TXN04244,U04244,26,Female,4.91,0.99,1.45,0.87,6.91,232,143,6.3,Low,No,Mild,0
TXN04245,U04245,24,Male,10.08,5.64,5.34,4.26,3.41,176,110,10.63,Medium,No,Severe,1
TXN04246,U04246,19,Other,11.39,4.24,6.39,4.75,4.17,271,196,11.99,High,No,Severe,1
TXN04247,U04247,32,Male,8.47,5.94,5.87,2.15,3.25,166,138,9.22,High,No,Severe,1
TXN04248,U04248,21,Other,4.52,4.39,5.46,3.52,3.1,125,229,7.44,Low,Yes,Moderate,1
TXN04249,U04249,26,Male,3.43,3.66,4.28,4.51,7.43,204,69,4.72,Medium,Yes,Mild,0
TXN04250,U04250,29,Male,10.09,3.57,2.46,0.94,3.19,193,212,12.16,High,Yes,Severe,1
TXN04251,U04251,31,Female,5.29,5.39,3.09,2.77,4.14,206,158,7.51,High,Yes,Severe,1
TXN04252,U04252,24,Female,8.4,4.48,1.65,2.09,4.04,227,86,10.03,High,No,Moderate,1
TXN04253,U04253,25,Other,11.36,4.35,5.69,4.93,3.9,291,176,13.74,Low,No,Severe,1
TXN04254,U04254,23,Other,3.17,1.04,2.59,1.06,5.19,220,113,4.64,Medium,Yes,,0
TXN04255,U04255,33,Other,3.01,0.54,3.85,3.07,6.88,210,151,5.2,Medium,Yes,Mild,0
TXN04256,U04256,20,Male,3.67,2.38,1.65,1.15,3.95,226,129,6.41,Low,No,Mild,0
TXN04257,U04257,35,Male,6.5,2.2,4.19,3.07,5.05,178,205,8.15,Medium,Yes,Moderate,1
TXN04258,U04258,33,Female,4.25,4.27,3.69,1.82,3.0,176,137,5.59,Medium,No,Severe,1
TXN04259,U04259,26,Other,11.25,0.87,6.1,1.8,6.25,216,113,13.24,High,Yes,Severe,1
TXN04260,U04260,27,Other,4.42,2.77,1.73,0.98,5.86,74,19,6.4,High,Yes,,0
TXN04261,U04261,27,Female,9.22,1.15,2.7,5.02,4.98,175,187,10.8,Low,Yes,Severe,1
TXN04262,U04262,31,Male,10.94,4.38,2.91,4.61,4.26,133,112,12.73,High,Yes,Moderate,1
TXN04263,U04263,28,Other,9.18,5.07,4.45,2.27,3.0,308,242,10.8,High,Yes,Severe,1
TXN04264,U04264,31,Other,6.2,2.91,2.06,1.82,6.59,143,85,7.0,High,No,Mild,0
TXN04265,U04265,30,Female,5.65,5.75,2.75,1.29,7.08,291,229,6.34,Medium,Yes,Moderate,1
TXN04266,U04266,26,Male,11.82,3.27,1.63,5.71,6.9,93,92,13.32,Low,No,Moderate,1
TXN04267,U04267,26,Female,8.14,1.89,5.06,4.22,3.46,244,225,9.63,Medium,No,Moderate,1
TXN04268,U04268,22,Other,9.57,1.53,5.89,5.71,3.28,205,162,10.58,Medium,No,Severe,1
TXN04269,U04269,31,Other,7.31,2.18,2.72,5.21,4.54,207,171,8.83,Low,Yes,Mild,0
TXN04270,U04270,25,Male,4.86,1.23,2.46,3.59,8.11,204,155,7.73,Low,No,,0
TXN04271,U04271,31,Female,9.0,3.16,4.01,2.62,4.23,244,137,11.06,High,No,Moderate,1
TXN04272,U04272,32,Male,6.19,5.73,6.3,4.56,5.68,264,162,8.15,Medium,Yes,Severe,1
TXN04273,U04273,31,Female,7.64,1.51,2.23,3.26,5.45,271,168,8.32,Low,Yes,Moderate,1
TXN04274,U04274,20,Female,9.05,2.53,2.28,5.34,3.61,176,180,10.87,Low,No,Moderate,1
TXN04275,U04275,18,Male,4.72,4.98,5.91,1.72,5.41,248,108,5.42,Low,Yes,Severe,1
TXN04276,U04276,18,Other,10.48,4.07,5.22,5.3,5.71,182,228,12.41,Medium,Yes,Moderate,1
TXN04277,U04277,22,Other,11.83,0.69,2.21,1.58,6.45,152,160,14.17,Low,Yes,Moderate,1
TXN04278,U04278,35,Other,8.56,2.48,2.02,1.16,3.98,285,223,10.52,High,No,Moderate,1
TXN04279,U04279,32,Male,8.41,2.91,5.57,2.65,4.87,226,105,9.52,Low,No,Moderate,1
TXN04280,U04280,30,Female,10.29,4.67,5.74,2.31,3.47,300,156,12.78,Medium,No,Severe,1
TXN04281,U04281,24,Male,3.21,2.72,4.08,2.6,3.99,228,182,5.3,High,Yes,Mild,0
TXN04282,U04282,19,Female,4.56,3.75,0.32,1.65,7.92,152,84,5.65,High,Yes,,0
TXN04283,U04283,20,Male,8.21,3.52,5.42,0.92,6.42,237,241,9.74,Low,Yes,Severe,1
TXN04284,U04284,32,Male,9.78,2.04,5.44,0.79,4.17,151,108,11.38,High,Yes,Moderate,1
TXN04285,U04285,34,Male,5.53,5.73,3.45,5.59,5.68,229,112,7.72,High,Yes,Severe,1
TXN04286,U04286,26,Female,10.48,3.36,3.7,2.32,6.79,318,174,11.56,Low,Yes,Moderate,1
TXN04287,U04287,18,Other,11.81,4.55,4.33,4.16,3.0,187,211,13.34,Low,Yes,Severe,1
TXN04288,U04288,28,Female,8.41,1.17,2.91,2.48,6.85,226,118,10.23,Low,No,Moderate,1
TXN04289,U04289,33,Male,7.65,5.96,2.87,2.06,5.59,307,201,9.18,High,No,Severe,1
TXN04290,U04290,24,Other,4.54,5.51,2.63,5.46,5.59,352,135,7.12,High,Yes,Severe,1
TXN04291,U04291,28,Male,9.17,5.11,3.8,3.39,7.02,301,78,9.9,Medium,Yes,Moderate,1
TXN04292,U04292,29,Male,5.25,2.36,3.14,5.84,6.79,150,166,5.79,Medium,Yes,,0
TXN04293,U04293,25,Other,6.03,1.75,1.93,3.22,4.62,102,101,7.66,Medium,Yes,Moderate,1
TXN04294,U04294,35,Female,8.0,5.29,3.65,4.28,4.97,112,204,8.69,High,Yes,Moderate,1
TXN04295,U04295,33,Other,9.03,2.94,1.78,5.86,3.0,299,130,10.72,Low,Yes,Moderate,1
TXN04296,U04296,23,Male,11.47,1.69,4.42,4.33,6.67,134,144,13.54,Low,No,Moderate,1
TXN04297,U04297,26,Male,9.84,2.2,3.87,3.43,5.55,127,148,11.75,Low,No,Moderate,1
TXN04298,U04298,20,Other,8.32,2.81,4.48,3.85,4.01,182,66,8.97,Low,No,Moderate,1
TXN04299,U04299,20,Other,4.78,0.74,0.91,4.77,7.57,73,162,5.29,High,Yes,Mild,0
TXN04300,U04300,30,Other,8.01,1.97,3.26,4.88,5.32,124,229,10.94,High,No,Moderate,1
TXN04301,U04301,27,Female,9.92,5.55,5.94,3.32,4.51,271,190,11.93,Low,No,Severe,1
TXN04302,U04302,19,Other,5.94,2.92,3.4,2.2,7.9,63,36,8.42,High,No,,0
TXN04303,U04303,30,Other,4.37,4.39,4.73,2.74,6.38,194,239,6.56,Medium,Yes,Severe,1
TXN04304,U04304,23,Female,10.78,0.88,4.1,0.84,3.15,295,164,12.34,High,No,Moderate,1
TXN04305,U04305,22,Female,3.9,3.5,2.25,3.55,4.67,143,171,6.75,High,Yes,Mild,0
TXN04306,U04306,19,Male,10.01,5.61,5.18,0.99,6.13,165,196,11.3,Medium,No,Severe,1
TXN04307,U04307,31,Male,5.84,2.64,2.63,2.34,7.18,83,61,8.4,Low,Yes,Mild,0
TXN04308,U04308,21,Male,7.7,4.11,5.17,3.94,5.56,174,184,9.62,Medium,Yes,Severe,1
TXN04309,U04309,29,Other,9.49,2.36,2.98,2.82,4.47,272,125,10.46,High,No,Moderate,1
TXN04310,U04310,31,Male,3.59,2.87,3.04,4.3,6.82,68,17,6.14,Low,No,,0
TXN04311,U04311,33,Other,7.86,1.69,4.1,1.18,6.8,71,101,8.91,High,Yes,Mild,0
TXN04312,U04312,18,Female,5.53,0.76,1.96,4.97,6.39,161,94,8.11,High,Yes,,0
TXN04313,U04313,19,Other,10.88,2.88,5.34,1.31,3.68,265,215,11.47,High,Yes,Severe,1
TXN04314,U04314,19,Other,4.29,5.54,4.54,3.6,4.12,139,166,6.3,Low,Yes,Moderate,1
TXN04315,U04315,31,Other,10.93,3.42,4.56,2.59,3.94,231,110,12.46,Low,No,Severe,1
TXN04316,U04316,33,Other,10.97,3.0,5.24,2.25,4.79,308,236,13.24,High,Yes,Severe,1
TXN04317,U04317,21,Female,6.22,2.0,2.96,3.88,7.86,194,62,8.4,Medium,Yes,Mild,0
TXN04318,U04318,28,Male,10.49,4.87,5.41,3.1,3.73,327,226,13.0,Medium,No,Severe,1
TXN04319,U04319,28,Male,6.87,1.96,4.97,3.44,5.35,294,202,8.7,Medium,No,Moderate,1
TXN04320,U04320,21,Male,5.03,3.66,3.68,1.6,6.58,132,86,7.62,Low,No,,0
TXN04321,U04321,21,Female,5.17,5.1,4.86,4.84,6.76,144,206,8.13,High,Yes,Moderate,1
TXN04322,U04322,18,Other,5.64,1.47,2.7,2.91,6.97,258,131,8.24,Low,Yes,Mild,0
TXN04323,U04323,23,Male,7.33,1.75,1.79,4.13,3.0,168,146,9.77,Medium,No,Moderate,1
TXN04324,U04324,23,Female,10.52,5.87,5.37,0.73,7.02,172,140,13.42,Medium,No,Moderate,1
TXN04325,U04325,32,Female,10.22,4.16,2.63,5.46,4.65,125,236,12.27,High,No,Severe,1
TXN04326,U04326,31,Other,3.61,0.61,3.1,1.15,7.09,110,129,5.12,Low,No,Mild,0
TXN04327,U04327,30,Male,4.2,0.81,4.78,3.94,3.85,189,46,5.57,High,No,Mild,0
TXN04328,U04328,18,Male,10.24,4.71,3.59,0.91,4.02,340,187,12.44,Low,No,Severe,1
TXN04329,U04329,33,Other,6.36,1.35,4.34,5.29,3.8,84,155,7.66,High,Yes,Mild,0
TXN04330,U04330,18,Male,5.88,3.03,0.47,1.75,6.65,120,22,8.8,High,No,,0
TXN04331,U04331,24,Female,4.37,4.53,4.48,3.84,5.84,161,148,6.49,Medium,No,Severe,1
TXN04332,U04332,33,Female,8.5,1.99,3.1,5.26,4.36,302,112,9.69,Medium,No,Moderate,1
TXN04333,U04333,35,Other,8.44,5.85,5.31,5.38,4.09,246,252,11.28,Medium,No,Severe,1
TXN04334,U04334,32,Female,7.94,2.67,2.8,0.98,6.03,135,135,8.78,High,Yes,Moderate,1
TXN04335,U04335,35,Female,9.13,5.16,4.07,3.58,4.53,192,153,9.99,High,No,Moderate,1
TXN04336,U04336,21,Female,3.78,3.07,2.92,1.82,8.17,72,110,4.99,Medium,No,Mild,0
TXN04337,U04337,32,Female,11.47,4.78,3.94,4.12,3.25,94,114,12.14,High,No,Moderate,1
TXN04338,U04338,33,Male,10.86,5.72,5.47,5.31,5.9,219,198,13.03,Medium,No,Moderate,1
TXN04339,U04339,28,Female,9.17,0.67,4.88,2.28,5.31,165,168,10.11,Low,No,Moderate,1
TXN04340,U04340,31,Other,5.97,3.42,1.62,2.25,5.01,79,36,6.8,Medium,Yes,,0
TXN04341,U04341,34,Other,4.13,3.89,2.57,3.16,4.71,211,125,6.28,Medium,No,,0
TXN04342,U04342,26,Male,6.93,2.75,1.81,4.84,5.12,294,154,8.85,High,No,Moderate,1
TXN04343,U04343,21,Female,11.96,4.98,3.74,4.31,3.0,224,168,12.65,Low,No,Severe,1
TXN04344,U04344,28,Male,4.39,4.12,4.54,2.49,5.09,205,115,7.19,Low,No,Moderate,1
TXN04345,U04345,18,Other,11.47,1.49,4.79,3.05,3.46,144,85,13.22,Low,Yes,Moderate,1
TXN04346,U04346,26,Other,8.41,0.78,5.28,5.87,3.24,300,170,10.95,Medium,No,Severe,1
TXN04347,U04347,33,Female,5.22,4.28,2.47,3.58,3.93,245,82,6.19,High,Yes,Moderate,1
TXN04348,U04348,30,Male,8.22,4.5,3.45,3.35,3.71,256,254,8.74,Medium,No,Severe,1
TXN04349,U04349,22,Male,8.2,4.8,5.97,3.31,5.51,234,126,9.89,High,Yes,Severe,1
TXN04350,U04350,22,Female,5.33,2.14,4.2,3.39,5.26,193,197,7.65,High,Yes,Mild,0
TXN04351,U04351,18,Male,8.16,3.07,3.19,0.8,3.98,341,198,9.39,High,No,Severe,1
TXN04352,U04352,26,Female,5.41,2.15,3.63,5.83,4.87,206,150,7.62,Low,Yes,,0
TXN04353,U04353,27,Other,8.27,4.27,5.71,3.74,3.0,145,126,9.12,Low,Yes,Severe,1
TXN04354,U04354,21,Male,11.89,4.05,4.43,0.93,3.82,196,98,13.2,Low,No,Severe,1
TXN04355,U04355,25,Male,7.4,0.51,2.95,5.48,5.94,150,59,9.44,Low,Yes,Mild,0
TXN04356,U04356,31,Female,3.24,1.83,3.84,3.05,7.06,116,81,4.81,Medium,No,Mild,0
TXN04357,U04357,25,Female,3.7,0.84,3.22,1.65,5.48,79,154,6.53,Medium,No,,0
TXN04358,U04358,31,Other,11.63,3.15,2.62,2.46,3.64,169,109,13.68,High,No,Severe,1
TXN04359,U04359,31,Other,7.91,1.26,1.62,5.51,6.76,280,60,8.78,Medium,Yes,Mild,0
TXN04360,U04360,24,Female,3.19,3.49,1.07,1.2,7.99,104,134,3.74,Medium,No,,0
TXN04361,U04361,33,Other,10.48,4.37,5.32,4.46,5.78,172,166,11.61,High,No,Severe,1
TXN04362,U04362,33,Other,5.93,3.81,1.75,1.07,8.28,115,121,8.43,Medium,Yes,,0
TXN04363,U04363,19,Female,4.17,1.37,4.02,2.25,6.96,164,99,6.1,Medium,No,Mild,0
TXN04364,U04364,34,Female,4.92,1.05,0.05,3.65,5.37,108,157,7.12,High,No,,0
TXN04365,U04365,24,Male,9.13,4.32,3.49,0.69,3.74,252,83,11.14,Medium,No,Moderate,1
TXN04366,U04366,18,Other,4.56,3.52,2.56,1.39,7.54,270,180,5.14,Low,No,Mild,0
TXN04367,U04367,27,Other,8.12,3.21,3.92,3.94,3.51,306,248,8.63,High,Yes,Severe,1
TXN04368,U04368,26,Male,4.99,4.14,4.44,2.4,3.55,238,150,7.46,Low,Yes,Moderate,1
TXN04369,U04369,34,Other,7.24,4.28,5.44,0.72,6.82,135,97,10.21,Medium,Yes,Moderate,1
TXN04370,U04370,23,Female,3.38,3.73,3.1,2.48,8.14,67,175,5.31,Low,No,Mild,0
TXN04371,U04371,20,Male,10.64,1.14,5.0,5.25,4.19,311,202,11.59,Medium,No,Moderate,1
TXN04372,U04372,33,Other,4.72,0.74,2.37,2.28,7.01,186,175,6.79,High,No,Mild,0
TXN04373,U04373,31,Male,10.01,1.51,6.19,1.58,4.01,186,179,10.64,High,No,Severe,1
TXN04374,U04374,30,Other,10.4,5.74,2.91,3.05,5.86,140,179,11.29,Medium,Yes,Severe,1
TXN04375,U04375,26,Other,10.0,4.0,3.66,5.44,3.82,231,186,11.67,High,No,Severe,1
TXN04376,U04376,21,Female,5.5,4.43,3.62,0.6,6.31,338,93,8.09,Low,Yes,Severe,1
TXN04377,U04377,24,Other,7.03,1.99,4.53,0.59,5.04,219,110,8.01,Low,Yes,Moderate,1
TXN04378,U04378,35,Female,9.21,1.73,4.11,4.74,3.0,311,126,11.89,Low,Yes,Severe,1
TXN04379,U04379,19,Male,4.04,2.02,1.88,2.73,6.58,127,126,4.74,High,Yes,,0
TXN04380,U04380,29,Female,8.39,5.19,2.09,5.43,3.63,277,133,10.14,Low,Yes,Moderate,1
TXN04381,U04381,34,Other,8.98,0.97,2.62,2.67,4.75,297,189,11.89,Low,Yes,Severe,1
TXN04382,U04382,29,Other,8.7,4.22,1.79,0.6,5.06,217,151,10.35,Low,Yes,Moderate,1
TXN04383,U04383,25,Male,9.62,3.53,5.35,3.2,5.89,227,136,10.81,Medium,No,Moderate,1
TXN04384,U04384,24,Male,8.68,0.98,3.63,4.43,6.98,166,92,10.55,Medium,Yes,Moderate,1
TXN04385,U04385,30,Male,9.66,5.95,3.41,0.86,6.78,204,128,10.73,Medium,Yes,Moderate,1
TXN04386,U04386,31,Other,6.25,2.71,2.18,4.84,7.42,179,61,7.21,High,Yes,Mild,0
TXN04387,U04387,19,Other,7.81,5.33,3.06,4.06,4.21,232,243,9.82,High,Yes,Severe,1
TXN04388,U04388,18,Other,5.71,3.28,2.46,2.64,7.25,112,113,7.22,Low,Yes,,0
TXN04389,U04389,22,Female,10.77,4.38,6.35,2.22,4.04,181,182,12.68,Low,Yes,Severe,1
TXN04390,U04390,25,Male,11.9,4.3,3.19,5.77,4.7,159,218,13.97,Medium,Yes,Severe,1
TXN04391,U04391,33,Male,5.88,2.67,1.73,1.88,5.93,90,166,8.78,Medium,Yes,,0
TXN04392,U04392,31,Male,10.28,4.72,5.16,3.65,3.59,288,152,12.1,Low,Yes,Moderate,1
TXN04393,U04393,29,Other,7.81,4.15,4.43,4.77,4.56,250,127,8.94,Medium,Yes,Moderate,1
TXN04394,U04394,34,Female,6.13,1.78,4.72,5.53,4.78,76,195,8.71,Low,No,Mild,0
TXN04395,U04395,32,Female,7.55,1.65,0.99,3.71,6.79,262,88,8.39,High,Yes,Mild,0
TXN04396,U04396,33,Male,3.77,5.86,4.21,1.02,3.0,197,101,4.71,Medium,Yes,Severe,1
TXN04397,U04397,33,Male,5.8,3.0,3.98,1.08,7.32,36,143,6.98,High,Yes,,0
TXN04398,U04398,18,Female,9.76,5.32,1.96,1.81,6.65,265,228,10.68,Low,No,Moderate,1
TXN04399,U04399,18,Female,3.72,4.5,5.19,5.09,6.37,236,106,4.49,High,Yes,Moderate,1
TXN04400,U04400,33,Other,11.45,1.97,3.4,2.97,3.99,198,172,12.89,High,No,Severe,1
TXN04401,U04401,21,Male,6.36,4.29,4.58,5.06,3.03,226,174,8.41,Medium,No,Severe,1
TXN04402,U04402,21,Other,5.62,3.04,3.98,1.15,5.33,192,170,8.0,High,Yes,,0
TXN04403,U04403,22,Female,10.59,2.57,4.09,3.62,4.51,330,238,12.04,Low,Yes,Severe,1
TXN04404,U04404,31,Other,9.15,3.69,3.14,5.15,6.7,313,105,11.47,Medium,No,Moderate,1
TXN04405,U04405,34,Other,10.31,2.83,5.54,2.45,6.24,327,165,13.13,High,No,Severe,1
TXN04406,U04406,32,Female,6.98,5.74,4.0,5.5,5.11,213,119,9.21,High,Yes,Moderate,1
TXN04407,U04407,28,Female,3.31,4.98,4.5,1.56,5.39,324,211,4.4,Low,Yes,Severe,1
TXN04408,U04408,27,Female,9.22,5.6,5.28,2.89,4.63,228,176,10.84,Medium,Yes,Severe,1
TXN04409,U04409,30,Other,3.03,4.59,3.04,0.95,4.97,314,118,3.87,Low,Yes,Moderate,1
TXN04410,U04410,28,Female,7.63,2.91,3.84,1.42,5.73,224,68,10.59,High,Yes,Moderate,1
TXN04411,U04411,33,Female,6.59,4.66,1.82,3.37,3.87,298,73,8.19,High,Yes,Moderate,1
TXN04412,U04412,22,Female,4.7,4.14,2.73,4.57,3.11,203,165,6.76,High,No,Severe,1
TXN04413,U04413,18,Other,8.74,5.84,3.54,4.58,4.3,153,202,11.13,Low,No,Severe,1
TXN04414,U04414,30,Female,5.16,1.61,2.29,4.83,6.96,67,197,6.29,Medium,Yes,Mild,0
TXN04415,U04415,23,Female,5.39,3.28,2.32,3.58,5.92,76,103,6.25,Low,No,Mild,0
TXN04416,U04416,32,Female,3.56,4.22,4.08,3.31,3.43,118,66,4.73,Medium,Yes,Moderate,1
TXN04417,U04417,20,Female,11.19,5.27,3.8,4.18,3.0,134,85,12.3,High,No,Moderate,1
TXN04418,U04418,19,Female,4.72,2.22,0.44,5.58,4.9,80,90,5.44,Medium,No,,0
TXN04419,U04419,31,Female,10.52,2.4,2.8,0.97,7.34,153,117,13.35,Medium,No,Moderate,1
TXN04420,U04420,27,Other,9.71,0.98,5.02,2.73,3.0,175,187,10.71,High,No,Severe,1
TXN04421,U04421,30,Female,5.99,0.8,3.75,1.94,5.97,250,96,8.61,Low,Yes,,0
TXN04422,U04422,29,Male,5.08,1.93,0.08,2.66,6.46,129,175,7.53,Medium,No,,0
TXN04423,U04423,26,Female,3.58,4.88,2.2,5.72,4.14,200,135,6.01,Low,No,Moderate,1
TXN04424,U04424,18,Other,8.14,4.18,2.39,2.43,6.31,303,198,9.33,Medium,Yes,Moderate,1
TXN04425,U04425,26,Female,8.73,2.72,1.99,5.47,3.55,206,86,9.35,Medium,Yes,Moderate,1
TXN04426,U04426,26,Female,11.81,1.8,3.67,4.66,6.1,277,221,13.71,High,Yes,Moderate,1
TXN04427,U04427,19,Other,11.37,1.02,3.93,1.66,4.65,313,128,13.52,Medium,Yes,Severe,1
TXN04428,U04428,25,Other,4.21,3.54,1.45,4.61,5.04,197,170,5.13,Medium,Yes,,0
TXN04429,U04429,24,Female,3.02,0.65,1.49,1.81,6.09,186,94,5.8,High,Yes,Mild,0
TXN04430,U04430,21,Female,6.73,3.64,2.77,2.7,6.77,201,151,7.25,High,Yes,Mild,0
TXN04431,U04431,22,Male,8.52,5.54,3.0,1.76,6.52,208,234,9.33,High,Yes,Severe,1
TXN04432,U04432,20,Other,11.15,1.86,4.13,4.42,4.55,242,125,13.45,Medium,Yes,Severe,1
TXN04433,U04433,18,Other,8.17,1.07,4.77,4.16,3.31,303,174,10.05,High,Yes,Moderate,1
TXN04434,U04434,22,Other,5.61,2.62,1.44,5.55,5.5,151,73,7.6,Low,Yes,Mild,0
TXN04435,U04435,27,Male,8.79,4.33,5.59,4.13,5.79,314,124,9.64,High,Yes,Moderate,1
TXN04436,U04436,22,Female,5.27,5.21,3.2,5.92,4.6,179,190,7.05,Low,Yes,Severe,1
TXN04437,U04437,21,Female,5.64,6.0,6.14,4.78,6.34,263,161,7.33,High,Yes,Severe,1
TXN04438,U04438,32,Other,5.55,1.0,2.5,1.68,4.91,55,128,7.2,Medium,Yes,Mild,0
TXN04439,U04439,28,Male,4.64,2.42,1.51,1.86,4.28,131,108,6.8,Low,No,Mild,0
TXN04440,U04440,29,Other,5.87,0.53,3.0,4.34,5.72,136,107,7.61,High,Yes,Mild,0
TXN04441,U04441,32,Male,3.25,2.85,1.51,4.85,3.7,235,149,6.1,Low,Yes,Mild,0
TXN04442,U04442,32,Male,6.99,1.19,4.05,2.07,7.07,132,137,8.78,High,Yes,Moderate,1
TXN04443,U04443,29,Other,4.55,3.35,3.03,5.88,5.57,102,123,6.42,High,Yes,,0
TXN04444,U04444,23,Male,3.19,3.11,2.81,0.52,5.96,284,86,4.12,Low,Yes,Mild,0
TXN04445,U04445,21,Other,3.04,4.37,3.97,4.72,3.78,178,131,4.77,Low,Yes,Moderate,1
TXN04446,U04446,23,Female,7.41,4.78,2.12,5.15,5.51,132,145,8.13,Low,Yes,Moderate,1
TXN04447,U04447,35,Male,11.32,1.25,3.84,3.05,6.49,271,221,14.07,Low,No,Severe,1
TXN04448,U04448,23,Female,6.88,0.69,1.51,1.44,3.92,56,159,8.56,Low,Yes,Mild,0
TXN04449,U04449,35,Other,3.94,1.08,1.39,5.43,6.94,57,90,5.39,High,No,,0
TXN04450,U04450,19,Other,7.87,1.14,2.23,4.79,4.33,275,170,9.41,Medium,Yes,Mild,0
TXN04451,U04451,32,Female,11.7,2.09,3.52,1.1,5.61,153,185,14.68,Low,Yes,Severe,1
TXN04452,U04452,34,Other,9.49,1.86,2.9,2.39,5.13,294,95,11.88,Low,No,Severe,1
TXN04453,U04453,26,Male,7.69,1.62,4.64,4.34,7.34,265,178,9.54,High,No,Moderate,1
TXN04454,U04454,28,Male,5.81,5.67,5.03,1.51,5.8,335,235,8.03,Medium,No,Severe,1
TXN04455,U04455,27,Female,6.95,5.28,3.59,0.74,7.33,243,86,9.3,High,Yes,Moderate,1
TXN04456,U04456,24,Female,4.97,4.98,5.21,3.93,3.41,210,110,5.97,Low,No,Moderate,1
TXN04457,U04457,28,Other,7.8,4.47,3.77,5.92,4.79,299,93,10.76,High,No,Moderate,1
TXN04458,U04458,32,Other,3.51,1.1,2.17,1.3,7.76,84,68,6.12,High,No,Mild,0
TXN04459,U04459,21,Female,8.62,4.49,3.95,4.19,3.61,246,142,9.7,High,No,Severe,1
TXN04460,U04460,35,Male,4.08,1.73,0.87,2.98,5.69,215,15,6.33,High,Yes,,0
TXN04461,U04461,18,Other,11.07,1.86,2.26,2.01,4.12,130,163,12.44,Medium,No,Moderate,1
TXN04462,U04462,34,Female,8.47,4.11,2.08,3.69,5.15,259,149,11.12,Low,No,Moderate,1
TXN04463,U04463,27,Male,10.85,2.7,3.83,4.85,6.92,319,119,12.02,High,No,Moderate,1
TXN04464,U04464,27,Male,8.55,0.77,1.79,5.33,3.05,91,171,10.52,Medium,Yes,Moderate,1
TXN04465,U04465,24,Female,3.77,3.09,3.84,1.43,8.1,93,19,6.18,High,Yes,,0
TXN04466,U04466,29,Male,3.03,3.6,3.1,0.65,7.96,126,45,4.82,Low,No,Mild,0
TXN04467,U04467,19,Male,8.18,2.93,3.9,1.04,5.72,208,244,9.09,Low,No,Severe,1
TXN04468,U04468,33,Other,5.6,1.99,3.56,4.42,4.58,103,61,7.41,High,No,Mild,0
TXN04469,U04469,28,Female,5.3,3.61,0.98,5.55,8.8,47,52,7.72,Medium,Yes,,0
TXN04470,U04470,35,Female,10.86,5.96,4.42,4.19,3.69,110,218,12.52,High,Yes,Moderate,1
TXN04471,U04471,34,Other,4.09,4.56,2.11,5.81,3.68,175,200,5.95,Low,Yes,Moderate,1
TXN04472,U04472,32,Female,7.17,1.04,3.05,1.02,3.03,218,133,8.45,Medium,No,Moderate,1
TXN04473,U04473,18,Female,3.55,5.28,6.17,4.92,3.65,238,195,4.84,Low,Yes,Severe,1
TXN04474,U04474,27,Other,10.87,3.5,5.59,2.92,5.09,329,180,11.59,Medium,Yes,Severe,1
TXN04475,U04475,18,Female,11.73,0.87,5.72,4.37,3.0,349,240,14.62,Medium,No,Severe,1
TXN04476,U04476,31,Other,4.53,4.59,3.1,5.06,4.79,153,206,7.29,High,No,Moderate,1
TXN04477,U04477,19,Male,7.12,2.72,3.77,3.17,6.86,271,105,9.23,Low,Yes,Mild,0
TXN04478,U04478,28,Male,7.33,3.77,1.64,5.57,4.46,232,81,8.09,Low,No,Moderate,1
TXN04479,U04479,33,Female,6.94,1.79,1.69,0.73,7.29,162,170,7.56,Low,Yes,Mild,0
TXN04480,U04480,21,Female,9.88,2.8,2.29,5.21,5.63,148,156,10.83,Medium,Yes,Moderate,1
TXN04481,U04481,32,Female,4.56,2.79,1.34,0.87,8.54,52,126,5.31,Medium,No,,0
TXN04482,U04482,18,Female,3.74,5.93,5.48,3.53,3.86,255,98,5.85,Low,Yes,Moderate,1
TXN04483,U04483,25,Male,3.39,5.07,5.08,2.69,6.2,94,181,4.12,High,No,Moderate,1
TXN04484,U04484,21,Male,9.84,2.37,3.58,3.29,3.56,231,135,12.72,High,No,Severe,1
TXN04485,U04485,21,Female,9.99,1.92,6.13,5.17,3.17,198,234,10.87,Medium,Yes,Severe,1
TXN04486,U04486,29,Female,11.56,3.07,1.85,2.61,5.82,143,77,12.58,Low,Yes,Moderate,1
TXN04487,U04487,35,Female,9.42,3.32,3.47,1.03,3.6,111,150,10.76,Medium,Yes,Moderate,1
TXN04488,U04488,21,Female,4.61,3.5,1.56,5.38,4.58,58,59,6.28,High,Yes,Mild,0
TXN04489,U04489,28,Male,8.67,5.36,5.98,4.55,6.28,318,186,9.55,Low,No,Severe,1
TXN04490,U04490,21,Female,7.37,4.62,2.57,2.18,3.75,247,158,8.18,Medium,No,Severe,1
TXN04491,U04491,23,Female,4.87,0.53,4.54,1.52,8.1,88,99,7.79,Medium,Yes,Mild,0
TXN04492,U04492,27,Male,5.05,1.69,2.92,4.55,8.34,197,106,7.84,High,No,,0
TXN04493,U04493,20,Female,3.62,1.23,3.95,1.39,7.88,22,172,6.45,High,Yes,,0
TXN04494,U04494,33,Male,6.86,1.91,0.99,5.73,6.84,84,63,8.61,High,Yes,Mild,0
TXN04495,U04495,20,Other,3.36,5.28,2.52,4.25,3.28,134,102,5.91,Low,Yes,Severe,1
TXN04496,U04496,28,Female,10.45,5.44,3.74,2.7,4.46,95,116,12.32,High,No,Moderate,1
TXN04497,U04497,23,Female,4.22,4.75,4.72,1.77,5.48,136,218,4.74,Medium,Yes,Moderate,1
TXN04498,U04498,26,Female,7.76,3.49,5.31,3.2,7.39,243,176,9.15,Medium,No,Moderate,1
TXN04499,U04499,24,Other,8.15,5.79,6.22,3.55,3.0,233,150,10.56,Low,No,Severe,1
TXN04500,U04500,25,Other,5.33,1.94,3.61,5.84,7.6,74,143,5.92,High,No,Mild,0
TXN04501,U04501,21,Other,8.02,1.3,3.25,4.43,5.16,287,236,10.52,Medium,No,Severe,1
TXN04502,U04502,27,Male,7.73,4.82,3.18,3.91,6.82,169,142,10.66,Low,No,Moderate,1
TXN04503,U04503,29,Male,7.17,3.91,3.95,1.91,4.61,104,187,7.83,Low,Yes,Moderate,1
TXN04504,U04504,35,Female,4.17,2.72,1.93,2.68,7.94,88,94,6.5,Medium,No,Mild,0
TXN04505,U04505,22,Male,11.07,4.48,4.71,5.1,4.89,304,67,13.63,Medium,No,Moderate,1
TXN04506,U04506,32,Male,8.05,1.83,4.85,4.49,3.25,268,191,8.95,High,No,Severe,1
TXN04507,U04507,21,Other,10.35,0.98,4.24,4.02,7.18,230,105,12.14,High,Yes,Moderate,1
TXN04508,U04508,28,Male,3.12,1.8,2.8,3.43,7.93,141,42,4.53,Medium,Yes,Mild,0
TXN04509,U04509,20,Other,5.39,1.23,3.88,2.34,7.96,182,119,6.29,Medium,No,,0
TXN04510,U04510,32,Male,10.88,1.47,3.32,3.28,3.0,355,168,12.05,Medium,No,Severe,1
TXN04511,U04511,26,Female,8.33,2.99,3.21,0.69,3.43,223,144,9.44,Medium,No,Severe,1
TXN04512,U04512,28,Male,10.2,0.99,4.22,1.27,6.98,265,198,12.32,High,No,Moderate,1
TXN04513,U04513,20,Other,4.15,0.8,1.43,3.84,4.75,166,148,6.19,Low,Yes,,0
TXN04514,U04514,23,Other,4.36,0.72,2.87,5.58,8.45,227,142,5.93,High,No,,0
TXN04515,U04515,30,Other,10.84,1.61,3.79,3.54,4.6,194,179,12.06,High,Yes,Moderate,1
TXN04516,U04516,33,Male,7.39,2.3,4.21,3.69,5.54,148,193,8.77,Low,Yes,Mild,0
TXN04517,U04517,24,Other,6.28,5.54,2.61,1.39,3.1,300,140,7.86,Medium,No,Severe,1
TXN04518,U04518,25,Male,7.19,2.84,3.34,5.54,5.04,60,93,9.26,Medium,Yes,Mild,0
TXN04519,U04519,20,Male,8.58,1.93,5.61,5.74,5.5,251,136,9.13,Medium,No,Severe,1
TXN04520,U04520,23,Male,3.91,4.96,5.35,4.55,6.98,289,206,6.51,Medium,No,Moderate,1
TXN04521,U04521,30,Male,10.41,3.78,4.79,0.58,7.25,298,118,12.73,Low,No,Moderate,1
TXN04522,U04522,35,Other,7.53,4.8,4.71,5.78,4.71,328,226,9.62,High,No,Severe,1
TXN04523,U04523,34,Male,3.13,0.67,2.53,2.37,7.96,247,61,4.96,Medium,No,,0
TXN04524,U04524,28,Female,4.57,1.66,3.98,1.07,5.65,215,39,6.15,Low,No,,0
TXN04525,U04525,23,Male,7.47,1.93,2.16,0.66,6.84,258,228,10.11,Low,Yes,Moderate,1
TXN04526,U04526,32,Female,8.13,5.98,4.01,2.94,6.2,221,86,8.75,Medium,No,Moderate,1
TXN04527,U04527,18,Female,9.67,5.25,2.28,5.03,5.4,204,198,10.88,Low,No,Moderate,1
TXN04528,U04528,33,Female,11.71,1.93,4.32,5.23,6.98,222,183,13.43,High,No,Moderate,1
TXN04529,U04529,30,Other,8.49,5.07,2.94,1.13,5.01,241,251,10.91,Low,Yes,Severe,1
TXN04530,U04530,34,Other,5.54,0.58,3.6,5.16,6.8,113,42,7.99,High,No,Mild,0
TXN04531,U04531,21,Female,5.74,5.47,5.02,4.96,3.0,352,218,6.99,Medium,No,Severe,1
TXN04532,U04532,26,Male,3.92,2.35,3.91,2.04,5.54,151,152,5.81,Medium,Yes,Mild,0
TXN04533,U04533,30,Male,5.67,2.68,3.41,4.38,4.12,158,172,7.09,Medium,Yes,Mild,0
TXN04534,U04534,33,Female,4.06,3.37,1.2,3.51,5.92,183,78,5.24,High,Yes,,0
TXN04535,U04535,20,Female,3.09,5.19,1.71,4.12,6.52,232,198,4.1,Low,No,Moderate,1
TXN04536,U04536,20,Other,3.48,0.99,1.32,4.94,6.61,262,118,5.15,High,Yes,Mild,0
TXN04537,U04537,33,Female,8.12,1.03,3.95,4.96,6.89,138,193,8.76,High,Yes,Moderate,1
TXN04538,U04538,28,Other,10.23,3.46,3.45,4.79,5.47,255,96,12.6,Low,Yes,Severe,1
TXN04539,U04539,29,Other,7.04,4.53,4.04,2.08,3.59,170,169,9.24,Low,Yes,Severe,1
TXN04540,U04540,21,Other,8.66,5.03,4.25,2.69,4.86,250,98,11.46,Low,No,Moderate,1
TXN04541,U04541,32,Male,4.34,4.81,4.7,4.35,6.14,223,230,5.93,Low,No,Moderate,1
TXN04542,U04542,27,Other,9.79,2.02,2.52,2.92,4.52,317,76,11.66,High,Yes,Moderate,1
TXN04543,U04543,28,Female,6.5,5.21,3.61,5.76,5.41,161,65,9.33,Low,No,Moderate,1
TXN04544,U04544,22,Other,8.93,3.54,6.03,5.5,4.88,200,117,11.14,High,No,Severe,1
TXN04545,U04545,19,Male,5.38,3.01,1.13,1.79,5.91,210,82,6.88,High,Yes,Mild,0
TXN04546,U04546,35,Other,9.93,5.25,3.4,3.35,3.0,299,94,10.46,High,Yes,Severe,1
TXN04547,U04547,18,Male,6.79,3.15,3.97,1.26,4.91,135,201,8.07,Low,Yes,Mild,0
TXN04548,U04548,23,Male,4.09,3.33,0.41,3.93,5.42,101,152,6.64,Low,Yes,,0
TXN04549,U04549,33,Other,4.29,2.18,1.35,0.89,7.16,155,54,6.08,High,Yes,Mild,0
TXN04550,U04550,26,Female,7.88,4.18,6.36,1.4,5.19,174,122,8.82,High,No,Severe,1
TXN04551,U04551,21,Female,8.42,3.62,1.92,3.3,3.32,220,167,9.41,Low,Yes,Moderate,1
TXN04552,U04552,28,Male,9.44,4.25,3.11,4.79,3.65,216,167,10.58,Low,Yes,Severe,1
TXN04553,U04553,19,Other,10.86,5.95,6.03,5.55,4.97,251,157,13.29,Low,Yes,Severe,1
TXN04554,U04554,32,Male,4.81,1.7,1.01,5.23,6.14,33,149,5.84,Medium,No,,0
TXN04555,U04555,19,Male,9.77,5.39,6.36,2.7,3.0,290,230,10.89,High,No,Severe,1
TXN04556,U04556,31,Male,9.72,2.6,5.44,5.75,3.7,257,203,12.48,Low,No,Severe,1
TXN04557,U04557,25,Female,5.09,5.98,3.61,3.24,7.27,99,112,6.21,High,No,Moderate,1
TXN04558,U04558,31,Other,8.35,2.09,4.93,2.59,3.37,246,108,10.01,High,Yes,Moderate,1
TXN04559,U04559,19,Female,7.15,3.98,1.42,3.48,7.66,259,197,8.53,Low,No,Mild,0
TXN04560,U04560,28,Male,6.84,5.29,4.47,5.44,4.91,103,85,8.53,High,Yes,Moderate,1
TXN04561,U04561,32,Other,5.89,2.32,3.57,3.0,7.63,177,103,7.31,Low,No,Mild,0
TXN04562,U04562,27,Other,10.8,1.93,4.82,3.83,4.39,135,215,13.67,High,No,Severe,1
TXN04563,U04563,33,Other,7.67,5.14,4.45,0.79,3.0,132,138,10.63,High,Yes,Moderate,1
TXN04564,U04564,18,Male,11.8,0.55,2.46,2.16,6.94,212,95,14.25,High,No,Moderate,1
TXN04565,U04565,24,Other,3.49,5.12,4.44,5.21,3.0,317,184,4.66,Low,Yes,Severe,1
TXN04566,U04566,25,Other,3.98,5.62,4.68,4.88,3.0,323,159,5.86,High,Yes,Severe,1
TXN04567,U04567,29,Other,8.09,5.94,3.45,1.26,3.7,239,99,10.78,Medium,Yes,Moderate,1
TXN04568,U04568,25,Female,10.94,4.35,3.9,3.47,3.85,237,89,13.01,Medium,Yes,Moderate,1
TXN04569,U04569,31,Other,10.47,3.59,6.04,5.49,5.56,263,106,13.1,High,Yes,Severe,1
TXN04570,U04570,30,Other,7.32,3.07,2.32,3.87,6.12,159,105,8.5,Medium,Yes,Mild,0
TXN04571,U04571,29,Other,3.74,1.08,1.05,1.42,8.0,64,97,5.08,Medium,Yes,,0
TXN04572,U04572,21,Female,11.93,4.61,3.7,1.25,5.16,134,122,12.47,Low,No,Moderate,1
TXN04573,U04573,29,Female,4.42,4.28,4.97,1.42,6.4,276,102,5.52,Low,No,Moderate,1
TXN04574,U04574,20,Female,9.55,2.61,5.85,3.48,3.98,237,183,12.04,Medium,Yes,Severe,1
TXN04575,U04575,32,Female,3.99,3.65,3.6,2.74,5.29,234,117,6.87,High,No,Mild,0
TXN04576,U04576,19,Other,8.52,4.86,3.33,4.3,4.5,236,250,10.51,Medium,Yes,Severe,1
TXN04577,U04577,27,Male,9.81,2.7,3.03,1.19,3.0,252,212,12.19,Medium,Yes,Severe,1
TXN04578,U04578,18,Other,11.23,5.94,5.24,0.97,3.0,98,188,13.85,Medium,Yes,Moderate,1
TXN04579,U04579,23,Male,9.59,1.62,4.96,0.89,4.53,298,102,10.61,Low,Yes,Severe,1
TXN04580,U04580,34,Other,3.8,1.59,3.3,1.33,5.84,278,106,5.92,Medium,No,Mild,0
TXN04581,U04581,27,Other,9.92,5.52,6.19,2.94,6.21,306,243,12.51,Medium,No,Severe,1
TXN04582,U04582,32,Male,11.3,0.92,2.85,2.74,4.66,189,180,13.22,High,No,Moderate,1
TXN04583,U04583,30,Other,4.09,3.1,3.24,3.43,4.44,170,136,4.8,High,Yes,Mild,0
TXN04584,U04584,24,Male,11.21,3.5,3.67,4.74,5.44,243,82,12.15,Low,Yes,Moderate,1
TXN04585,U04585,30,Male,4.96,4.89,5.46,4.83,3.4,201,187,5.65,Low,No,Moderate,1
TXN04586,U04586,28,Other,9.8,4.55,4.83,1.56,3.99,329,219,12.46,Medium,Yes,Severe,1
TXN04587,U04587,23,Male,10.18,1.51,5.25,1.9,6.16,115,107,11.57,High,Yes,Moderate,1
TXN04588,U04588,26,Female,5.21,0.76,4.72,3.47,5.95,221,70,6.09,Medium,No,Mild,0
TXN04589,U04589,32,Male,7.62,0.64,5.49,3.2,5.59,158,77,9.66,Low,No,Moderate,1
TXN04590,U04590,24,Other,7.38,5.38,5.13,5.7,3.26,153,167,9.72,Low,No,Severe,1
TXN04591,U04591,21,Male,8.01,4.97,2.67,1.34,4.39,194,249,10.38,Medium,Yes,Severe,1
TXN04592,U04592,26,Male,3.35,5.65,3.76,4.65,4.46,296,213,5.97,High,No,Moderate,1
TXN04593,U04593,19,Other,10.52,2.5,3.1,2.99,5.76,280,248,12.2,Low,No,Severe,1
TXN04594,U04594,28,Female,3.43,5.5,2.95,1.87,6.13,120,105,6.15,Low,No,Moderate,1
TXN04595,U04595,26,Female,10.92,4.23,3.88,2.51,4.32,93,128,13.12,Medium,No,Moderate,1
TXN04596,U04596,26,Female,10.03,3.08,4.16,1.81,3.79,295,214,11.83,High,Yes,Severe,1
TXN04597,U04597,20,Male,6.66,3.49,3.2,1.5,6.3,249,141,7.19,High,Yes,Moderate,1
TXN04598,U04598,32,Female,9.48,1.43,6.25,1.11,3.86,261,93,10.52,Low,No,Severe,1
TXN04599,U04599,26,Male,3.23,4.45,4.78,5.52,4.85,222,175,3.78,Medium,No,Severe,1
TXN04600,U04600,26,Male,8.14,4.94,4.55,5.1,5.31,133,124,8.98,High,Yes,Severe,1
TXN04601,U04601,20,Other,8.97,4.75,5.91,5.96,4.96,173,196,11.02,High,Yes,Severe,1
TXN04602,U04602,26,Other,6.52,0.68,1.62,5.7,6.71,148,151,8.7,Low,No,Moderate,1
TXN04603,U04603,24,Female,3.72,1.38,4.52,0.86,8.06,193,107,5.04,Low,Yes,Mild,0
TXN04604,U04604,30,Female,3.94,1.49,1.34,3.4,7.7,174,139,5.34,Medium,No,,0
TXN04605,U04605,33,Other,11.95,5.63,4.96,2.84,4.79,252,76,14.01,Medium,Yes,Moderate,1
TXN04606,U04606,35,Other,11.62,5.43,4.61,2.07,3.46,246,139,14.1,Low,No,Severe,1
TXN04607,U04607,28,Other,5.64,3.04,4.38,5.58,5.78,156,50,7.44,High,No,Mild,0
TXN04608,U04608,34,Male,9.03,2.22,5.57,5.24,3.38,309,149,11.85,Medium,No,Severe,1
TXN04609,U04609,20,Female,9.53,2.27,3.86,3.1,3.0,146,254,10.89,Medium,Yes,Severe,1
TXN04610,U04610,35,Male,3.73,0.81,2.27,2.98,7.33,93,46,4.34,Medium,No,Mild,0
TXN04611,U04611,21,Male,6.8,4.69,2.71,4.42,4.74,192,167,8.89,High,Yes,Moderate,1
TXN04612,U04612,33,Other,6.01,4.32,3.75,3.33,3.81,295,122,7.08,Low,No,Moderate,1
TXN04613,U04613,22,Female,6.22,2.07,2.9,3.68,3.64,295,226,7.15,Low,No,Moderate,1
TXN04614,U04614,28,Male,4.87,3.25,1.79,4.34,4.89,165,20,5.42,High,Yes,,0
TXN04615,U04615,18,Female,4.85,1.42,2.47,2.75,4.11,198,43,6.62,High,No,Mild,0
TXN04616,U04616,20,Female,6.52,5.86,5.41,4.32,6.4,178,65,7.39,High,No,Moderate,1
TXN04617,U04617,19,Male,9.82,1.35,5.65,3.66,3.73,176,184,10.83,Medium,Yes,Severe,1
TXN04618,U04618,32,Female,10.78,4.6,5.23,2.57,4.2,245,113,11.81,Low,Yes,Moderate,1
TXN04619,U04619,19,Other,4.04,3.04,4.47,2.12,5.48,193,96,5.28,High,No,Mild,0
TXN04620,U04620,21,Other,7.39,2.28,3.42,4.67,7.03,114,98,10.29,Low,Yes,Moderate,1
TXN04621,U04621,25,Female,5.45,3.24,1.49,5.1,4.99,218,47,8.05,High,Yes,Mild,0
TXN04622,U04622,21,Other,5.68,2.59,2.24,4.55,7.63,155,162,7.58,Low,No,,0
TXN04623,U04623,22,Other,7.01,2.66,2.24,3.39,6.03,305,170,8.05,Medium,No,Moderate,1
TXN04624,U04624,18,Male,3.61,0.87,3.2,4.91,7.34,122,191,5.9,Medium,Yes,Mild,0
TXN04625,U04625,28,Female,8.19,1.8,2.43,4.76,3.84,194,235,10.52,Low,No,Severe,1
TXN04626,U04626,29,Male,9.1,3.73,2.8,2.22,5.57,143,91,9.94,High,Yes,Severe,1
TXN04627,U04627,32,Female,3.66,5.11,4.14,0.62,4.2,123,82,4.51,Low,Yes,Moderate,1
TXN04628,U04628,31,Female,7.87,3.85,2.21,0.94,7.74,189,112,9.75,Medium,No,Mild,0
TXN04629,U04629,28,Female,9.37,5.68,4.47,4.97,3.0,283,104,12.25,High,No,Severe,1
TXN04630,U04630,21,Female,7.14,0.6,4.65,2.61,4.67,242,76,9.19,High,No,Mild,0
TXN04631,U04631,18,Male,10.5,1.88,4.47,3.21,5.32,210,224,13.41,High,Yes,Severe,1
TXN04632,U04632,32,Male,10.89,4.0,2.62,3.06,3.0,203,223,11.88,Low,No,Severe,1
TXN04633,U04633,32,Male,10.88,5.33,3.85,1.67,3.0,340,168,11.92,Low,Yes,Severe,1
TXN04634,U04634,22,Female,6.04,2.84,3.94,2.17,4.65,115,75,8.78,Low,Yes,Mild,0
TXN04635,U04635,31,Other,5.31,3.16,3.71,5.72,5.62,34,169,8.25,High,No,,0
TXN04636,U04636,28,Male,9.26,0.84,4.74,1.08,3.0,355,120,11.49,Low,No,Severe,1
TXN04637,U04637,24,Male,3.32,4.7,3.94,0.79,5.51,319,126,5.87,Low,No,Moderate,1
TXN04638,U04638,34,Female,11.31,5.32,3.22,2.1,5.27,185,148,13.11,Medium,Yes,Moderate,1
TXN04639,U04639,23,Female,10.65,2.92,4.49,3.07,3.75,236,165,11.93,Low,Yes,Severe,1
TXN04640,U04640,28,Male,3.21,3.82,0.59,2.48,7.69,231,127,4.49,Medium,Yes,,0
TXN04641,U04641,20,Other,6.82,0.82,4.64,2.45,4.56,257,66,9.76,High,No,Mild,0
TXN04642,U04642,27,Female,4.63,0.62,3.66,1.72,5.93,245,142,6.25,Low,Yes,,0
TXN04643,U04643,19,Male,5.61,1.85,2.33,5.81,5.39,248,98,8.6,Medium,No,Mild,0
TXN04644,U04644,24,Other,9.58,1.6,3.59,3.16,4.21,235,145,10.24,High,No,Severe,1
TXN04645,U04645,29,Other,7.58,3.0,4.82,5.95,4.25,297,226,10.07,High,Yes,Moderate,1
TXN04646,U04646,35,Other,8.13,1.71,2.51,1.85,4.31,255,172,11.13,Low,No,Severe,1
TXN04647,U04647,22,Female,11.5,3.38,5.24,2.75,4.2,154,249,12.05,Medium,Yes,Severe,1
TXN04648,U04648,20,Other,3.89,4.44,6.19,2.44,5.71,136,216,6.72,High,Yes,Severe,1
TXN04649,U04649,30,Male,10.97,0.98,3.82,3.84,3.19,108,193,12.57,Low,No,Moderate,1
TXN04650,U04650,23,Other,10.94,3.29,4.97,2.46,3.93,290,156,11.91,Medium,Yes,Severe,1
TXN04651,U04651,20,Other,10.0,2.72,4.67,3.15,5.65,177,133,11.12,Low,No,Moderate,1
TXN04652,U04652,20,Male,8.44,5.37,4.44,0.96,6.2,267,98,10.61,Low,No,Moderate,1
TXN04653,U04653,33,Other,10.04,1.19,6.2,2.51,5.84,155,136,11.14,Low,Yes,Severe,1
TXN04654,U04654,19,Female,5.92,4.42,6.22,1.62,6.47,145,203,6.76,Low,Yes,Severe,1
TXN04655,U04655,24,Other,9.94,0.87,2.68,4.31,5.53,311,206,12.62,High,Yes,Severe,1
TXN04656,U04656,24,Female,6.15,4.25,3.6,2.12,4.89,152,230,6.92,Low,Yes,Severe,1
TXN04657,U04657,32,Other,3.03,5.62,4.72,1.56,5.8,185,181,5.16,Low,No,Severe,1
TXN04658,U04658,18,Female,7.05,5.2,2.62,5.37,3.39,232,163,9.28,High,No,Moderate,1
TXN04659,U04659,35,Male,9.21,1.54,3.58,2.33,6.31,184,247,10.41,High,Yes,Severe,1
TXN04660,U04660,18,Male,10.37,2.92,3.73,1.88,6.88,260,197,11.56,High,No,Moderate,1
TXN04661,U04661,22,Female,4.45,4.46,5.52,4.27,3.48,231,78,6.01,Medium,No,Moderate,1
TXN04662,U04662,23,Female,7.04,1.56,4.51,5.0,4.04,159,154,9.76,Low,Yes,Moderate,1
TXN04663,U04663,33,Male,5.67,1.29,3.73,0.54,7.11,197,89,6.21,Low,No,Mild,0
TXN04664,U04664,33,Male,3.93,4.26,4.48,1.42,4.1,311,178,6.92,Low,Yes,Severe,1
TXN04665,U04665,28,Male,4.9,1.92,3.41,1.19,5.9,153,122,6.7,High,Yes,,0
TXN04666,U04666,28,Male,10.64,5.28,2.48,0.64,7.21,136,179,13.48,Medium,No,Moderate,1
TXN04667,U04667,25,Male,7.66,3.21,2.04,5.6,6.89,176,200,10.36,High,No,Moderate,1
TXN04668,U04668,23,Male,4.64,0.95,2.73,3.95,5.22,205,26,5.22,Medium,Yes,,0
TXN04669,U04669,26,Female,4.2,5.61,1.79,1.74,6.62,212,228,5.23,Medium,No,Moderate,1
TXN04670,U04670,19,Female,10.14,1.19,2.86,4.5,3.98,140,168,11.58,High,No,Moderate,1
TXN04671,U04671,28,Other,7.57,4.52,5.28,3.89,5.63,212,203,9.81,Medium,Yes,Moderate,1
TXN04672,U04672,27,Other,5.64,2.23,1.28,4.33,7.18,147,142,6.61,Medium,No,,0
TXN04673,U04673,24,Other,3.8,4.06,3.7,2.67,4.69,197,167,4.87,Medium,Yes,Moderate,1
TXN04674,U04674,20,Male,3.88,1.93,0.45,3.31,5.83,223,133,5.52,Medium,No,,0
TXN04675,U04675,26,Other,10.95,5.69,4.11,4.04,6.54,226,180,11.69,Low,No,Severe,1
TXN04676,U04676,26,Other,11.79,5.4,3.43,4.92,4.47,141,196,12.91,Medium,No,Moderate,1
TXN04677,U04677,24,Other,4.99,4.17,2.9,5.15,3.39,267,201,5.87,High,Yes,Moderate,1
TXN04678,U04678,27,Female,7.38,0.7,3.07,2.96,8.11,264,133,9.55,Medium,Yes,Mild,0
TXN04679,U04679,35,Female,9.15,1.77,5.29,1.92,4.31,214,213,11.76,High,Yes,Moderate,1
TXN04680,U04680,23,Other,10.63,1.06,2.75,3.77,7.07,144,151,12.73,High,Yes,Moderate,1
TXN04681,U04681,25,Other,3.76,4.53,5.21,4.29,4.42,239,157,6.47,Medium,No,Severe,1
TXN04682,U04682,32,Other,4.79,0.52,1.05,0.98,4.14,212,104,5.92,Low,Yes,Mild,0
TXN04683,U04683,33,Male,11.48,4.18,4.42,4.69,5.19,307,119,12.84,High,No,Severe,1
TXN04684,U04684,29,Male,9.76,0.92,1.86,4.93,6.33,239,141,12.05,High,No,Moderate,1
TXN04685,U04685,33,Other,5.6,2.65,2.05,1.28,5.7,62,115,6.99,Low,Yes,Mild,0
TXN04686,U04686,24,Male,8.85,0.66,2.06,4.59,4.46,264,135,9.91,Low,Yes,Moderate,1
TXN04687,U04687,27,Male,8.81,3.7,3.12,2.71,5.85,155,128,10.67,Medium,No,Severe,1
TXN04688,U04688,30,Other,9.97,1.75,4.21,0.79,3.22,231,176,11.56,Low,No,Moderate,1
TXN04689,U04689,29,Female,10.43,2.97,1.67,1.67,4.15,101,164,11.61,High,Yes,Moderate,1
TXN04690,U04690,34,Male,5.52,3.43,4.44,2.69,6.5,75,177,7.82,Medium,No,Mild,0
TXN04691,U04691,23,Female,3.72,1.81,2.28,0.69,7.21,184,67,6.11,Low,No,,0
TXN04692,U04692,22,Other,5.03,1.27,1.08,5.8,5.44,42,43,6.14,High,No,,0
TXN04693,U04693,28,Other,7.22,5.42,3.33,5.11,5.18,217,160,10.01,High,No,Moderate,1
TXN04694,U04694,19,Other,8.12,1.9,2.87,2.56,4.84,256,152,11.08,High,No,Severe,1
TXN04695,U04695,19,Female,4.1,4.93,3.61,3.55,6.32,206,177,5.92,Medium,Yes,Moderate,1
TXN04696,U04696,32,Other,9.9,4.89,4.85,0.73,4.99,144,246,11.83,Low,Yes,Severe,1
TXN04697,U04697,18,Other,5.23,3.48,3.71,4.57,8.93,181,110,7.53,High,No,,0
TXN04698,U04698,24,Other,10.79,3.44,4.2,3.38,5.14,240,110,12.46,High,No,Severe,1
TXN04699,U04699,35,Female,3.19,2.07,2.41,1.14,4.36,119,145,4.53,Medium,No,Mild,0
TXN04700,U04700,30,Male,4.99,2.62,3.01,2.65,8.89,161,44,6.01,High,Yes,,0
TXN04701,U04701,24,Female,10.75,5.48,5.47,1.51,3.15,215,217,13.12,High,Yes,Moderate,1
TXN04702,U04702,35,Other,7.01,5.66,5.35,3.24,3.0,318,113,7.95,Low,No,Severe,1
TXN04703,U04703,24,Male,9.66,3.96,4.43,2.41,3.0,135,218,10.48,High,Yes,Moderate,1
TXN04704,U04704,20,Other,5.11,2.94,3.78,2.27,5.83,123,41,7.27,Medium,Yes,Mild,0
TXN04705,U04705,27,Other,8.42,0.93,6.27,5.9,4.82,262,124,9.41,Medium,No,Severe,1
TXN04706,U04706,25,Male,7.91,1.31,2.53,1.73,4.77,58,44,10.2,Low,Yes,Mild,0
TXN04707,U04707,31,Other,9.75,4.61,5.73,1.59,5.26,142,166,12.05,Low,No,Severe,1
TXN04708,U04708,31,Male,3.69,2.09,1.46,5.46,4.89,191,96,5.53,High,Yes,,0
TXN04709,U04709,30,Other,9.3,3.85,3.55,5.44,5.69,353,238,10.26,Low,Yes,Severe,1
TXN04710,U04710,34,Other,8.21,5.51,2.97,4.22,7.35,143,229,10.33,Low,Yes,Moderate,1
TXN04711,U04711,35,Other,8.39,3.35,2.7,0.54,3.0,162,126,10.52,High,No,Severe,1
TXN04712,U04712,32,Female,7.67,4.91,2.76,5.4,3.49,156,91,9.44,High,Yes,Severe,1
TXN04713,U04713,26,Other,4.36,1.86,1.97,1.97,7.11,78,166,6.11,High,No,Mild,0
TXN04714,U04714,33,Male,3.39,1.68,0.52,4.19,5.35,34,169,4.05,Medium,Yes,,0
TXN04715,U04715,27,Male,8.77,4.56,4.18,3.68,5.75,186,169,11.52,Low,Yes,Severe,1
TXN04716,U04716,29,Male,3.41,3.84,2.36,1.09,7.83,250,80,4.97,High,No,Mild,0
TXN04717,U04717,35,Other,7.22,4.81,5.55,5.09,6.24,281,196,7.94,Medium,No,Severe,1
TXN04718,U04718,23,Male,8.07,2.79,4.5,0.61,3.67,240,191,9.49,High,Yes,Moderate,1
TXN04719,U04719,27,Male,3.57,4.47,4.51,5.71,3.65,276,252,4.52,Low,No,Severe,1
TXN04720,U04720,21,Female,7.31,3.57,4.18,2.29,4.23,282,78,10.04,High,Yes,Mild,0
TXN04721,U04721,31,Female,11.47,5.03,2.7,3.6,4.58,101,194,12.72,High,No,Moderate,1
TXN04722,U04722,18,Male,11.23,1.19,2.6,2.06,3.05,130,224,13.8,High,No,Severe,1
TXN04723,U04723,30,Other,5.02,1.41,2.99,5.3,5.83,79,74,7.22,Medium,Yes,,0
TXN04724,U04724,20,Female,3.54,3.14,1.91,0.65,5.57,74,96,5.4,Low,No,,0
TXN04725,U04725,23,Other,7.22,4.18,4.57,5.08,4.57,319,78,9.95,High,Yes,Moderate,1
TXN04726,U04726,30,Female,10.68,1.95,3.12,2.21,4.44,161,121,13.2,Medium,Yes,Moderate,1
TXN04727,U04727,29,Male,8.98,2.99,2.75,2.81,4.23,149,115,11.95,Low,No,Moderate,1
TXN04728,U04728,19,Male,9.0,5.13,5.21,3.51,3.0,155,182,11.16,Medium,Yes,Severe,1
TXN04729,U04729,31,Male,4.13,1.34,4.6,3.44,3.85,246,192,6.64,Medium,Yes,Mild,0
TXN04730,U04730,32,Female,11.41,1.81,2.67,4.98,5.86,348,142,13.65,Medium,No,Severe,1
TXN04731,U04731,35,Other,6.07,4.12,5.82,5.4,3.0,261,94,7.51,High,No,Severe,1
TXN04732,U04732,22,Other,7.05,2.53,2.45,1.51,6.4,161,166,8.36,High,Yes,Moderate,1
TXN04733,U04733,21,Male,5.3,1.12,1.47,1.13,4.89,241,156,7.27,High,Yes,Mild,0
TXN04734,U04734,18,Female,7.05,2.95,1.1,4.28,5.6,70,65,9.39,High,Yes,Mild,0
TXN04735,U04735,25,Male,5.78,3.84,3.06,1.62,4.13,147,96,7.91,Low,No,Mild,0
TXN04736,U04736,21,Other,7.45,2.3,4.07,5.65,6.16,80,87,10.29,Low,No,Mild,0
TXN04737,U04737,19,Male,3.3,2.22,0.79,5.12,6.0,158,36,5.13,Medium,Yes,,0
TXN04738,U04738,22,Male,8.05,5.74,2.67,5.87,5.29,215,160,11.0,Medium,No,Moderate,1
TXN04739,U04739,29,Other,3.73,3.59,2.69,4.39,5.22,131,94,4.68,High,No,,0
TXN04740,U04740,34,Other,5.67,2.63,1.73,5.4,4.95,128,165,7.34,High,Yes,Mild,0
TXN04741,U04741,31,Other,8.51,5.12,5.37,1.59,5.12,334,128,9.02,Medium,Yes,Severe,1
TXN04742,U04742,32,Female,3.05,1.88,1.42,4.44,7.82,79,17,4.27,Medium,No,,0
TXN04743,U04743,35,Other,11.26,5.06,5.16,3.34,3.42,181,151,13.44,Low,Yes,Severe,1
TXN04744,U04744,18,Other,4.29,0.62,3.92,0.78,4.98,195,16,5.35,Low,Yes,,0
TXN04745,U04745,27,Other,3.11,2.39,4.7,3.08,7.27,98,58,5.74,Low,No,Mild,0
TXN04746,U04746,27,Male,5.11,0.83,0.85,5.6,8.69,182,137,8.04,Medium,Yes,,0
TXN04747,U04747,35,Male,4.31,3.99,3.03,5.58,4.06,172,61,6.26,Medium,Yes,Mild,0
TXN04748,U04748,22,Other,11.19,1.17,3.12,2.42,4.22,226,143,12.78,High,No,Moderate,1
TXN04749,U04749,35,Other,7.0,0.79,5.43,1.42,5.26,285,104,9.38,Medium,Yes,Moderate,1
TXN04750,U04750,26,Female,5.15,5.35,4.31,4.32,3.0,222,180,6.51,Medium,Yes,Severe,1
TXN04751,U04751,35,Other,11.34,1.41,5.28,1.86,3.0,150,219,12.73,Medium,Yes,Severe,1
TXN04752,U04752,20,Female,5.28,4.13,4.49,1.47,3.11,287,158,8.04,Low,No,Severe,1
TXN04753,U04753,20,Female,7.81,5.7,4.17,5.46,6.81,274,116,10.38,Low,No,Moderate,1
TXN04754,U04754,22,Male,10.95,4.47,6.28,1.02,3.07,191,202,11.92,High,Yes,Severe,1
TXN04755,U04755,23,Other,10.76,2.27,2.99,5.02,6.0,138,139,12.84,Low,No,Moderate,1
TXN04756,U04756,29,Female,7.17,3.0,2.04,3.57,6.26,154,209,8.01,High,Yes,Moderate,1
TXN04757,U04757,29,Female,4.23,3.99,3.61,4.01,4.18,55,171,6.62,Low,No,Mild,0
TXN04758,U04758,32,Female,5.48,2.76,3.43,3.7,7.89,58,110,6.02,Medium,Yes,,0
TXN04759,U04759,25,Female,6.74,5.16,2.4,4.66,3.94,118,111,7.49,Medium,Yes,Moderate,1
TXN04760,U04760,19,Male,8.84,0.82,5.55,3.42,6.53,155,108,11.27,High,No,Moderate,1
TXN04761,U04761,25,Female,3.6,1.47,2.24,2.26,8.19,127,162,4.76,Medium,Yes,Mild,0
TXN04762,U04762,33,Male,5.05,5.7,2.8,0.59,3.21,136,132,7.83,High,No,Severe,1
TXN04763,U04763,24,Male,9.88,4.27,3.21,5.5,4.86,349,190,11.08,High,Yes,Severe,1
TXN04764,U04764,28,Other,10.81,1.4,2.02,2.29,3.57,295,171,11.64,Medium,No,Moderate,1
TXN04765,U04765,35,Female,8.43,4.03,3.03,2.75,4.25,147,143,10.01,High,Yes,Severe,1
TXN04766,U04766,32,Female,4.97,4.86,2.08,4.55,4.96,287,179,7.94,High,No,Moderate,1
TXN04767,U04767,26,Other,7.38,4.55,1.7,2.04,3.92,147,178,9.71,Medium,No,Moderate,1
TXN04768,U04768,31,Female,4.24,2.69,3.17,2.0,7.09,188,27,6.62,Low,Yes,,0
TXN04769,U04769,34,Other,11.53,1.45,4.43,4.02,6.61,232,213,14.22,Medium,No,Moderate,1
TXN04770,U04770,29,Female,10.77,1.72,3.14,1.1,6.37,266,116,13.12,Low,No,Severe,1
TXN04771,U04771,25,Female,5.96,4.2,6.11,2.44,5.19,332,253,8.02,Low,No,Severe,1
TXN04772,U04772,34,Other,6.09,5.96,1.75,2.12,5.67,156,181,8.48,High,Yes,Moderate,1
TXN04773,U04773,30,Other,9.98,5.63,4.2,2.63,4.75,129,221,12.84,High,No,Moderate,1
TXN04774,U04774,30,Female,7.86,5.35,3.33,4.94,4.02,315,215,9.49,Medium,Yes,Severe,1
TXN04775,U04775,25,Male,10.77,1.2,3.35,0.56,5.66,240,182,12.19,Medium,Yes,Severe,1
TXN04776,U04776,24,Other,11.58,1.77,3.6,0.78,3.2,171,103,14.06,High,Yes,Moderate,1
TXN04777,U04777,33,Female,8.38,5.92,4.33,4.03,4.71,253,227,10.58,Low,Yes,Severe,1
TXN04778,U04778,20,Female,6.73,1.94,5.15,3.54,3.0,317,208,7.3,Low,Yes,Moderate,1
TXN04779,U04779,30,Female,6.9,5.85,4.05,1.01,5.25,217,233,8.48,Medium,Yes,Severe,1
TXN04780,U04780,33,Other,10.33,2.14,2.47,4.97,3.8,283,211,11.27,High,No,Moderate,1
TXN04781,U04781,21,Female,4.69,2.67,2.4,3.0,7.95,167,157,6.1,Medium,No,,0
TXN04782,U04782,24,Male,10.54,3.62,6.22,5.73,5.16,299,206,11.1,Medium,No,Severe,1
TXN04783,U04783,19,Female,9.77,1.23,3.47,5.31,5.2,331,126,11.74,Medium,No,Severe,1
TXN04784,U04784,21,Male,7.51,5.13,1.91,2.86,5.33,215,124,10.21,Low,Yes,Moderate,1
TXN04785,U04785,32,Male,8.12,3.08,3.93,4.18,3.0,165,93,8.68,Low,No,Severe,1
TXN04786,U04786,24,Male,7.6,1.25,2.97,1.49,3.03,169,90,8.51,Medium,No,Moderate,1
TXN04787,U04787,21,Other,4.33,5.35,1.69,2.49,7.4,255,71,6.27,Low,Yes,Moderate,1
TXN04788,U04788,30,Female,6.0,2.41,2.12,2.22,5.7,154,121,7.54,High,Yes,Mild,0
TXN04789,U04789,28,Other,3.24,3.8,3.5,2.74,6.8,177,138,4.67,Medium,Yes,,0
TXN04790,U04790,24,Female,9.4,1.05,5.17,5.2,3.92,201,150,11.93,High,No,Severe,1
TXN04791,U04791,19,Female,8.4,3.71,5.59,2.78,5.49,279,205,9.18,High,Yes,Moderate,1
TXN04792,U04792,20,Other,3.54,2.17,1.04,1.03,4.17,223,148,4.67,High,Yes,Mild,0
TXN04793,U04793,35,Female,11.09,3.07,2.86,5.6,3.75,115,101,13.2,Medium,No,Moderate,1
TXN04794,U04794,24,Other,11.65,3.48,3.6,0.92,6.02,267,224,13.0,High,No,Moderate,1
TXN04795,U04795,32,Female,8.77,0.8,3.87,5.46,6.19,291,191,9.78,High,Yes,Moderate,1
TXN04796,U04796,20,Male,5.31,5.75,3.17,4.09,6.15,302,196,7.63,High,No,Severe,1
TXN04797,U04797,18,Other,10.4,4.71,5.37,4.98,7.09,98,206,13.35,Medium,No,Moderate,1
TXN04798,U04798,24,Other,11.45,1.93,4.34,0.87,3.13,344,132,14.19,Low,No,Severe,1
TXN04799,U04799,27,Female,6.57,2.23,4.39,1.71,6.86,76,200,7.7,Medium,No,Mild,0
TXN04800,U04800,24,Female,10.78,1.48,2.5,1.14,5.52,236,104,11.91,Medium,No,Moderate,1
TXN04801,U04801,26,Male,3.44,2.3,3.65,4.39,3.88,140,138,5.24,Medium,Yes,Mild,0
TXN04802,U04802,33,Other,4.89,0.81,2.26,5.48,8.15,87,44,5.96,Low,No,,0
TXN04803,U04803,18,Other,11.21,5.22,5.34,4.92,6.65,104,206,14.08,High,Yes,Moderate,1
TXN04804,U04804,34,Other,4.82,3.75,0.58,4.71,5.43,138,22,5.95,Medium,Yes,,0
TXN04805,U04805,34,Male,6.69,0.59,1.46,2.14,3.86,90,168,8.33,Medium,No,Mild,0
TXN04806,U04806,29,Female,10.44,3.88,4.3,5.98,5.32,175,150,12.3,Medium,Yes,Moderate,1
TXN04807,U04807,19,Other,8.81,1.35,4.45,1.58,5.38,200,226,11.63,Medium,No,Severe,1
TXN04808,U04808,21,Male,4.2,5.12,5.57,5.64,5.63,318,154,7.02,Low,Yes,Moderate,1
TXN04809,U04809,28,Male,4.91,2.69,0.44,2.6,6.26,203,156,7.12,High,No,,0
TXN04810,U04810,26,Other,3.65,5.99,4.92,3.84,5.74,265,198,4.32,Medium,Yes,Moderate,1
TXN04811,U04811,28,Female,8.64,1.89,4.88,2.26,5.85,199,180,9.25,High,No,Severe,1
TXN04812,U04812,35,Other,7.66,2.35,2.86,5.01,7.97,216,51,9.13,Low,No,Mild,0
TXN04813,U04813,35,Female,7.28,3.4,4.64,3.68,5.0,218,179,9.95,Medium,No,Mild,0
TXN04814,U04814,19,Other,4.31,2.63,3.02,0.69,7.36,172,93,4.93,High,Yes,,0
TXN04815,U04815,34,Male,8.16,0.6,6.06,4.87,4.34,252,139,8.79,High,Yes,Severe,1
TXN04816,U04816,18,Female,4.47,3.69,0.83,5.74,8.09,139,129,5.12,Low,No,,0
TXN04817,U04817,25,Male,7.87,1.06,4.71,5.65,6.03,240,226,8.63,Low,Yes,Moderate,1
TXN04818,U04818,25,Female,4.26,2.47,3.03,3.3,5.67,185,19,5.52,Low,No,,0
TXN04819,U04819,26,Male,4.6,1.03,3.49,1.12,7.05,250,123,5.85,Medium,No,Mild,0
TXN04820,U04820,22,Male,9.1,4.66,4.39,0.6,6.01,189,201,9.83,Low,No,Moderate,1
TXN04821,U04821,33,Male,7.36,3.69,4.58,1.77,7.13,252,226,8.7,Low,No,Moderate,1
TXN04822,U04822,32,Male,4.71,3.21,0.23,0.72,7.36,192,91,5.23,Medium,Yes,,0
TXN04823,U04823,20,Male,7.0,2.38,3.3,4.39,5.78,313,117,9.75,Medium,Yes,Moderate,1
TXN04824,U04824,26,Female,6.03,5.03,2.74,3.8,3.23,146,130,7.85,Medium,No,Severe,1
TXN04825,U04825,32,Other,6.11,2.11,4.38,5.82,7.37,252,91,7.57,Low,Yes,Mild,0
TXN04826,U04826,27,Male,7.71,1.02,2.83,2.45,4.08,204,188,9.86,Low,No,Mild,0
TXN04827,U04827,27,Female,6.42,5.6,4.28,5.8,5.63,305,131,8.11,Low,Yes,Severe,1
TXN04828,U04828,32,Male,7.84,1.77,2.02,4.29,5.45,95,125,10.27,High,Yes,Mild,0
TXN04829,U04829,26,Male,8.69,3.93,4.94,2.88,5.72,168,179,10.88,Medium,Yes,Moderate,1
TXN04830,U04830,33,Female,4.41,5.26,3.97,4.43,5.62,256,87,5.53,Low,No,Moderate,1
TXN04831,U04831,20,Female,7.65,4.27,4.18,2.72,4.51,240,103,10.43,Medium,No,Moderate,1
TXN04832,U04832,31,Male,8.56,4.16,2.27,0.96,6.75,199,214,9.3,Medium,Yes,Moderate,1
TXN04833,U04833,28,Male,8.04,0.76,3.68,2.66,3.0,238,159,9.73,Low,No,Severe,1
TXN04834,U04834,27,Female,4.32,1.1,1.39,4.23,5.12,94,148,5.0,Medium,Yes,Mild,0
TXN04835,U04835,27,Male,5.22,5.33,1.71,1.38,4.98,190,164,8.15,Low,No,Moderate,1
TXN04836,U04836,24,Male,8.55,3.14,4.52,3.04,4.25,222,244,11.01,Medium,No,Severe,1
TXN04837,U04837,27,Male,9.95,1.47,3.43,3.15,3.5,302,108,10.89,High,No,Severe,1
TXN04838,U04838,22,Other,9.79,3.28,4.11,1.08,3.36,307,239,11.82,High,No,Severe,1
TXN04839,U04839,27,Female,8.93,5.07,4.42,3.71,5.22,134,194,11.2,Low,Yes,Severe,1
TXN04840,U04840,30,Other,11.67,4.48,3.58,0.7,4.01,338,138,12.53,High,No,Severe,1
TXN04841,U04841,20,Male,3.27,5.18,3.5,0.91,6.33,213,190,5.31,High,No,Severe,1
TXN04842,U04842,23,Male,3.23,1.95,2.22,1.21,3.82,178,168,4.78,Medium,No,Mild,0
TXN04843,U04843,21,Female,6.78,3.7,4.8,5.56,7.68,93,101,7.76,Low,No,Mild,0
TXN04844,U04844,29,Male,9.91,4.2,2.69,4.97,4.53,209,189,12.13,Low,No,Severe,1
TXN04845,U04845,29,Male,8.85,0.87,4.75,0.61,3.72,329,234,11.38,Low,No,Severe,1
TXN04846,U04846,27,Female,10.35,0.76,5.8,0.81,5.82,326,112,12.72,Low,No,Severe,1
TXN04847,U04847,18,Other,6.36,3.32,3.91,3.63,5.79,144,213,8.46,High,Yes,Moderate,1
TXN04848,U04848,34,Male,5.22,1.35,1.5,3.19,5.26,47,120,7.08,Medium,No,,0
TXN04849,U04849,35,Other,8.48,5.67,2.33,5.33,3.32,247,194,10.49,Medium,No,Moderate,1
TXN04850,U04850,33,Female,7.97,5.75,5.34,5.57,7.36,262,206,10.22,Medium,Yes,Moderate,1
TXN04851,U04851,25,Male,8.02,1.72,3.91,4.69,5.92,203,162,10.0,Medium,No,Severe,1
TXN04852,U04852,19,Male,5.1,4.04,3.32,5.69,5.36,288,133,7.63,Medium,No,Moderate,1
TXN04853,U04853,28,Other,11.4,2.69,4.98,5.42,6.24,277,188,12.67,Low,No,Severe,1
TXN04854,U04854,33,Female,10.64,2.8,4.65,4.53,3.24,229,105,12.83,High,No,Moderate,1
TXN04855,U04855,33,Male,5.05,2.99,4.48,4.46,4.37,208,167,7.38,High,Yes,Mild,0
TXN04856,U04856,18,Female,4.01,3.73,3.26,3.94,7.61,133,141,6.61,Low,Yes,Mild,0
TXN04857,U04857,29,Other,8.87,2.23,3.93,4.31,5.31,140,206,10.43,Medium,No,Moderate,1
TXN04858,U04858,35,Other,3.2,2.65,2.09,1.08,5.87,139,162,4.58,Medium,No,,0
TXN04859,U04859,20,Male,6.08,2.83,2.61,5.67,8.15,219,73,7.9,Medium,No,Mild,0
TXN04860,U04860,18,Other,4.13,4.84,3.31,1.39,4.26,228,145,6.12,Low,No,Severe,1
TXN04861,U04861,33,Male,4.86,4.74,4.71,2.66,4.19,302,188,6.28,Medium,No,Severe,1
TXN04862,U04862,35,Male,10.11,0.94,6.14,2.46,3.12,134,238,11.69,High,No,Severe,1
TXN04863,U04863,20,Other,10.23,2.24,5.4,5.02,4.17,161,79,11.76,Low,Yes,Moderate,1
TXN04864,U04864,21,Male,10.98,4.97,5.06,2.88,4.77,197,187,11.89,Medium,Yes,Moderate,1
TXN04865,U04865,23,Male,6.41,1.64,2.77,0.86,5.56,187,84,7.67,Medium,Yes,Mild,0
TXN04866,U04866,19,Male,6.87,3.56,4.06,1.37,4.96,184,173,8.83,High,No,Moderate,1
TXN04867,U04867,20,Female,4.42,5.05,4.57,5.74,5.55,316,155,6.63,Medium,Yes,Severe,1
TXN04868,U04868,30,Male,3.25,4.27,3.0,0.51,5.78,263,165,4.62,Low,No,Moderate,1
TXN04869,U04869,19,Other,5.34,2.56,2.78,3.3,6.3,240,100,7.39,Low,Yes,,0
TXN04870,U04870,19,Female,3.17,2.62,3.98,4.47,6.51,177,205,4.8,High,Yes,Mild,0
TXN04871,U04871,22,Male,8.75,0.96,4.23,0.51,7.04,126,65,11.04,High,No,Moderate,1
TXN04872,U04872,33,Other,3.25,5.09,4.12,3.39,4.23,327,97,6.15,High,Yes,Severe,1
TXN04873,U04873,30,Female,4.27,0.94,2.54,1.1,4.76,122,139,6.51,High,Yes,Mild,0
TXN04874,U04874,35,Female,3.02,4.59,4.93,1.03,5.12,216,229,5.56,Low,Yes,Severe,1
TXN04875,U04875,23,Male,4.5,5.78,5.44,5.23,3.07,186,81,6.71,Low,Yes,Moderate,1
TXN04876,U04876,29,Female,3.22,3.64,2.32,1.8,6.28,179,180,4.21,Medium,Yes,Mild,0
TXN04877,U04877,18,Female,9.81,5.91,4.63,1.93,4.1,128,209,11.73,Medium,Yes,Severe,1
TXN04878,U04878,27,Male,10.18,4.19,3.47,2.53,4.83,188,87,12.76,High,No,Moderate,1
TXN04879,U04879,25,Male,4.53,5.88,3.93,1.49,4.58,119,215,6.24,Medium,Yes,Moderate,1
TXN04880,U04880,22,Other,10.23,2.66,5.0,3.26,3.0,232,182,11.11,High,No,Moderate,1
TXN04881,U04881,28,Female,8.93,4.51,4.08,5.15,5.31,263,80,10.94,Medium,No,Moderate,1
TXN04882,U04882,33,Female,10.54,3.81,1.93,5.68,3.0,123,73,11.26,High,No,Moderate,1
TXN04883,U04883,23,Male,7.3,1.11,4.66,2.91,4.67,312,170,9.03,Low,Yes,Moderate,1
TXN04884,U04884,23,Male,7.6,5.58,4.51,4.35,7.22,222,144,8.41,Low,No,Moderate,1
TXN04885,U04885,23,Other,5.38,1.48,3.5,1.9,8.36,27,117,6.96,Low,No,,0
TXN04886,U04886,22,Female,4.21,5.32,3.56,2.62,5.94,299,203,5.68,High,Yes,Moderate,1
TXN04887,U04887,28,Female,9.2,1.15,2.48,4.93,6.48,271,188,10.13,Medium,No,Moderate,1
TXN04888,U04888,20,Female,7.61,0.8,3.35,3.54,4.21,170,171,8.12,Medium,Yes,Mild,0
TXN04889,U04889,25,Male,11.65,4.45,4.17,1.58,6.52,164,105,14.37,High,No,Severe,1
TXN04890,U04890,25,Other,6.88,3.63,2.3,1.53,5.85,181,87,9.35,Medium,Yes,Mild,0
TXN04891,U04891,26,Male,9.38,4.6,5.41,3.88,6.3,297,83,12.12,Low,No,Moderate,1
TXN04892,U04892,25,Male,7.32,1.5,2.52,0.89,5.9,153,161,8.27,Medium,Yes,Mild,0
TXN04893,U04893,27,Female,3.71,4.82,3.27,1.04,5.31,93,205,4.73,Low,Yes,Moderate,1
TXN04894,U04894,25,Other,8.74,5.1,2.55,4.94,6.94,305,82,11.2,Low,Yes,Moderate,1
TXN04895,U04895,34,Other,8.35,1.76,3.53,1.77,3.94,208,101,10.27,High,No,Moderate,1
TXN04896,U04896,32,Other,11.37,0.9,5.26,5.85,3.08,126,124,13.14,High,No,Moderate,1
TXN04897,U04897,18,Other,3.13,5.66,5.65,4.56,4.87,197,130,5.43,Medium,Yes,Severe,1
TXN04898,U04898,29,Male,4.34,1.85,3.87,3.73,8.94,68,149,5.65,Medium,Yes,,0
TXN04899,U04899,32,Male,8.64,1.94,3.75,4.04,6.54,121,214,10.04,Medium,Yes,Moderate,1
TXN04900,U04900,26,Female,5.3,1.46,2.87,4.09,8.79,222,99,8.09,Low,Yes,,0
TXN04901,U04901,21,Other,11.97,5.41,5.06,2.0,3.56,145,176,13.97,High,No,Severe,1
TXN04902,U04902,30,Other,9.28,3.58,3.39,1.24,6.59,154,192,11.94,Medium,No,Moderate,1
TXN04903,U04903,35,Other,4.06,2.97,1.74,1.74,5.35,90,135,5.87,High,Yes,,0
TXN04904,U04904,21,Male,10.14,1.33,5.5,3.36,6.82,212,130,12.59,Medium,No,Moderate,1
TXN04905,U04905,31,Female,8.04,0.99,5.48,5.36,6.03,263,83,9.51,High,Yes,Moderate,1
TXN04906,U04906,19,Other,8.69,5.47,3.76,3.8,3.8,337,237,11.37,Low,Yes,Severe,1
TXN04907,U04907,31,Male,3.59,4.92,4.87,1.13,5.04,325,222,6.49,Medium,Yes,Severe,1
TXN04908,U04908,26,Other,10.73,5.14,5.29,1.16,3.88,187,140,13.29,Medium,Yes,Moderate,1
TXN04909,U04909,33,Male,6.17,2.37,3.42,3.58,4.43,124,93,7.49,High,No,Mild,0
TXN04910,U04910,24,Other,5.04,5.47,6.13,4.59,3.78,193,140,5.87,Low,No,Severe,1
TXN04911,U04911,25,Male,6.16,1.18,3.27,3.53,7.26,223,167,8.69,Medium,No,Mild,0
TXN04912,U04912,27,Female,5.07,3.59,2.79,1.16,6.01,228,109,5.92,Low,No,Mild,0
TXN04913,U04913,31,Female,5.54,2.45,3.74,4.84,7.56,96,173,6.69,Low,No,Mild,0
TXN04914,U04914,30,Female,5.7,2.54,1.07,5.14,4.5,120,147,8.59,High,No,,0
TXN04915,U04915,24,Male,4.45,1.54,2.33,0.53,7.32,161,22,5.13,High,No,,0
TXN04916,U04916,24,Male,8.11,4.5,5.32,5.56,3.0,132,180,11.03,High,No,Severe,1
TXN04917,U04917,24,Male,7.83,4.17,4.03,0.76,4.55,234,107,9.78,Low,No,Severe,1
TXN04918,U04918,31,Female,8.33,5.7,2.53,5.81,5.45,144,221,10.88,Low,No,Severe,1
TXN04919,U04919,25,Other,6.19,1.8,1.28,4.82,5.06,172,115,6.85,Low,Yes,Mild,0
TXN04920,U04920,28,Male,6.19,5.22,6.05,5.02,3.14,229,91,9.08,Low,Yes,Severe,1
TXN04921,U04921,20,Male,7.48,3.66,1.34,5.39,4.23,197,84,10.37,High,Yes,Mild,0
TXN04922,U04922,28,Other,3.67,1.35,0.34,0.6,8.55,153,37,4.83,High,No,,0
TXN04923,U04923,28,Male,6.39,1.84,5.21,0.69,4.05,237,180,7.9,High,No,Moderate,1
TXN04924,U04924,26,Male,10.12,2.62,5.04,2.01,5.18,246,147,11.27,Low,No,Moderate,1
TXN04925,U04925,25,Other,11.43,0.73,5.31,2.0,3.0,295,193,13.96,Low,Yes,Severe,1
TXN04926,U04926,23,Male,6.29,4.6,4.92,5.9,6.99,252,199,8.81,Low,No,Moderate,1
TXN04927,U04927,21,Female,3.81,3.73,0.54,3.18,7.75,46,152,5.55,High,No,,0
TXN04928,U04928,30,Female,6.13,5.04,4.21,2.98,5.12,251,131,8.55,Low,No,Moderate,1
TXN04929,U04929,29,Female,3.73,1.8,4.64,5.23,5.28,122,149,6.08,Low,Yes,Mild,0
TXN04930,U04930,30,Male,6.48,0.81,3.55,4.8,6.96,237,65,8.42,Low,Yes,Moderate,1
TXN04931,U04931,25,Female,6.36,1.04,1.2,1.03,7.24,149,199,8.92,Medium,Yes,Mild,0
TXN04932,U04932,34,Other,11.98,4.92,3.74,0.54,3.23,269,184,13.16,Medium,No,Severe,1
TXN04933,U04933,32,Male,11.62,2.48,3.31,5.33,3.2,152,139,12.16,Low,No,Moderate,1
TXN04934,U04934,18,Female,10.94,0.64,1.96,0.64,4.84,241,134,11.87,Low,Yes,Moderate,1
TXN04935,U04935,22,Female,9.99,0.73,3.6,1.91,3.0,257,125,11.23,Low,No,Severe,1
TXN04936,U04936,34,Female,7.27,2.09,4.28,1.82,4.91,143,75,9.56,Medium,Yes,Moderate,1
TXN04937,U04937,21,Other,8.74,2.65,1.87,2.95,4.04,217,196,11.51,High,No,Moderate,1
TXN04938,U04938,29,Female,11.17,1.4,3.73,5.28,6.54,172,227,13.51,High,No,Moderate,1
TXN04939,U04939,26,Other,3.95,2.1,2.48,0.8,4.78,181,72,6.67,Low,Yes,Mild,0
TXN04940,U04940,30,Other,9.58,2.84,3.45,1.15,6.34,201,129,10.99,High,Yes,Severe,1
TXN04941,U04941,24,Male,5.23,3.23,3.6,3.66,3.92,138,131,8.12,High,Yes,Mild,0
TXN04942,U04942,28,Male,7.69,2.33,2.99,3.95,6.94,259,230,8.64,High,No,Moderate,1
TXN04943,U04943,33,Male,3.41,5.27,3.42,2.76,4.36,140,245,5.29,Medium,Yes,Severe,1
TXN04944,U04944,29,Female,3.88,3.39,1.11,5.99,5.32,112,107,5.03,Medium,Yes,,0
TXN04945,U04945,23,Male,10.97,3.74,1.68,3.96,4.83,152,162,12.83,Medium,Yes,Moderate,1
TXN04946,U04946,21,Male,3.26,2.4,3.81,3.36,6.53,268,201,4.48,Low,No,Mild,0
TXN04947,U04947,27,Female,8.71,1.67,4.08,2.76,4.87,140,144,10.72,Medium,No,Moderate,1
TXN04948,U04948,28,Male,7.44,5.8,5.0,3.66,4.07,176,228,8.68,Medium,Yes,Moderate,1
TXN04949,U04949,20,Other,8.4,3.95,4.74,0.91,3.6,109,76,10.29,Low,Yes,Moderate,1
TXN04950,U04950,33,Other,7.24,5.61,6.27,5.54,3.0,133,204,9.59,High,Yes,Severe,1
TXN04951,U04951,32,Female,11.25,4.31,3.27,2.62,4.83,259,194,12.5,Low,Yes,Moderate,1
TXN04952,U04952,28,Female,3.29,3.49,0.9,3.43,7.49,145,50,5.76,High,Yes,,0
TXN04953,U04953,19,Male,6.24,1.6,3.98,2.04,7.23,222,218,8.04,Medium,Yes,Moderate,1
TXN04954,U04954,28,Other,10.34,5.22,3.11,2.52,4.43,148,176,12.77,High,No,Severe,1
TXN04955,U04955,31,Other,4.38,0.6,1.62,5.12,3.86,57,68,7.16,High,Yes,Mild,0
TXN04956,U04956,35,Female,11.64,5.24,1.84,1.11,3.93,180,147,13.86,Medium,No,Moderate,1
TXN04957,U04957,21,Female,8.63,1.01,4.42,5.44,6.72,186,88,9.88,Medium,No,Moderate,1
TXN04958,U04958,27,Other,5.04,3.22,3.05,0.52,5.66,216,37,5.76,High,Yes,,0
TXN04959,U04959,23,Female,8.8,2.66,3.5,1.07,6.27,293,240,10.49,High,No,Severe,1
TXN04960,U04960,22,Female,6.35,3.2,3.78,1.0,5.9,204,57,6.87,Low,No,Mild,0
TXN04961,U04961,31,Male,6.1,1.73,1.63,1.59,4.86,272,118,7.97,High,Yes,Mild,0
TXN04962,U04962,18,Male,11.32,1.43,3.11,5.53,3.0,158,205,12.98,Low,No,Severe,1
TXN04963,U04963,29,Male,9.03,2.54,5.44,3.49,3.43,153,114,9.85,High,No,Severe,1
TXN04964,U04964,20,Other,7.36,4.54,5.58,3.17,6.36,251,103,8.05,High,No,Moderate,1
TXN04965,U04965,27,Other,11.84,3.1,5.29,5.17,5.12,176,200,13.54,Medium,Yes,Severe,1
TXN04966,U04966,27,Female,9.84,4.18,3.61,4.62,5.45,254,84,11.92,Medium,Yes,Moderate,1
TXN04967,U04967,27,Male,3.78,2.43,3.66,2.39,7.16,81,69,4.77,Low,No,,0
TXN04968,U04968,34,Female,4.45,2.01,0.68,3.76,6.12,59,142,5.1,High,No,,0
TXN04969,U04969,27,Other,11.19,5.69,3.96,1.65,5.06,223,156,12.89,High,No,Severe,1
TXN04970,U04970,21,Other,5.24,0.96,1.08,4.78,4.27,97,58,8.19,High,Yes,Mild,0
TXN04971,U04971,29,Male,11.44,3.43,2.26,2.84,7.29,233,199,12.97,Low,Yes,Moderate,1
TXN04972,U04972,25,Female,11.45,1.06,3.39,3.72,5.3,169,172,13.75,High,No,Severe,1
TXN04973,U04973,18,Female,4.88,3.08,2.18,1.06,8.18,229,37,7.86,High,Yes,,0
TXN04974,U04974,33,Other,3.48,3.14,1.03,1.04,4.05,101,97,5.08,Medium,No,Mild,0
TXN04975,U04975,26,Female,11.93,4.67,5.05,1.17,7.12,284,124,14.32,Low,Yes,Moderate,1
TXN04976,U04976,28,Female,9.28,1.94,4.43,2.66,4.12,148,185,11.62,Low,No,Severe,1
TXN04977,U04977,28,Male,8.72,5.61,4.76,1.3,5.41,154,104,9.41,Low,No,Moderate,1
TXN04978,U04978,33,Male,10.81,2.17,4.33,5.12,6.06,169,122,12.83,High,No,Severe,1
TXN04979,U04979,21,Male,8.08,4.38,3.67,2.61,5.67,349,115,9.95,Low,No,Severe,1
TXN04980,U04980,18,Other,7.67,4.49,4.47,4.94,3.0,294,244,8.85,Low,Yes,Severe,1
TXN04981,U04981,30,Male,9.24,4.33,3.96,5.23,5.67,241,203,11.72,Medium,No,Moderate,1
TXN04982,U04982,21,Other,3.95,5.36,2.49,5.16,6.25,242,222,6.3,Medium,No,Severe,1
TXN04983,U04983,21,Other,6.8,3.17,3.29,2.26,5.02,262,212,8.61,Medium,No,Moderate,1
TXN04984,U04984,35,Other,5.97,4.52,4.6,0.63,6.44,337,184,6.83,High,No,Severe,1
TXN04985,U04985,27,Male,10.27,0.86,5.85,5.71,3.4,304,111,12.44,Low,No,Severe,1
TXN04986,U04986,21,Male,7.89,4.03,2.72,4.23,5.56,250,226,9.61,Medium,Yes,Severe,1
TXN04987,U04987,26,Male,8.53,2.72,3.25,2.56,5.86,268,162,10.46,Medium,Yes,Moderate,1
TXN04988,U04988,21,Female,11.89,5.85,5.44,2.08,3.0,223,233,12.88,High,No,Severe,1
TXN04989,U04989,21,Male,11.69,4.97,4.94,3.86,3.69,130,101,12.46,High,No,Severe,1
TXN04990,U04990,22,Male,4.52,1.99,2.52,0.84,5.5,214,128,7.04,High,Yes,,0
TXN04991,U04991,35,Male,4.04,2.13,2.66,5.71,3.93,55,186,5.53,High,Yes,Mild,0
TXN04992,U04992,23,Male,4.36,4.79,3.87,5.98,4.51,203,174,5.28,Low,No,Moderate,1
TXN04993,U04993,32,Other,4.16,4.91,5.59,0.72,3.89,219,160,6.86,High,Yes,Severe,1
TXN04994,U04994,33,Male,4.93,0.59,1.83,4.16,6.63,85,110,7.89,High,Yes,,0
TXN04995,U04995,30,Male,8.05,1.26,3.44,1.18,4.09,352,103,9.25,High,No,Severe,1
TXN04996,U04996,27,Female,4.22,4.46,4.66,5.51,7.12,199,119,5.85,High,Yes,Moderate,1
TXN04997,U04997,32,Other,4.32,1.42,2.92,5.65,7.01,63,69,6.27,High,No,,0
TXN04998,U04998,32,Male,7.28,5.24,2.86,1.43,6.25,265,109,10.24,Medium,Yes,Moderate,1
TXN04999,U04999,22,Other,8.59,1.69,2.17,0.62,3.87,193,185,10.72,Medium,Yes,Moderate,1
TXN05000,U05000,23,Male,11.99,2.37,4.7,4.53,3.56,96,215,13.78,Low,Yes,Moderate,1
TXN05001,U05001,26,Male,4.69,5.53,2.82,5.03,5.62,289,145,7.39,Medium,No,Severe,1
TXN05002,U05002,35,Female,4.19,3.22,2.23,5.39,6.15,236,141,5.99,High,Yes,Mild,0
TXN05003,U05003,34,Male,7.96,4.36,3.6,4.11,3.26,350,129,8.89,Low,No,Severe,1
TXN05004,U05004,28,Male,3.07,2.74,4.64,1.01,6.83,270,164,4.3,Medium,No,Mild,0
TXN05005,U05005,31,Other,6.92,0.97,1.4,2.4,4.08,165,49,9.45,Low,No,Mild,0
TXN05006,U05006,21,Other,3.91,2.75,2.63,1.48,4.16,204,142,5.94,High,Yes,Mild,0
TXN05007,U05007,23,Other,3.83,3.59,1.88,4.52,5.2,117,64,4.5,Medium,Yes,,0
TXN05008,U05008,22,Male,5.53,1.68,3.14,4.61,8.17,56,128,8.02,High,No,Mild,0
TXN05009,U05009,30,Male,9.71,4.39,3.57,4.72,6.46,284,182,12.48,Low,No,Moderate,1
TXN05010,U05010,34,Other,10.75,3.63,2.55,5.53,3.49,224,126,11.29,Medium,No,Severe,1
TXN05011,U05011,29,Male,7.28,3.67,1.1,2.9,5.85,127,77,9.91,Low,No,Mild,0
TXN05012,U05012,21,Female,5.51,3.05,2.23,0.93,5.54,131,112,8.06,High,Yes,,0
TXN05013,U05013,19,Male,4.72,4.97,5.8,2.11,4.18,342,146,7.04,Low,No,Severe,1
TXN05014,U05014,31,Male,9.01,2.14,5.07,1.24,5.84,205,203,11.51,Low,No,Severe,1
TXN05015,U05015,18,Female,5.52,3.26,4.6,3.64,7.4,122,70,6.69,High,No,Mild,0
TXN05016,U05016,27,Male,6.67,2.67,3.21,0.94,5.95,270,63,7.52,Low,No,Mild,0
TXN05017,U05017,29,Female,11.41,3.22,4.95,3.87,4.25,194,242,13.08,Medium,No,Severe,1
TXN05018,U05018,26,Other,6.41,2.82,3.11,5.65,6.52,237,88,7.46,High,Yes,Moderate,1
TXN05019,U05019,26,Other,11.19,1.67,3.61,1.28,3.0,304,155,13.55,Low,Yes,Severe,1
TXN05020,U05020,27,Female,9.22,1.23,2.82,1.02,3.0,236,196,10.2,High,Yes,Moderate,1
TXN05021,U05021,34,Female,3.9,3.9,2.24,2.82,4.84,94,117,5.85,Medium,Yes,,0
TXN05022,U05022,31,Female,6.18,3.91,3.11,0.68,5.14,192,95,8.59,Low,Yes,Mild,0
TXN05023,U05023,29,Female,3.32,5.46,2.93,4.12,7.21,172,134,6.08,Medium,Yes,Moderate,1
TXN05024,U05024,26,Male,3.34,4.49,4.83,2.14,6.46,163,101,5.5,High,No,Severe,1
TXN05025,U05025,24,Female,11.92,1.05,4.77,4.34,3.34,176,211,13.31,High,No,Moderate,1
TXN05026,U05026,20,Other,8.47,2.92,3.33,2.36,6.99,145,162,11.0,Low,Yes,Moderate,1
TXN05027,U05027,33,Female,9.9,1.63,4.59,4.19,3.0,215,141,11.74,Medium,Yes,Severe,1
TXN05028,U05028,21,Female,7.23,1.36,1.88,2.8,3.23,303,204,8.03,Low,Yes,Moderate,1
TXN05029,U05029,35,Male,7.49,1.48,2.06,3.21,5.05,134,96,8.93,High,No,Moderate,1
TXN05030,U05030,24,Female,6.26,3.95,3.2,5.6,4.71,105,67,7.14,Low,Yes,Mild,0
TXN05031,U05031,24,Female,5.3,4.17,3.12,2.64,6.63,118,116,8.11,Medium,Yes,Moderate,1
TXN05032,U05032,25,Female,8.33,5.75,2.63,4.7,3.0,304,139,9.88,Low,Yes,Moderate,1
TXN05033,U05033,35,Other,5.48,3.57,1.83,2.98,4.69,106,148,8.25,Low,No,Mild,0
TXN05034,U05034,21,Female,11.29,5.18,3.16,1.8,6.42,187,199,14.06,Medium,Yes,Severe,1
TXN05035,U05035,21,Other,7.51,4.21,4.19,2.42,3.75,161,176,10.41,Medium,Yes,Severe,1
TXN05036,U05036,30,Male,3.79,1.59,3.99,2.37,6.85,176,15,6.6,Low,No,,0
TXN05037,U05037,19,Male,7.33,1.2,1.8,4.26,6.08,153,103,8.8,Medium,No,Mild,0
TXN05038,U05038,24,Male,9.81,4.57,5.39,4.29,3.88,177,229,11.75,Medium,No,Severe,1
TXN05039,U05039,21,Female,9.02,1.5,2.75,5.16,4.51,301,113,11.76,Low,No,Moderate,1
TXN05040,U05040,23,Female,7.61,4.6,2.2,4.87,6.89,120,154,10.32,Medium,No,Moderate,1
TXN05041,U05041,19,Female,4.58,4.12,3.53,3.03,6.21,223,161,6.44,Low,Yes,Severe,1
TXN05042,U05042,34,Female,11.78,1.37,4.99,4.87,4.11,280,137,14.6,Low,No,Moderate,1
TXN05043,U05043,35,Male,7.65,1.68,3.97,3.75,3.9,302,224,9.12,Medium,Yes,Moderate,1
TXN05044,U05044,35,Female,9.33,1.77,2.84,1.26,3.43,303,218,11.55,Medium,No,Severe,1
TXN05045,U05045,29,Female,6.78,4.24,5.62,5.23,5.09,291,252,9.38,High,No,Severe,1
TXN05046,U05046,23,Female,7.27,5.04,5.91,5.59,3.0,286,135,9.29,Medium,No,Severe,1
TXN05047,U05047,34,Male,10.51,5.41,4.24,1.19,5.4,213,244,11.21,High,Yes,Severe,1
TXN05048,U05048,25,Female,6.59,2.21,2.58,1.38,4.13,193,168,9.58,Medium,Yes,Mild,0
TXN05049,U05049,32,Other,10.01,0.51,3.11,1.59,5.18,326,186,10.79,High,Yes,Severe,1
TXN05050,U05050,35,Female,4.2,4.14,3.43,1.94,5.4,238,120,6.3,High,Yes,Severe,1
TXN05051,U05051,28,Other,8.51,1.0,3.1,3.48,6.27,269,185,9.3,Low,No,Severe,1
TXN05052,U05052,27,Male,10.3,5.61,6.23,4.63,5.45,225,177,11.11,High,Yes,Severe,1
TXN05053,U05053,27,Other,7.13,4.4,2.37,2.99,3.45,266,106,8.54,Medium,Yes,Moderate,1
TXN05054,U05054,22,Male,3.07,5.61,6.31,5.91,4.41,324,151,6.0,High,No,Severe,1
TXN05055,U05055,31,Other,8.71,4.36,3.1,1.96,4.55,219,209,10.37,Low,No,Moderate,1
TXN05056,U05056,34,Female,10.23,5.82,4.7,2.47,6.72,243,104,12.26,Medium,Yes,Moderate,1
TXN05057,U05057,35,Other,5.55,3.58,1.28,2.23,5.78,60,24,6.85,High,No,,0
TXN05058,U05058,21,Male,4.67,3.27,3.56,4.26,5.51,116,103,6.8,High,Yes,Mild,0
TXN05059,U05059,31,Male,9.72,1.3,2.6,3.95,4.08,280,180,12.64,Medium,No,Severe,1
TXN05060,U05060,22,Other,8.36,2.56,5.72,2.66,3.96,143,179,10.59,High,No,Severe,1
TXN05061,U05061,30,Male,4.85,2.05,1.97,1.8,4.57,125,115,5.96,High,No,,0
TXN05062,U05062,30,Other,8.64,3.0,2.87,3.01,6.31,191,95,9.97,Low,No,Severe,1
TXN05063,U05063,28,Male,4.64,3.29,2.55,2.65,5.05,60,133,5.82,Medium,Yes,,0
TXN05064,U05064,27,Female,3.81,4.69,5.06,5.68,5.41,295,200,5.44,Low,No,Moderate,1
TXN05065,U05065,20,Other,8.3,1.98,5.4,3.61,3.26,128,95,10.31,Low,No,Severe,1
TXN05066,U05066,26,Male,3.45,5.81,3.49,5.97,5.78,264,147,4.52,Medium,No,Moderate,1
TXN05067,U05067,28,Male,10.61,2.31,2.94,5.09,4.07,97,100,13.48,High,Yes,Moderate,1
TXN05068,U05068,29,Female,7.97,1.13,4.5,5.42,8.08,283,98,9.96,Low,Yes,Mild,0
TXN05069,U05069,28,Other,8.72,5.12,2.09,4.92,3.56,283,117,9.88,Low,No,Moderate,1
TXN05070,U05070,33,Male,10.06,5.47,5.84,3.19,6.39,223,188,12.58,Low,Yes,Severe,1
TXN05071,U05071,31,Male,3.48,2.39,4.3,4.41,5.0,145,64,4.2,Low,Yes,Mild,0
TXN05072,U05072,21,Male,8.93,4.49,1.76,3.91,4.13,222,209,11.65,Low,No,Moderate,1
TXN05073,U05073,32,Male,4.71,1.31,1.16,1.1,8.56,111,55,5.6,High,Yes,,0
TXN05074,U05074,26,Female,3.71,5.33,4.89,1.07,4.77,230,209,4.54,Medium,No,Moderate,1
TXN05075,U05075,23,Other,7.25,3.45,5.0,4.49,7.18,194,193,9.12,Medium,Yes,Moderate,1
TXN05076,U05076,26,Other,5.93,2.73,3.32,2.01,3.93,210,95,8.63,High,No,Mild,0
TXN05077,U05077,31,Male,5.97,1.07,3.86,1.84,7.86,242,80,8.52,High,No,,0
TXN05078,U05078,32,Male,8.87,3.54,2.92,5.22,5.16,154,217,11.0,Low,Yes,Moderate,1
TXN05079,U05079,33,Male,10.35,3.11,5.91,4.81,5.05,335,174,13.15,Low,Yes,Severe,1
TXN05080,U05080,20,Female,11.99,3.29,3.38,5.09,7.4,98,195,12.67,High,Yes,Moderate,1
TXN05081,U05081,34,Male,3.5,1.11,1.94,0.52,6.65,123,110,5.74,Medium,No,Mild,0
TXN05082,U05082,22,Female,6.14,3.08,1.96,5.05,6.02,234,149,6.83,Low,Yes,Moderate,1
TXN05083,U05083,22,Male,6.62,5.44,3.7,5.65,3.22,177,156,7.34,Medium,Yes,Moderate,1
TXN05084,U05084,18,Female,7.8,3.32,3.79,4.09,7.83,219,147,9.05,Low,No,Mild,0
TXN05085,U05085,32,Female,4.49,1.48,2.27,5.68,5.63,203,88,5.19,Medium,Yes,Mild,0
TXN05086,U05086,35,Female,8.03,4.47,4.48,3.21,3.54,196,83,10.01,High,Yes,Moderate,1
TXN05087,U05087,33,Male,7.06,0.99,0.84,1.44,7.45,231,89,9.52,High,No,Mild,0
TXN05088,U05088,28,Female,11.45,2.23,5.18,2.41,3.0,200,237,12.64,High,Yes,Severe,1
TXN05089,U05089,31,Male,10.84,3.1,2.51,3.02,5.7,303,198,12.68,Low,Yes,Moderate,1
TXN05090,U05090,19,Female,6.95,5.2,4.65,0.68,5.9,286,212,9.75,Medium,No,Moderate,1
TXN05091,U05091,22,Other,6.32,4.31,6.04,2.73,5.32,229,212,8.61,Low,No,Severe,1
TXN05092,U05092,30,Other,6.44,5.45,5.3,4.82,3.69,252,185,7.48,Medium,Yes,Moderate,1
TXN05093,U05093,18,Female,6.25,1.14,1.42,2.72,7.49,263,151,7.2,Medium,No,Mild,0
TXN05094,U05094,25,Female,5.39,3.38,4.28,4.1,4.89,156,178,6.7,High,No,Mild,0
TXN05095,U05095,18,Male,8.67,3.96,5.42,2.72,5.18,237,149,11.51,High,Yes,Moderate,1
TXN05096,U05096,20,Female,9.04,4.97,2.52,4.54,7.05,166,97,9.78,High,No,Moderate,1
TXN05097,U05097,35,Female,10.01,2.79,5.08,4.61,4.17,196,108,11.16,Medium,No,Moderate,1
TXN05098,U05098,24,Male,3.83,4.49,4.46,4.63,6.36,163,89,5.55,Low,Yes,Moderate,1
TXN05099,U05099,32,Male,8.28,1.91,5.74,2.92,5.69,154,123,10.65,Low,No,Severe,1
TXN05100,U05100,29,Male,10.85,4.66,2.5,5.07,5.55,232,241,13.66,Low,Yes,Severe,1
TXN05101,U05101,34,Male,10.92,3.26,4.16,1.27,3.0,140,212,12.24,Low,No,Severe,1
TXN05102,U05102,22,Male,6.41,3.79,3.9,5.55,7.89,112,111,8.46,High,No,Mild,0
TXN05103,U05103,28,Male,9.43,0.75,3.89,3.55,5.51,272,107,11.71,High,No,Severe,1
TXN05104,U05104,31,Male,11.07,4.83,4.74,5.78,3.0,141,244,13.96,Medium,Yes,Severe,1
TXN05105,U05105,33,Female,4.1,2.8,1.04,3.72,5.97,274,161,4.95,Low,Yes,Mild,0
TXN05106,U05106,35,Female,8.87,2.23,2.64,0.93,3.88,260,148,10.75,High,No,Moderate,1
TXN05107,U05107,35,Other,10.93,1.75,4.97,2.17,7.26,151,163,13.63,Medium,No,Moderate,1
TXN05108,U05108,28,Male,5.21,4.61,5.31,5.25,3.18,212,232,7.68,Low,No,Severe,1
TXN05109,U05109,27,Male,3.03,5.57,3.91,0.65,3.0,236,106,4.96,High,Yes,Severe,1
TXN05110,U05110,34,Other,8.51,4.44,3.9,3.48,4.36,199,163,10.94,Medium,No,Moderate,1
TXN05111,U05111,20,Other,7.98,3.59,3.84,5.31,7.22,298,183,9.23,High,Yes,Moderate,1
TXN05112,U05112,20,Female,4.59,0.86,0.66,4.13,8.22,119,39,7.5,High,Yes,,0
TXN05113,U05113,20,Male,5.95,4.43,1.87,0.94,5.84,250,224,7.05,Low,No,Moderate,1
TXN05114,U05114,19,Male,9.15,0.71,3.34,1.38,6.29,254,240,10.76,High,No,Severe,1
TXN05115,U05115,32,Male,9.68,3.04,4.14,4.58,5.21,286,165,11.79,Low,No,Severe,1
TXN05116,U05116,19,Male,7.31,5.83,2.95,5.95,6.25,139,191,8.77,High,No,Moderate,1
TXN05117,U05117,25,Female,11.47,5.64,4.45,5.37,3.25,206,182,12.36,Low,No,Severe,1
TXN05118,U05118,26,Female,10.28,1.43,2.96,5.27,3.22,113,125,12.66,High,Yes,Moderate,1
TXN05119,U05119,28,Male,7.75,2.87,1.23,1.66,4.55,222,94,8.28,Medium,Yes,Mild,0
TXN05120,U05120,20,Other,4.11,4.11,2.58,1.27,3.83,312,172,5.78,High,Yes,Moderate,1
TXN05121,U05121,21,Other,11.51,4.58,3.08,3.98,6.23,128,84,14.04,Low,Yes,Moderate,1
TXN05122,U05122,35,Other,4.94,4.52,3.63,3.72,3.86,146,117,5.56,High,Yes,Moderate,1
TXN05123,U05123,20,Other,8.67,3.84,6.17,4.96,5.8,130,131,9.21,High,Yes,Severe,1
TXN05124,U05124,34,Other,8.72,3.5,3.46,1.62,3.53,289,222,10.27,High,Yes,Severe,1
TXN05125,U05125,35,Other,3.08,5.88,4.5,4.75,4.29,334,241,4.67,Low,No,Severe,1
TXN05126,U05126,33,Other,8.12,1.48,3.53,1.94,3.0,176,178,10.96,High,No,Severe,1
TXN05127,U05127,26,Male,3.25,4.49,5.52,1.52,5.58,132,127,5.19,Medium,No,Severe,1
TXN05128,U05128,22,Male,11.34,4.02,4.62,3.54,3.0,243,189,13.19,High,Yes,Severe,1
TXN05129,U05129,21,Female,6.02,3.93,3.03,3.3,4.77,224,92,7.2,Low,No,Moderate,1
TXN05130,U05130,26,Female,5.92,2.82,3.07,5.36,4.55,248,84,8.69,Low,Yes,Mild,0
TXN05131,U05131,32,Other,3.52,4.18,2.69,3.11,6.51,351,241,4.96,Low,No,Severe,1
TXN05132,U05132,31,Female,6.5,3.36,1.87,3.72,6.06,210,129,8.18,Low,No,Mild,0
TXN05133,U05133,21,Female,3.86,5.28,5.36,1.42,3.86,253,151,6.6,High,No,Moderate,1
TXN05134,U05134,29,Male,7.69,5.2,3.09,5.39,4.74,330,182,8.25,High,No,Severe,1
TXN05135,U05135,31,Female,3.17,4.54,4.54,4.96,3.39,293,191,5.47,Low,Yes,Severe,1
TXN05136,U05136,28,Other,6.96,2.24,2.41,5.74,5.65,109,151,8.96,High,Yes,Mild,0
TXN05137,U05137,33,Female,11.49,5.74,4.99,0.76,4.01,282,98,13.15,Medium,No,Severe,1
TXN05138,U05138,24,Male,4.76,5.63,3.87,4.25,3.14,176,151,7.23,Low,Yes,Moderate,1
TXN05139,U05139,27,Male,10.78,6.0,4.59,5.9,5.01,124,189,13.03,High,No,Moderate,1
TXN05140,U05140,34,Other,11.82,2.46,5.38,0.61,3.0,353,121,14.39,Low,Yes,Severe,1
TXN05141,U05141,34,Female,10.6,5.82,3.01,1.64,3.0,146,101,12.21,High,No,Severe,1
TXN05142,U05142,34,Female,9.19,2.05,2.96,0.68,5.88,159,94,11.56,Low,Yes,Severe,1
TXN05143,U05143,34,Other,4.56,1.41,1.71,2.17,4.06,185,179,5.29,High,No,Mild,0
TXN05144,U05144,26,Male,3.97,5.51,4.89,4.29,3.47,110,230,5.36,High,Yes,Moderate,1
TXN05145,U05145,26,Male,7.73,4.57,4.64,1.27,3.97,181,159,8.75,High,No,Severe,1
TXN05146,U05146,29,Female,7.02,1.07,3.99,4.93,5.51,192,90,8.31,Medium,No,Mild,0
TXN05147,U05147,27,Male,6.0,1.11,3.34,5.88,6.51,134,82,8.85,High,No,,0
TXN05148,U05148,35,Male,3.23,0.91,1.79,2.83,6.01,230,77,5.54,Medium,No,Mild,0
TXN05149,U05149,25,Male,6.95,3.74,3.97,2.99,6.06,95,134,9.15,Medium,No,Moderate,1
TXN05150,U05150,24,Female,6.55,1.57,2.57,3.6,6.87,98,167,7.66,High,No,Moderate,1
TXN05151,U05151,28,Female,11.48,4.46,4.4,0.71,3.0,163,107,13.99,High,No,Severe,1
TXN05152,U05152,31,Other,9.39,0.88,4.69,4.44,6.21,224,203,11.32,High,Yes,Severe,1
TXN05153,U05153,24,Male,6.5,4.43,5.07,4.37,6.95,238,197,8.49,High,No,Moderate,1
TXN05154,U05154,33,Female,8.93,4.51,3.65,1.79,7.29,152,198,9.61,Low,Yes,Moderate,1
TXN05155,U05155,22,Female,5.52,3.29,1.56,3.85,7.26,93,136,6.67,Medium,No,Mild,0
TXN05156,U05156,28,Other,6.7,5.37,5.31,5.12,3.0,289,174,7.26,Medium,No,Severe,1
TXN05157,U05157,34,Female,10.78,5.06,3.55,5.3,5.89,336,92,13.16,Medium,No,Severe,1
TXN05158,U05158,27,Other,4.63,0.66,2.13,3.64,5.17,97,71,6.78,Low,No,,0
TXN05159,U05159,27,Other,4.73,3.27,2.05,4.84,5.61,204,133,7.4,Low,No,,0
TXN05160,U05160,35,Other,10.8,5.05,4.73,4.87,4.71,287,172,12.09,Low,No,Moderate,1
TXN05161,U05161,32,Female,5.83,5.67,3.1,1.33,4.28,146,171,8.32,High,Yes,Severe,1
TXN05162,U05162,18,Other,4.6,1.51,1.88,4.09,4.74,219,61,5.69,High,Yes,Mild,0
TXN05163,U05163,18,Female,3.54,3.46,0.84,4.28,4.95,92,186,6.09,High,No,Mild,0
TXN05164,U05164,19,Other,6.95,3.73,2.3,5.99,6.32,99,200,7.78,Low,No,Moderate,1
TXN05165,U05165,21,Female,4.98,3.95,4.17,0.5,5.37,223,164,5.62,Low,Yes,Mild,0
TXN05166,U05166,18,Male,10.29,5.35,3.5,1.04,5.88,352,121,12.06,Low,Yes,Severe,1
TXN05167,U05167,25,Male,9.04,5.28,4.58,3.67,3.18,96,97,10.15,Low,Yes,Moderate,1
TXN05168,U05168,22,Male,11.34,3.47,5.31,5.11,6.92,162,112,13.08,Medium,Yes,Moderate,1
TXN05169,U05169,21,Other,9.42,4.8,4.83,0.97,6.72,103,86,11.42,High,No,Moderate,1
TXN05170,U05170,22,Other,11.68,0.5,4.84,3.26,3.44,294,135,14.21,High,Yes,Severe,1
TXN05171,U05171,25,Female,8.72,5.12,4.45,3.9,4.27,270,96,10.78,High,No,Moderate,1
TXN05172,U05172,31,Female,5.17,4.16,3.98,4.11,6.73,282,91,5.94,Medium,Yes,Moderate,1
TXN05173,U05173,32,Other,12.0,0.93,3.57,5.69,3.0,202,233,13.8,Low,No,Severe,1
TXN05174,U05174,29,Female,6.42,1.3,4.1,3.96,5.67,138,226,7.36,Medium,Yes,Moderate,1
TXN05175,U05175,22,Female,8.83,4.18,6.29,3.85,3.0,288,122,9.46,High,No,Severe,1
TXN05176,U05176,31,Female,9.19,3.05,5.27,5.34,4.02,340,108,11.92,Low,No,Severe,1
TXN05177,U05177,18,Male,3.87,0.62,4.71,2.98,5.15,106,103,5.99,Low,No,Mild,0
TXN05178,U05178,32,Other,9.01,0.59,3.82,5.27,5.19,231,176,11.58,High,Yes,Moderate,1
TXN05179,U05179,22,Female,10.37,1.28,5.21,2.09,3.31,161,193,12.75,Medium,No,Severe,1
TXN05180,U05180,19,Male,3.9,4.88,5.39,1.21,3.64,263,157,5.7,High,Yes,Severe,1
TXN05181,U05181,27,Female,5.99,4.05,4.84,1.52,4.07,141,162,8.74,Low,No,Severe,1
TXN05182,U05182,32,Female,9.09,5.14,2.98,1.18,3.9,256,114,10.37,Low,Yes,Severe,1
TXN05183,U05183,25,Male,4.73,2.14,0.83,3.86,5.12,173,131,6.49,High,Yes,,0
TXN05184,U05184,19,Other,11.83,1.47,5.47,0.77,3.63,164,101,13.94,Medium,No,Severe,1
TXN05185,U05185,34,Other,3.09,1.54,1.82,2.37,7.33,166,131,5.43,Medium,Yes,Mild,0
TXN05186,U05186,26,Other,9.29,4.77,4.68,5.69,4.03,314,140,11.67,High,No,Moderate,1
TXN05187,U05187,18,Other,8.34,2.04,3.86,5.67,3.0,318,224,9.37,Low,No,Severe,1
TXN05188,U05188,27,Male,11.13,5.5,3.13,3.33,3.0,287,236,12.47,High,No,Severe,1
TXN05189,U05189,32,Male,11.55,5.49,5.96,5.04,3.95,181,90,14.18,High,No,Severe,1
TXN05190,U05190,27,Other,11.75,3.42,4.3,4.41,3.2,201,115,13.62,Low,Yes,Moderate,1
TXN05191,U05191,28,Male,9.48,3.6,2.24,1.06,3.37,312,194,11.46,Medium,No,Moderate,1
TXN05192,U05192,21,Male,11.65,2.89,5.17,2.53,6.94,184,164,12.71,High,No,Moderate,1
TXN05193,U05193,19,Female,11.41,2.12,4.32,1.56,4.34,308,75,12.11,Medium,No,Moderate,1
TXN05194,U05194,29,Other,10.53,4.66,5.27,3.62,5.92,192,189,13.47,Medium,Yes,Severe,1
TXN05195,U05195,22,Male,9.21,1.57,5.12,3.89,5.75,219,211,11.89,Medium,Yes,Severe,1
TXN05196,U05196,31,Female,11.28,2.5,5.15,4.63,6.16,227,169,11.81,Low,Yes,Severe,1
TXN05197,U05197,28,Female,7.58,1.13,1.26,0.81,6.27,159,157,9.51,High,Yes,Mild,0
TXN05198,U05198,31,Female,11.36,1.75,2.73,2.83,7.03,218,145,12.07,Medium,Yes,Moderate,1
TXN05199,U05199,27,Female,7.0,3.97,1.08,4.55,4.71,118,146,9.35,Low,Yes,Mild,0
TXN05200,U05200,35,Other,11.49,3.13,5.49,0.75,3.07,316,175,12.08,Medium,Yes,Severe,1
TXN05201,U05201,29,Other,11.29,3.86,5.95,3.95,4.97,285,190,12.06,Medium,No,Severe,1
TXN05202,U05202,33,Male,6.39,5.81,5.07,2.54,4.13,225,168,7.96,Low,Yes,Severe,1
TXN05203,U05203,23,Male,10.93,1.22,5.52,2.73,3.0,150,249,13.85,Low,Yes,Severe,1
TXN05204,U05204,31,Male,6.49,5.71,6.32,2.8,3.14,280,104,7.93,High,Yes,Severe,1
TXN05205,U05205,33,Female,9.13,4.67,6.11,4.16,3.96,307,204,10.66,Medium,No,Severe,1
TXN05206,U05206,29,Female,9.24,4.59,5.43,3.96,4.78,97,105,10.13,Low,Yes,Moderate,1
TXN05207,U05207,26,Male,10.33,2.37,4.19,1.97,3.28,147,206,11.91,High,Yes,Severe,1
TXN05208,U05208,27,Other,10.2,4.0,1.7,3.77,7.04,255,187,11.98,Low,Yes,Moderate,1
TXN05209,U05209,18,Male,7.42,0.57,3.33,4.62,5.28,250,146,10.34,Low,No,Mild,0
TXN05210,U05210,19,Other,7.8,2.31,4.0,1.6,5.95,104,166,9.72,High,Yes,Moderate,1
TXN05211,U05211,35,Other,11.55,2.5,5.36,0.98,3.0,174,93,14.41,High,No,Severe,1
TXN05212,U05212,30,Female,4.92,4.31,5.46,5.63,3.0,200,158,5.66,Medium,Yes,Severe,1
TXN05213,U05213,21,Other,4.81,0.52,0.8,2.06,6.07,166,122,5.53,Low,No,,0
TXN05214,U05214,35,Other,11.26,2.23,5.01,5.42,6.58,299,239,13.07,High,No,Severe,1
TXN05215,U05215,26,Other,10.04,5.17,3.08,4.7,3.2,242,107,12.61,High,Yes,Severe,1
TXN05216,U05216,25,Other,6.04,2.05,5.05,1.95,4.11,291,203,8.8,High,Yes,Moderate,1
TXN05217,U05217,32,Other,11.16,1.61,2.65,1.19,5.46,207,123,12.65,Medium,No,Severe,1
TXN05218,U05218,34,Male,4.53,2.12,3.73,2.71,4.73,109,52,5.93,Low,Yes,Mild,0
TXN05219,U05219,32,Other,8.56,2.89,5.92,5.85,3.19,318,140,11.54,High,No,Severe,1
TXN05220,U05220,25,Female,6.55,4.7,2.93,0.72,6.18,320,80,9.03,Medium,Yes,Moderate,1
TXN05221,U05221,24,Male,4.08,5.17,2.21,1.47,6.17,193,112,4.89,Low,No,Moderate,1
TXN05222,U05222,29,Male,11.63,0.99,5.59,0.59,6.53,249,169,13.67,Low,Yes,Severe,1
TXN05223,U05223,30,Female,7.54,3.42,3.4,1.23,5.9,220,179,8.12,Medium,No,Moderate,1
TXN05224,U05224,28,Other,10.93,1.78,2.08,5.14,5.02,253,214,13.18,Medium,Yes,Moderate,1
TXN05225,U05225,30,Male,3.37,3.66,2.66,1.95,6.6,137,190,5.79,Medium,No,Mild,0
TXN05226,U05226,31,Male,9.31,1.12,5.04,5.33,5.79,198,117,10.42,Low,No,Moderate,1
TXN05227,U05227,20,Male,10.6,4.27,3.25,1.49,3.0,352,192,12.34,Medium,No,Severe,1
TXN05228,U05228,19,Other,7.88,2.76,4.71,1.59,3.83,240,109,10.8,Low,No,Mild,0
TXN05229,U05229,28,Other,9.57,4.6,2.7,2.11,7.15,174,90,11.64,High,No,Moderate,1
TXN05230,U05230,23,Female,3.66,0.86,2.05,1.86,5.4,195,128,5.48,Low,Yes,Mild,0
TXN05231,U05231,30,Female,11.43,5.84,3.31,4.55,5.29,247,118,12.07,Low,No,Moderate,1
TXN05232,U05232,18,Other,5.16,3.28,1.81,3.22,8.31,237,83,6.24,High,No,,0
TXN05233,U05233,34,Female,10.67,2.55,3.4,2.05,6.95,283,151,13.12,Medium,Yes,Moderate,1
TXN05234,U05234,34,Other,7.85,3.14,2.62,1.04,5.52,149,204,8.46,Medium,No,Moderate,1
TXN05235,U05235,34,Other,8.31,1.78,5.91,3.37,5.83,335,102,11.09,Low,No,Severe,1
TXN05236,U05236,25,Other,12.0,1.76,4.41,3.74,6.82,286,161,13.63,Medium,Yes,Moderate,1
TXN05237,U05237,26,Other,4.63,0.72,2.06,3.81,6.35,105,89,6.97,High,No,,0
TXN05238,U05238,24,Female,10.04,3.33,6.36,5.53,3.75,354,195,11.12,Medium,Yes,Severe,1
TXN05239,U05239,34,Female,3.37,4.79,5.51,5.78,5.03,330,231,4.02,High,No,Severe,1
TXN05240,U05240,22,Male,8.27,2.54,2.35,1.94,3.38,229,66,10.17,Medium,No,Moderate,1
TXN05241,U05241,34,Male,8.16,1.04,5.25,2.41,6.1,224,223,9.66,High,No,Severe,1
TXN05242,U05242,35,Other,11.4,5.15,3.94,4.53,3.0,151,217,14.15,High,No,Severe,1
TXN05243,U05243,21,Other,3.27,2.71,1.58,1.21,7.77,271,110,4.83,Low,Yes,Mild,0
TXN05244,U05244,33,Male,7.89,2.78,4.19,2.34,6.18,162,140,9.54,Low,No,Mild,0
TXN05245,U05245,22,Female,10.79,1.11,5.11,1.42,3.55,234,111,12.18,Medium,No,Severe,1
TXN05246,U05246,21,Male,7.9,2.41,3.19,2.76,4.62,95,163,10.25,Low,Yes,Mild,0
TXN05247,U05247,33,Male,3.99,2.56,1.68,5.86,5.39,196,170,5.76,Medium,No,,0
TXN05248,U05248,33,Female,10.08,1.51,2.69,4.34,6.3,170,203,12.44,High,Yes,Moderate,1
TXN05249,U05249,22,Other,6.1,2.65,4.58,5.12,6.71,204,81,7.86,Low,Yes,Moderate,1
TXN05250,U05250,32,Other,6.97,5.09,3.94,1.14,3.52,175,224,7.6,Medium,Yes,Severe,1
TXN05251,U05251,30,Male,10.92,1.11,3.67,3.66,5.45,232,124,13.14,Medium,No,Moderate,1
TXN05252,U05252,31,Other,8.77,5.02,5.07,5.38,3.11,294,232,11.51,High,No,Severe,1
TXN05253,U05253,24,Other,6.37,2.18,5.01,5.61,5.19,170,205,7.6,Low,No,Moderate,1
TXN05254,U05254,26,Other,11.31,1.49,4.38,5.59,5.11,235,205,12.6,High,No,Severe,1
TXN05255,U05255,34,Male,3.69,5.83,6.4,1.67,4.76,158,168,6.23,Low,Yes,Severe,1
TXN05256,U05256,24,Male,10.23,5.8,4.24,5.12,5.24,243,227,11.48,Medium,Yes,Moderate,1
TXN05257,U05257,34,Other,5.67,4.88,3.33,3.86,3.0,157,113,6.96,High,No,Severe,1
TXN05258,U05258,26,Male,9.4,5.05,3.05,5.7,3.0,167,93,11.87,Medium,Yes,Severe,1
TXN05259,U05259,19,Female,4.08,0.76,0.63,2.07,8.99,115,53,6.84,Low,Yes,,0
TXN05260,U05260,30,Female,4.38,2.1,2.64,4.9,7.47,94,49,5.94,Medium,No,Mild,0
TXN05261,U05261,31,Female,10.04,0.8,3.16,5.84,4.08,142,103,11.95,Medium,No,Severe,1
TXN05262,U05262,25,Male,11.18,5.34,6.21,1.21,3.64,304,205,13.07,High,Yes,Severe,1
TXN05263,U05263,21,Other,7.28,4.74,5.77,4.29,6.4,214,254,8.79,Low,Yes,Severe,1
TXN05264,U05264,20,Male,7.51,3.18,2.12,4.88,7.13,147,180,9.48,Low,No,Mild,0
TXN05265,U05265,24,Male,7.2,1.97,2.81,3.05,6.29,177,60,8.56,Medium,Yes,Mild,0
TXN05266,U05266,19,Other,10.46,1.92,4.35,4.81,5.65,318,164,11.07,High,No,Severe,1
TXN05267,U05267,28,Male,10.23,0.71,2.62,5.46,6.25,352,228,13.06,Low,No,Severe,1
TXN05268,U05268,20,Male,3.49,4.85,3.44,2.11,3.88,293,194,4.48,High,No,Moderate,1
TXN05269,U05269,21,Female,9.51,5.44,3.49,6.0,7.27,190,69,11.88,Medium,Yes,Moderate,1
TXN05270,U05270,30,Female,8.29,5.42,3.95,0.79,3.0,184,164,9.14,Low,No,Severe,1
TXN05271,U05271,25,Other,3.28,4.38,4.4,6.0,6.58,153,110,5.16,Low,Yes,Severe,1
TXN05272,U05272,34,Female,7.89,1.56,3.96,1.56,4.47,219,112,10.07,Low,No,Moderate,1
TXN05273,U05273,34,Male,11.27,5.24,3.72,1.28,4.39,248,96,13.29,Medium,Yes,Moderate,1
TXN05274,U05274,21,Female,10.09,1.32,5.45,3.54,3.0,320,147,12.14,High,No,Severe,1
TXN05275,U05275,20,Female,9.99,5.35,4.29,2.55,3.54,331,162,10.56,Medium,No,Severe,1
TXN05276,U05276,29,Other,4.73,2.12,1.25,1.61,8.14,213,50,7.26,Low,Yes,Mild,0
TXN05277,U05277,21,Other,5.5,1.08,3.56,5.26,5.82,196,157,7.29,Medium,No,Mild,0
TXN05278,U05278,24,Female,9.2,5.53,1.6,5.08,7.18,282,142,10.55,High,No,Moderate,1
TXN05279,U05279,29,Female,5.07,1.68,0.83,5.47,8.32,196,162,7.75,Low,No,,0
TXN05280,U05280,27,Female,5.47,5.72,4.49,1.16,7.03,186,216,6.76,Low,No,Moderate,1
TXN05281,U05281,23,Other,11.32,0.76,3.92,4.77,7.36,273,195,12.75,Medium,Yes,Moderate,1
TXN05282,U05282,33,Male,11.2,3.29,3.9,1.8,7.38,270,220,12.88,Medium,No,Moderate,1
TXN05283,U05283,24,Other,11.91,3.22,4.62,2.66,4.35,332,123,13.48,Low,No,Severe,1
TXN05284,U05284,22,Female,5.37,0.88,2.12,5.54,6.53,220,102,6.15,Low,No,Mild,0
TXN05285,U05285,27,Male,11.88,2.3,5.59,5.94,3.58,151,175,13.84,High,Yes,Severe,1
TXN05286,U05286,25,Male,11.41,2.81,4.73,1.39,7.3,318,163,12.1,High,No,Moderate,1
TXN05287,U05287,21,Male,7.37,1.08,5.35,3.96,4.0,128,207,10.09,Medium,No,Moderate,1
TXN05288,U05288,35,Female,8.54,3.38,3.49,2.93,5.86,109,95,9.95,Medium,No,Moderate,1
TXN05289,U05289,27,Other,4.93,1.84,2.56,3.41,6.84,80,113,7.54,Medium,Yes,,0
TXN05290,U05290,32,Female,5.27,1.08,4.07,3.52,6.18,90,181,7.49,High,No,Mild,0
TXN05291,U05291,21,Female,8.29,5.99,4.59,5.03,4.95,300,139,8.92,Medium,No,Severe,1
TXN05292,U05292,35,Male,6.66,4.08,3.12,5.23,4.03,280,115,9.25,Low,Yes,Moderate,1
TXN05293,U05293,18,Other,6.67,2.71,0.89,4.08,5.9,212,168,7.77,Low,No,Mild,0
TXN05294,U05294,18,Other,4.63,3.27,3.47,5.58,6.39,106,170,6.85,Low,No,Mild,0
TXN05295,U05295,22,Other,10.5,4.71,1.82,0.91,3.38,317,106,11.42,Medium,No,Moderate,1
TXN05296,U05296,32,Male,7.16,3.7,3.38,1.51,5.81,105,148,8.25,Medium,Yes,Mild,0
TXN05297,U05297,18,Male,5.93,1.71,3.37,1.26,4.72,37,177,6.65,High,Yes,,0
TXN05298,U05298,18,Female,7.32,3.39,4.55,5.63,6.66,266,59,9.39,Low,Yes,Mild,0
TXN05299,U05299,24,Female,9.72,4.67,5.57,2.78,6.35,335,114,10.37,Low,No,Severe,1
TXN05300,U05300,23,Female,11.17,0.76,2.99,0.78,5.55,237,85,11.84,High,No,Moderate,1
TXN05301,U05301,34,Male,3.25,4.92,4.11,0.96,6.02,304,147,3.81,High,No,Moderate,1
TXN05302,U05302,23,Female,9.53,2.39,4.96,1.12,3.65,218,181,11.97,Medium,Yes,Moderate,1
TXN05303,U05303,32,Male,10.22,1.57,2.62,3.17,4.61,237,247,12.19,Medium,Yes,Severe,1
TXN05304,U05304,20,Male,3.28,2.53,1.21,1.91,7.67,148,45,5.75,Medium,No,,0
TXN05305,U05305,29,Female,8.0,4.87,2.78,4.48,4.43,242,81,10.54,Medium,No,Moderate,1
TXN05306,U05306,23,Female,5.71,5.27,4.86,3.9,3.0,171,148,7.92,High,No,Severe,1
TXN05307,U05307,18,Male,10.25,4.67,4.71,0.89,4.28,174,181,12.58,Low,No,Severe,1
TXN05308,U05308,29,Female,7.75,2.32,3.81,1.05,4.57,205,186,8.46,Low,No,Moderate,1
TXN05309,U05309,33,Male,6.84,5.43,5.24,5.93,4.98,104,164,7.6,Low,No,Moderate,1
TXN05310,U05310,25,Other,3.19,1.64,3.62,2.42,6.23,190,76,5.84,Low,No,Mild,0
TXN05311,U05311,18,Female,3.08,3.07,3.45,5.19,6.23,49,124,5.09,Low,No,,0
TXN05312,U05312,32,Female,5.95,0.83,2.56,5.81,4.15,131,118,7.04,High,No,Mild,0
TXN05313,U05313,23,Female,6.6,1.46,3.89,3.78,5.25,204,173,7.37,Low,Yes,Mild,0
TXN05314,U05314,27,Male,11.54,2.25,3.75,1.49,5.43,342,248,12.44,Medium,No,Severe,1
TXN05315,U05315,24,Male,6.33,3.9,4.66,4.06,4.23,262,140,6.89,Low,Yes,Mild,0
TXN05316,U05316,25,Other,10.4,5.93,4.74,3.94,5.16,107,203,12.08,High,No,Moderate,1
TXN05317,U05317,25,Male,3.53,0.82,3.92,5.73,4.33,136,181,4.78,Low,Yes,Mild,0
TXN05318,U05318,28,Male,3.23,5.98,2.69,4.38,5.9,90,150,5.94,Low,No,Moderate,1
TXN05319,U05319,29,Female,9.67,4.54,5.05,3.36,6.28,206,115,11.32,High,No,Moderate,1
TXN05320,U05320,18,Other,5.37,1.13,0.91,6.0,7.4,160,66,7.11,Low,Yes,Mild,0
TXN05321,U05321,32,Male,9.85,0.68,5.78,2.31,3.11,340,139,12.25,Low,Yes,Severe,1
TXN05322,U05322,34,Other,11.84,2.05,2.48,3.41,5.43,206,101,12.77,Low,Yes,Severe,1
TXN05323,U05323,27,Male,9.38,5.11,2.08,2.39,4.6,103,120,11.93,Low,No,Moderate,1
TXN05324,U05324,33,Female,5.31,3.33,3.56,1.32,6.92,231,29,6.01,Low,Yes,,0
TXN05325,U05325,22,Other,6.64,5.21,2.59,4.13,5.16,233,210,8.57,High,No,Severe,1
TXN05326,U05326,32,Male,3.94,4.66,4.13,3.8,6.55,161,184,4.48,Low,No,Severe,1
TXN05327,U05327,31,Other,6.08,4.84,3.39,4.45,6.09,156,215,8.32,High,Yes,Moderate,1
TXN05328,U05328,29,Male,3.98,0.54,4.5,3.98,4.05,181,171,4.97,Low,No,Mild,0
TXN05329,U05329,19,Female,8.32,1.58,4.68,2.84,3.4,194,157,10.09,High,Yes,Moderate,1
TXN05330,U05330,30,Other,11.8,2.82,5.0,2.98,3.0,215,177,14.02,Medium,No,Severe,1
TXN05331,U05331,24,Other,8.48,4.92,4.31,3.45,5.86,353,197,9.65,Low,Yes,Severe,1
TXN05332,U05332,26,Female,5.76,2.01,1.53,3.35,5.21,272,120,7.74,Low,Yes,Mild,0
TXN05333,U05333,21,Other,7.4,5.06,3.91,4.25,3.51,273,90,10.01,High,Yes,Severe,1
TXN05334,U05334,24,Male,4.45,0.55,3.85,1.62,7.8,120,99,7.17,Low,No,,0
TXN05335,U05335,21,Male,4.19,2.67,3.18,1.48,6.44,220,74,5.02,High,No,Mild,0
TXN05336,U05336,25,Female,5.79,3.44,1.9,4.25,4.7,76,41,6.35,High,No,,0
TXN05337,U05337,29,Other,4.78,5.55,5.26,4.65,3.38,125,164,6.12,Low,No,Moderate,1
TXN05338,U05338,18,Male,6.62,1.93,3.29,5.26,4.86,309,171,8.04,Medium,Yes,Moderate,1
TXN05339,U05339,20,Male,8.8,1.68,3.37,3.71,4.93,198,141,10.21,Medium,Yes,Moderate,1
TXN05340,U05340,23,Other,5.69,3.54,3.4,2.88,8.51,39,97,7.07,High,Yes,,0
TXN05341,U05341,25,Other,11.62,5.87,4.38,3.92,4.01,186,199,14.41,High,Yes,Moderate,1
TXN05342,U05342,23,Female,8.19,2.88,4.5,1.48,3.0,297,86,10.62,High,Yes,Moderate,1
TXN05343,U05343,18,Other,10.32,4.41,3.16,2.77,5.48,276,163,12.87,Medium,Yes,Severe,1
TXN05344,U05344,24,Female,6.84,3.15,2.79,1.53,7.21,174,180,7.63,High,No,Moderate,1
TXN05345,U05345,31,Male,7.86,3.12,5.57,4.28,3.09,107,109,10.61,Low,No,Moderate,1
TXN05346,U05346,33,Male,3.81,5.9,4.76,5.13,3.39,204,137,5.93,High,Yes,Severe,1
TXN05347,U05347,23,Male,5.45,0.72,0.84,1.42,6.77,150,122,8.3,High,No,Mild,0
TXN05348,U05348,23,Male,3.45,2.93,4.72,0.99,6.2,192,51,4.9,High,Yes,Mild,0
TXN05349,U05349,25,Other,8.57,3.8,4.15,2.65,5.07,171,115,9.39,High,Yes,Moderate,1
TXN05350,U05350,33,Female,9.31,2.37,3.89,2.49,5.28,119,214,11.71,High,No,Moderate,1
TXN05351,U05351,31,Female,10.43,4.25,5.95,1.13,6.0,258,91,13.03,High,No,Severe,1
TXN05352,U05352,19,Male,9.32,2.82,5.4,3.81,4.53,192,215,10.42,Low,Yes,Severe,1
TXN05353,U05353,33,Female,10.65,5.62,3.36,0.89,4.57,233,97,11.49,Low,No,Moderate,1
TXN05354,U05354,19,Female,6.09,2.64,3.25,5.85,8.16,212,45,8.48,Medium,No,Mild,0
TXN05355,U05355,19,Male,9.29,0.54,4.22,2.49,3.42,295,150,10.6,High,Yes,Severe,1
TXN05356,U05356,22,Other,11.61,5.68,1.7,5.12,6.2,151,114,14.51,High,No,Moderate,1
TXN05357,U05357,35,Other,5.15,3.72,3.18,5.5,7.41,183,71,7.48,Low,No,Mild,0
TXN05358,U05358,19,Female,3.5,3.23,1.69,1.29,4.44,285,201,4.63,Low,Yes,Mild,0
TXN05359,U05359,19,Male,11.61,3.97,3.25,2.57,6.45,276,161,12.79,Low,No,Severe,1
TXN05360,U05360,22,Other,4.42,2.83,3.73,1.32,8.39,184,77,5.47,High,Yes,,0
TXN05361,U05361,30,Other,3.4,5.37,5.15,1.69,3.0,293,204,4.73,Low,No,Severe,1
TXN05362,U05362,24,Other,5.75,2.0,3.63,5.01,5.49,179,144,8.25,High,Yes,,0
TXN05363,U05363,22,Female,5.6,5.51,5.04,2.04,5.76,168,243,7.19,Low,No,Severe,1
TXN05364,U05364,23,Other,4.24,4.33,2.51,0.67,5.69,240,190,6.66,High,Yes,Moderate,1
TXN05365,U05365,23,Female,8.5,2.74,4.16,2.52,3.0,214,177,9.67,High,No,Severe,1
TXN05366,U05366,27,Female,4.27,5.98,5.22,3.05,3.9,127,174,6.18,Low,Yes,Moderate,1
TXN05367,U05367,35,Other,4.92,3.17,1.41,5.94,6.51,181,71,6.65,Medium,Yes,,0
TXN05368,U05368,24,Female,11.8,0.92,5.86,5.86,3.58,154,127,14.45,Medium,No,Severe,1
TXN05369,U05369,30,Male,7.0,2.44,2.57,2.45,4.18,277,162,7.73,High,Yes,Mild,0
TXN05370,U05370,25,Male,5.09,2.68,3.09,4.09,6.17,24,46,6.1,High,No,,0
TXN05371,U05371,25,Male,9.56,0.96,5.18,2.93,6.6,125,71,12.4,High,Yes,Moderate,1
TXN05372,U05372,20,Other,11.79,3.0,6.26,3.47,3.0,157,251,13.37,Low,No,Severe,1
TXN05373,U05373,35,Other,9.26,4.03,3.28,0.5,5.06,249,224,12.19,Medium,No,Moderate,1
TXN05374,U05374,34,Male,10.69,2.22,3.32,5.71,5.49,249,210,13.09,High,Yes,Moderate,1
TXN05375,U05375,22,Female,8.56,3.39,4.73,1.64,5.97,206,93,11.1,Low,Yes,Severe,1
TXN05376,U05376,24,Female,4.16,4.45,4.03,5.16,6.25,138,97,4.8,Low,Yes,Moderate,1
TXN05377,U05377,28,Female,10.02,1.61,3.35,4.3,3.86,339,245,10.7,Low,No,Severe,1
TXN05378,U05378,21,Other,11.83,2.36,5.58,2.62,6.63,288,129,14.64,Medium,Yes,Moderate,1
TXN05379,U05379,31,Male,9.99,5.6,4.78,3.59,4.05,129,103,11.81,Low,No,Severe,1
TXN05380,U05380,24,Male,4.69,2.79,2.97,5.05,6.77,240,151,5.96,High,Yes,,0
TXN05381,U05381,26,Male,8.58,1.85,5.12,5.05,7.25,144,208,10.37,High,Yes,Moderate,1
TXN05382,U05382,18,Male,5.8,5.33,2.69,3.27,6.65,127,125,8.14,Low,No,Moderate,1
TXN05383,U05383,18,Male,8.97,3.92,3.57,4.6,6.68,249,226,11.84,High,Yes,Moderate,1
TXN05384,U05384,21,Other,3.35,5.82,5.43,0.53,3.97,137,243,5.08,High,No,Severe,1
TXN05385,U05385,18,Male,5.53,4.21,2.22,0.68,4.87,309,182,8.11,Medium,No,Moderate,1
TXN05386,U05386,19,Female,3.45,5.75,3.74,0.92,5.37,327,251,4.65,Low,Yes,Severe,1
TXN05387,U05387,25,Male,4.48,0.94,3.55,3.15,7.62,184,103,5.01,Medium,Yes,,0
TXN05388,U05388,22,Other,11.78,3.02,6.26,0.72,5.08,204,156,13.57,Low,No,Severe,1
TXN05389,U05389,24,Other,11.93,0.55,5.56,2.69,4.86,221,186,14.8,High,No,Moderate,1
TXN05390,U05390,18,Male,11.34,1.6,3.05,5.12,5.06,248,185,13.2,High,Yes,Severe,1
TXN05391,U05391,21,Other,7.0,0.68,4.89,4.83,5.67,229,91,7.51,High,No,Moderate,1
TXN05392,U05392,34,Male,4.14,5.94,3.23,5.9,5.15,343,176,5.96,Low,Yes,Severe,1
TXN05393,U05393,22,Male,5.05,2.1,3.05,1.29,5.86,24,46,6.2,Medium,Yes,,0
TXN05394,U05394,29,Male,6.43,2.65,2.95,2.91,4.8,276,168,7.2,High,Yes,Moderate,1
TXN05395,U05395,33,Male,5.32,2.16,0.5,3.48,5.56,177,152,7.9,High,Yes,,0
TXN05396,U05396,21,Other,6.92,2.77,3.16,5.71,3.0,128,165,9.08,High,No,Moderate,1
TXN05397,U05397,35,Other,6.11,3.96,2.01,5.05,4.81,272,174,6.9,Medium,No,Moderate,1
TXN05398,U05398,35,Other,5.93,4.3,3.42,2.84,6.43,234,105,8.73,Medium,Yes,Moderate,1
TXN05399,U05399,23,Female,7.26,5.68,5.19,2.76,6.49,196,229,8.22,High,No,Severe,1
TXN05400,U05400,30,Female,5.19,2.12,1.81,3.57,5.27,32,42,6.17,High,No,,0
TXN05401,U05401,23,Other,11.74,4.58,4.49,1.79,3.0,192,134,14.43,Low,No,Severe,1
TXN05402,U05402,29,Male,5.05,5.32,2.23,4.1,5.76,176,186,5.89,Medium,No,Moderate,1
TXN05403,U05403,19,Male,4.31,4.61,2.37,1.98,3.8,292,189,5.97,Low,Yes,Moderate,1
TXN05404,U05404,20,Female,10.56,5.35,2.32,3.26,4.29,309,210,12.59,Medium,No,Moderate,1
TXN05405,U05405,23,Female,7.37,3.56,1.8,1.6,5.58,183,137,8.56,High,Yes,Moderate,1
TXN05406,U05406,32,Male,11.03,2.6,5.22,2.88,4.96,328,98,13.19,High,No,Severe,1
TXN05407,U05407,30,Female,6.13,1.23,2.41,5.29,4.83,176,90,7.84,Medium,Yes,Mild,0
TXN05408,U05408,21,Female,6.27,1.8,3.4,5.68,6.28,216,80,8.69,Low,No,Moderate,1
TXN05409,U05409,19,Male,6.66,3.78,4.02,3.94,5.49,226,92,8.45,High,Yes,Mild,0
TXN05410,U05410,28,Female,10.48,5.7,5.39,5.83,5.84,200,76,13.39,Low,Yes,Moderate,1
TXN05411,U05411,31,Male,3.5,4.01,1.76,3.24,4.91,210,125,6.25,Medium,Yes,Moderate,1
TXN05412,U05412,31,Female,10.51,4.04,4.14,2.97,4.83,193,188,12.62,Low,Yes,Severe,1
TXN05413,U05413,25,Female,9.65,3.71,2.71,5.89,7.31,158,221,11.92,Low,No,Moderate,1
TXN05414,U05414,19,Female,4.68,3.58,3.24,3.59,4.38,222,84,5.53,Medium,No,Mild,0
TXN05415,U05415,27,Female,10.93,1.09,6.05,4.45,6.59,342,101,12.73,High,Yes,Severe,1
TXN05416,U05416,18,Male,5.09,1.78,0.05,4.05,7.69,117,35,7.87,High,Yes,,0
TXN05417,U05417,24,Female,5.24,1.6,2.09,4.88,6.1,123,96,6.21,High,No,Mild,0
TXN05418,U05418,26,Female,10.33,4.81,1.98,2.16,7.28,196,89,12.81,Low,No,Moderate,1
TXN05419,U05419,21,Female,6.25,3.06,3.41,0.6,5.89,266,190,7.38,Low,No,Mild,0
TXN05420,U05420,18,Female,9.02,5.96,5.51,1.05,4.45,309,80,10.5,Low,Yes,Moderate,1
TXN05421,U05421,35,Other,8.26,4.35,1.87,3.12,7.36,214,154,10.28,Medium,Yes,Moderate,1
TXN05422,U05422,18,Other,4.64,1.12,2.28,2.98,6.51,217,122,5.9,High,No,,0
TXN05423,U05423,27,Other,9.21,2.75,2.51,2.72,3.89,161,169,10.8,Low,No,Severe,1
TXN05424,U05424,29,Male,3.58,5.15,2.67,4.86,5.99,253,251,4.15,Medium,Yes,Severe,1
TXN05425,U05425,22,Other,10.32,5.57,5.05,3.25,3.83,249,223,11.68,Low,Yes,Severe,1
TXN05426,U05426,20,Other,8.46,5.45,3.76,4.03,4.1,186,124,11.23,High,Yes,Moderate,1
TXN05427,U05427,22,Female,11.39,2.98,4.85,3.86,4.91,158,96,12.15,Low,Yes,Moderate,1
TXN05428,U05428,34,Male,7.52,4.51,2.77,3.71,3.78,190,227,9.6,Low,No,Moderate,1
TXN05429,U05429,25,Other,11.92,2.16,2.62,0.65,5.2,274,195,12.82,Medium,Yes,Moderate,1
TXN05430,U05430,25,Female,7.9,2.38,1.34,5.58,4.68,71,119,10.74,Low,Yes,Mild,0
TXN05431,U05431,27,Other,7.35,5.4,4.37,3.96,6.82,92,130,10.03,High,Yes,Moderate,1
TXN05432,U05432,23,Female,3.16,4.14,3.66,1.76,3.64,328,169,4.27,High,Yes,Severe,1
TXN05433,U05433,20,Male,11.36,5.09,4.26,3.6,5.31,268,198,14.16,Medium,Yes,Moderate,1
TXN05434,U05434,32,Other,5.63,5.44,2.65,5.95,4.93,303,136,6.58,Low,Yes,Moderate,1
TXN05435,U05435,23,Other,3.47,4.64,3.73,5.33,3.17,289,172,5.56,High,Yes,Moderate,1
TXN05436,U05436,22,Male,10.32,0.81,2.86,1.45,4.39,130,112,12.76,High,Yes,Severe,1
TXN05437,U05437,23,Female,11.24,1.08,3.9,5.36,5.72,254,73,12.88,Low,Yes,Moderate,1
TXN05438,U05438,31,Female,11.16,2.43,1.82,2.34,4.53,184,124,12.36,Low,Yes,Moderate,1
TXN05439,U05439,33,Other,3.74,0.88,0.54,3.02,5.93,192,171,6.38,Medium,No,,0
TXN05440,U05440,20,Other,9.29,3.96,3.31,5.1,5.33,241,197,10.07,Medium,Yes,Moderate,1
TXN05441,U05441,29,Other,8.19,3.62,3.37,5.64,6.06,298,160,10.21,Low,No,Severe,1
TXN05442,U05442,32,Other,6.61,1.06,4.09,4.77,4.22,150,158,7.2,Low,Yes,Mild,0
TXN05443,U05443,23,Other,3.54,5.14,3.5,2.94,7.01,201,167,4.84,High,No,Moderate,1
TXN05444,U05444,28,Female,11.87,2.32,3.06,0.74,3.29,292,148,13.74,Medium,Yes,Severe,1
TXN05445,U05445,33,Female,11.79,5.5,4.24,4.03,6.05,256,123,13.91,Low,No,Moderate,1
TXN05446,U05446,18,Male,6.58,1.55,3.25,1.7,4.4,85,132,7.27,Low,Yes,Mild,0
TXN05447,U05447,34,Female,4.64,4.5,2.69,5.6,4.85,145,86,5.38,Low,No,Moderate,1
TXN05448,U05448,32,Other,10.81,0.97,5.97,1.01,3.0,300,154,13.1,High,Yes,Severe,1
TXN05449,U05449,29,Female,8.48,5.55,3.3,4.12,3.55,208,160,11.13,High,Yes,Severe,1
TXN05450,U05450,23,Male,10.44,5.4,5.29,0.76,3.0,238,149,11.92,Medium,No,Severe,1
TXN05451,U05451,34,Female,3.63,0.85,2.15,5.87,4.56,207,131,5.37,High,Yes,,0
TXN05452,U05452,34,Male,4.67,0.85,2.77,4.43,6.28,250,105,7.58,Medium,No,,0
TXN05453,U05453,19,Female,11.01,5.64,6.37,5.26,6.4,280,203,12.28,Low,No,Severe,1
TXN05454,U05454,20,Other,5.46,3.77,1.05,6.0,5.27,213,65,7.66,Medium,Yes,Mild,0
TXN05455,U05455,26,Female,5.48,1.88,0.26,5.56,8.47,161,180,7.01,Medium,No,,0
TXN05456,U05456,23,Other,6.25,2.32,3.91,5.3,4.55,262,78,7.44,Low,Yes,Mild,0
TXN05457,U05457,20,Other,4.23,5.35,4.58,2.05,5.67,116,145,7.19,Low,Yes,Moderate,1
TXN05458,U05458,25,Other,8.14,1.14,5.05,4.2,4.75,140,235,9.4,Low,No,Severe,1
TXN05459,U05459,26,Other,8.61,5.49,3.87,5.6,3.81,165,209,10.04,Low,Yes,Moderate,1
TXN05460,U05460,31,Other,10.98,5.11,4.21,4.26,3.0,200,249,11.64,Medium,Yes,Severe,1
TXN05461,U05461,32,Male,8.79,4.72,4.25,1.29,6.4,194,189,10.39,Low,Yes,Severe,1
TXN05462,U05462,21,Other,11.41,4.54,4.34,3.55,3.0,274,124,13.12,Low,Yes,Severe,1
TXN05463,U05463,34,Other,8.85,5.72,3.17,1.48,5.15,153,142,10.26,Medium,No,Moderate,1
TXN05464,U05464,29,Female,7.62,4.51,3.17,0.98,6.02,218,163,9.94,Low,No,Severe,1
TXN05465,U05465,26,Male,5.88,4.86,6.07,2.22,3.11,177,131,8.65,Low,No,Severe,1
TXN05466,U05466,24,Female,6.78,1.52,5.11,5.88,6.16,249,73,9.05,Medium,Yes,Moderate,1
TXN05467,U05467,32,Male,11.77,0.68,2.93,4.97,4.48,346,101,14.17,Low,No,Severe,1
TXN05468,U05468,33,Female,11.36,5.55,3.76,1.9,3.27,268,105,13.09,High,Yes,Moderate,1
TXN05469,U05469,23,Female,7.44,4.36,3.46,4.53,3.82,283,173,8.15,Low,Yes,Moderate,1
TXN05470,U05470,19,Other,10.2,5.11,5.76,4.76,5.88,174,189,11.13,High,Yes,Severe,1
TXN05471,U05471,20,Male,10.2,4.84,3.25,3.11,6.56,224,113,12.7,High,No,Severe,1
TXN05472,U05472,32,Male,8.31,5.79,5.55,3.77,4.46,222,134,9.81,Medium,Yes,Severe,1
TXN05473,U05473,31,Female,10.16,1.46,4.26,2.5,5.12,103,178,11.2,Low,Yes,Moderate,1
TXN05474,U05474,20,Female,9.01,5.57,1.94,2.45,6.38,294,178,11.73,Low,No,Moderate,1
TXN05475,U05475,25,Other,3.98,2.86,1.61,1.89,6.25,93,181,6.58,Low,No,Mild,0
TXN05476,U05476,31,Male,9.61,5.04,3.6,2.04,4.36,228,154,12.42,High,Yes,Moderate,1
TXN05477,U05477,31,Male,3.95,4.55,4.45,3.12,3.22,128,117,5.13,High,No,Severe,1
TXN05478,U05478,29,Other,7.74,5.22,4.83,5.13,5.52,251,232,10.24,High,Yes,Severe,1
TXN05479,U05479,34,Male,5.1,4.45,4.65,3.6,4.76,352,238,6.13,High,No,Severe,1
TXN05480,U05480,21,Female,5.84,0.94,2.91,4.39,6.26,21,165,8.17,High,Yes,,0
TXN05481,U05481,33,Male,5.84,4.12,3.01,3.84,6.49,269,119,8.78,Medium,No,Moderate,1
TXN05482,U05482,31,Male,9.79,4.98,6.38,1.39,5.07,322,205,11.4,Low,Yes,Severe,1
TXN05483,U05483,24,Other,6.06,1.25,3.5,4.21,4.78,64,157,6.74,High,No,Mild,0
TXN05484,U05484,33,Male,6.61,1.93,2.91,5.24,5.08,166,47,8.71,Medium,No,Mild,0
TXN05485,U05485,20,Male,9.37,2.7,3.17,4.78,6.16,246,191,10.23,Medium,No,Moderate,1
TXN05486,U05486,29,Other,10.84,0.54,4.77,0.92,3.27,258,93,12.35,Low,Yes,Severe,1
TXN05487,U05487,28,Male,10.79,5.08,3.06,0.51,3.82,192,120,13.0,Low,No,Moderate,1
TXN05488,U05488,33,Female,5.9,2.34,3.75,3.97,4.64,102,147,6.43,Low,No,Mild,0
TXN05489,U05489,23,Other,5.55,0.81,4.4,3.34,7.98,263,125,7.54,Medium,No,Mild,0
TXN05490,U05490,19,Female,10.18,1.68,2.47,4.01,3.0,316,174,11.62,Low,Yes,Severe,1
TXN05491,U05491,27,Female,3.95,3.39,1.98,2.25,5.09,205,20,6.03,Medium,No,,0
TXN05492,U05492,29,Female,11.9,0.59,2.93,5.85,4.06,237,161,13.97,High,Yes,Moderate,1
TXN05493,U05493,35,Other,10.18,3.64,3.64,5.16,5.32,140,162,12.6,Medium,No,Severe,1
TXN05494,U05494,28,Other,3.71,6.0,5.25,5.14,3.0,288,135,5.98,Low,No,Severe,1
TXN05495,U05495,31,Other,7.44,3.78,2.23,2.56,4.26,309,136,10.19,High,Yes,Moderate,1
TXN05496,U05496,20,Female,10.64,3.38,4.55,3.45,6.07,189,157,13.54,High,No,Moderate,1
TXN05497,U05497,31,Female,8.52,4.11,6.27,5.54,5.21,342,239,9.58,High,No,Severe,1
TXN05498,U05498,33,Male,5.48,1.0,4.43,4.43,5.83,179,43,7.68,Medium,No,Mild,0
TXN05499,U05499,35,Female,6.48,2.13,1.05,5.42,3.93,64,178,7.11,Medium,Yes,Mild,0
TXN05500,U05500,28,Female,8.71,1.06,2.34,0.67,3.88,111,217,9.42,Low,Yes,Moderate,1
TXN05501,U05501,28,Female,5.06,2.34,2.52,4.46,5.8,62,123,6.6,High,Yes,,0
TXN05502,U05502,35,Male,11.04,2.66,5.53,5.55,3.0,346,247,11.55,Low,No,Severe,1
TXN05503,U05503,20,Other,10.51,4.43,4.95,0.66,3.71,164,186,13.2,Medium,No,Severe,1
TXN05504,U05504,22,Female,7.17,5.6,4.18,5.38,5.01,141,103,8.45,Medium,Yes,Severe,1
TXN05505,U05505,27,Female,9.58,3.29,3.64,4.93,6.78,96,129,12.4,High,No,Moderate,1
TXN05506,U05506,18,Male,6.02,5.32,5.48,4.58,7.21,302,140,8.35,Medium,No,Moderate,1
TXN05507,U05507,33,Female,4.31,4.71,2.83,1.2,3.04,202,157,6.21,Medium,Yes,Severe,1
TXN05508,U05508,34,Female,3.3,3.85,1.47,5.56,6.05,164,177,6.11,Medium,No,,0
TXN05509,U05509,29,Other,10.87,4.7,1.75,0.81,4.75,224,139,12.08,Low,Yes,Moderate,1
TXN05510,U05510,35,Male,3.79,1.01,0.97,5.09,8.06,100,197,6.0,High,No,Mild,0
TXN05511,U05511,24,Male,6.44,2.28,1.21,5.46,3.73,181,106,8.51,High,Yes,Mild,0
TXN05512,U05512,18,Male,8.58,5.61,6.1,4.78,3.0,302,217,10.25,High,No,Severe,1
TXN05513,U05513,29,Other,6.26,5.41,3.14,5.97,3.75,265,137,8.0,Medium,No,Moderate,1
TXN05514,U05514,27,Other,10.51,3.01,5.58,3.91,5.25,294,91,12.46,Low,Yes,Severe,1
TXN05515,U05515,19,Male,6.22,0.6,1.66,1.2,7.48,269,143,8.63,Low,No,Mild,0
TXN05516,U05516,25,Female,3.87,5.19,2.5,3.07,3.0,183,90,6.49,Low,No,Severe,1
TXN05517,U05517,33,Other,6.77,3.93,2.48,4.09,7.84,169,41,8.33,Medium,Yes,Mild,0
TXN05518,U05518,19,Male,11.85,3.93,5.39,0.54,5.85,319,209,13.89,Medium,No,Moderate,1
TXN05519,U05519,27,Male,9.93,3.4,3.81,2.38,4.94,134,141,11.08,Medium,Yes,Severe,1
TXN05520,U05520,19,Other,3.48,4.09,6.2,4.99,6.44,135,175,6.19,Low,Yes,Severe,1
TXN05521,U05521,26,Other,5.2,3.18,2.76,0.82,4.64,285,182,8.09,Low,Yes,Mild,0
TXN05522,U05522,24,Female,6.38,3.7,4.34,5.59,4.03,262,85,9.31,Medium,Yes,Moderate,1
TXN05523,U05523,26,Male,10.12,4.07,3.81,0.77,6.37,200,144,12.38,Low,No,Severe,1
TXN05524,U05524,30,Other,8.13,2.53,2.7,1.27,6.75,232,110,9.77,Medium,No,Moderate,1
TXN05525,U05525,25,Female,3.33,3.7,3.34,5.4,4.4,275,58,4.06,Medium,Yes,Mild,0
TXN05526,U05526,24,Female,6.86,3.2,1.25,3.16,5.01,95,56,7.62,Low,Yes,Mild,0
TXN05527,U05527,25,Male,6.78,3.68,2.78,3.09,7.59,213,134,8.19,Low,Yes,Mild,0
TXN05528,U05528,35,Female,6.86,3.48,5.35,2.86,4.4,165,90,7.71,Low,No,Moderate,1
TXN05529,U05529,32,Male,5.72,1.87,4.59,3.19,6.43,119,79,6.56,Medium,Yes,Mild,0
TXN05530,U05530,31,Female,3.26,1.59,1.42,4.77,8.19,131,107,4.09,Low,Yes,Mild,0
TXN05531,U05531,26,Female,3.51,1.26,2.86,1.06,5.65,84,61,4.4,Medium,Yes,,0
TXN05532,U05532,20,Other,11.11,1.51,4.12,3.09,4.14,261,92,12.34,High,No,Moderate,1
TXN05533,U05533,33,Female,7.57,1.54,2.12,3.27,4.19,139,198,8.36,Low,Yes,Moderate,1
TXN05534,U05534,19,Male,10.72,4.33,5.99,5.28,5.72,132,238,12.61,Low,No,Severe,1
TXN05535,U05535,20,Male,7.23,0.92,2.27,0.98,7.58,220,159,10.14,Medium,No,Mild,0
TXN05536,U05536,19,Male,5.86,4.28,2.6,1.0,7.2,131,97,6.77,Medium,No,Moderate,1
TXN05537,U05537,22,Female,6.98,2.13,2.83,4.27,5.92,313,73,9.68,Low,Yes,Moderate,1
TXN05538,U05538,31,Male,8.88,5.77,4.74,1.51,6.14,163,171,9.88,Medium,No,Severe,1
TXN05539,U05539,23,Male,8.76,4.67,2.65,2.08,3.25,319,178,9.56,Medium,No,Severe,1
TXN05540,U05540,30,Male,3.36,2.39,2.01,2.5,6.1,158,143,4.71,High,Yes,,0
TXN05541,U05541,26,Male,7.25,4.26,2.61,4.6,5.5,291,207,8.59,High,Yes,Moderate,1
TXN05542,U05542,25,Female,10.89,4.93,5.68,1.3,5.86,145,137,11.65,Medium,Yes,Severe,1
TXN05543,U05543,22,Male,6.21,1.0,3.96,3.01,7.48,80,203,6.79,High,Yes,Mild,0
TXN05544,U05544,22,Male,6.93,5.63,2.17,3.25,3.0,104,178,8.14,High,No,Moderate,1
TXN05545,U05545,29,Female,5.3,2.1,1.9,1.85,7.88,197,53,5.94,Medium,No,Mild,0
TXN05546,U05546,34,Female,11.59,0.92,4.99,3.92,7.18,186,104,12.46,Low,Yes,Moderate,1
TXN05547,U05547,26,Female,9.96,3.65,3.47,4.24,4.04,217,234,12.72,Low,Yes,Severe,1
TXN05548,U05548,34,Female,8.02,2.49,4.27,1.67,3.76,278,112,9.54,High,Yes,Severe,1
TXN05549,U05549,23,Male,6.74,1.21,2.35,5.57,3.08,246,168,8.28,Medium,Yes,Moderate,1
TXN05550,U05550,33,Male,3.1,1.24,0.15,5.19,5.78,141,108,5.94,High,Yes,,0
TXN05551,U05551,33,Male,4.14,2.22,2.08,3.89,7.67,181,171,6.83,High,No,Mild,0
TXN05552,U05552,26,Other,3.48,2.43,2.96,5.51,8.16,158,152,5.12,Low,Yes,Mild,0
TXN05553,U05553,24,Other,6.98,4.99,6.15,5.02,4.6,135,141,8.5,Low,No,Severe,1
TXN05554,U05554,29,Other,10.43,0.99,2.37,2.35,5.27,134,115,12.53,Medium,No,Moderate,1
TXN05555,U05555,25,Female,5.75,2.89,2.3,3.93,6.74,156,119,7.02,Medium,No,Mild,0
TXN05556,U05556,27,Male,6.05,4.53,2.7,3.26,3.92,221,66,7.9,High,Yes,Moderate,1
TXN05557,U05557,18,Other,6.95,2.65,2.77,3.4,6.8,211,155,9.83,Medium,Yes,Moderate,1
TXN05558,U05558,25,Other,8.41,0.86,2.33,5.8,4.48,125,147,8.98,Low,Yes,Moderate,1
TXN05559,U05559,32,Male,11.3,5.82,3.5,2.75,5.88,210,197,12.98,Low,Yes,Moderate,1
TXN05560,U05560,28,Female,10.87,3.25,3.24,2.72,3.0,305,249,11.68,Medium,No,Severe,1
TXN05561,U05561,25,Other,11.64,2.62,3.57,4.27,4.49,185,151,13.12,High,Yes,Severe,1
TXN05562,U05562,28,Other,3.06,5.65,2.56,3.75,5.31,243,106,4.9,High,Yes,Severe,1
TXN05563,U05563,29,Female,3.65,5.85,2.74,1.17,5.56,166,234,5.17,Low,Yes,Severe,1
TXN05564,U05564,30,Male,10.2,3.52,3.16,1.62,7.29,165,164,12.79,Low,No,Moderate,1
TXN05565,U05565,32,Other,7.11,3.81,3.28,3.09,5.16,277,121,10.0,High,Yes,Mild,0
TXN05566,U05566,20,Male,6.68,1.3,0.94,3.94,4.98,219,70,8.48,Medium,No,Mild,0
TXN05567,U05567,25,Other,11.12,3.43,5.2,1.8,4.71,135,213,11.74,Low,No,Moderate,1
TXN05568,U05568,27,Female,8.78,5.27,4.56,3.72,4.04,275,221,11.74,Low,Yes,Moderate,1
TXN05569,U05569,27,Other,5.94,1.31,2.4,3.99,5.39,177,58,8.04,Medium,No,,0
TXN05570,U05570,24,Male,8.23,1.22,5.03,2.79,5.69,125,142,8.87,High,Yes,Severe,1
TXN05571,U05571,31,Other,10.08,1.31,4.03,4.79,4.71,127,226,12.87,High,No,Moderate,1
TXN05572,U05572,23,Female,4.7,4.8,2.87,2.82,3.0,175,103,6.55,High,Yes,Severe,1
TXN05573,U05573,25,Male,11.04,0.94,2.75,5.48,5.96,311,114,12.41,Low,Yes,Severe,1
TXN05574,U05574,23,Female,7.13,2.77,2.67,3.19,7.94,98,171,9.1,Low,Yes,Mild,0
TXN05575,U05575,29,Male,5.31,4.14,5.43,1.63,5.07,316,212,7.51,High,Yes,Severe,1
TXN05576,U05576,21,Male,9.56,5.74,4.3,2.5,4.04,237,95,11.25,Low,Yes,Severe,1
TXN05577,U05577,31,Male,4.97,2.22,2.71,0.85,5.34,25,111,7.1,Low,No,,0
TXN05578,U05578,30,Female,11.62,2.27,6.2,1.52,3.0,271,155,14.01,High,Yes,Severe,1
TXN05579,U05579,29,Other,4.12,1.03,3.19,4.98,5.2,255,158,4.63,Low,Yes,Mild,0
TXN05580,U05580,34,Other,10.4,4.92,2.33,1.73,6.29,304,127,12.68,Medium,No,Moderate,1
TXN05581,U05581,35,Other,8.11,2.54,5.87,5.92,3.69,323,106,9.85,Low,Yes,Severe,1
TXN05582,U05582,35,Other,10.68,4.23,2.08,2.56,6.32,179,99,11.84,High,Yes,Moderate,1
TXN05583,U05583,33,Male,4.11,0.57,0.41,1.0,7.0,26,94,6.54,Low,Yes,,0
TXN05584,U05584,22,Female,6.47,0.77,4.28,4.01,4.81,120,77,8.74,Low,No,Moderate,1
TXN05585,U05585,31,Other,10.74,3.77,4.16,0.64,3.38,325,139,11.5,Low,Yes,Severe,1
TXN05586,U05586,25,Female,6.3,2.93,3.9,3.48,4.88,317,189,7.01,Medium,Yes,Moderate,1
TXN05587,U05587,31,Female,5.63,3.66,1.51,1.8,5.18,87,115,7.6,Low,Yes,,0
TXN05588,U05588,35,Other,8.36,2.81,3.95,1.58,7.28,251,105,9.83,Medium,Yes,Moderate,1
TXN05589,U05589,22,Male,6.88,0.61,1.93,1.24,3.79,261,128,7.74,Medium,Yes,Mild,0
TXN05590,U05590,20,Other,8.93,5.01,6.3,1.81,3.03,285,136,10.14,Medium,Yes,Severe,1
TXN05591,U05591,23,Male,6.07,5.72,5.55,3.72,7.36,245,167,8.49,Low,Yes,Moderate,1
TXN05592,U05592,30,Female,8.12,4.78,4.96,1.06,5.33,288,195,9.54,High,No,Moderate,1
TXN05593,U05593,25,Female,10.14,2.09,2.73,0.61,6.29,299,230,11.53,Medium,Yes,Severe,1
TXN05594,U05594,34,Other,10.91,2.89,3.45,4.27,6.57,211,80,11.64,Medium,No,Moderate,1
TXN05595,U05595,22,Male,11.51,3.96,1.76,5.78,6.15,184,160,13.2,High,Yes,Moderate,1
TXN05596,U05596,28,Other,9.25,2.78,4.6,3.39,5.6,138,231,11.19,Medium,Yes,Severe,1
TXN05597,U05597,25,Other,10.58,1.47,2.81,3.08,3.96,303,110,11.49,High,No,Severe,1
TXN05598,U05598,20,Female,11.02,2.54,4.93,5.82,3.0,304,216,13.33,Medium,Yes,Severe,1
TXN05599,U05599,23,Other,3.46,5.81,4.18,4.72,3.58,122,131,6.35,Medium,No,Moderate,1
TXN05600,U05600,31,Female,7.24,2.51,3.41,2.87,3.95,129,156,8.07,High,No,Moderate,1
TXN05601,U05601,32,Other,11.51,5.63,4.03,4.16,3.0,166,91,12.1,Medium,No,Severe,1
TXN05602,U05602,28,Male,6.11,1.84,4.6,1.89,5.07,274,136,7.11,High,Yes,Moderate,1
TXN05603,U05603,32,Male,10.72,3.11,5.22,3.83,3.87,180,223,12.85,Low,No,Moderate,1
TXN05604,U05604,35,Female,5.7,3.55,3.95,1.86,5.18,170,18,6.44,Medium,Yes,,0
TXN05605,U05605,24,Female,7.38,5.67,5.16,5.74,4.55,258,240,9.9,High,Yes,Severe,1
TXN05606,U05606,24,Female,5.49,2.33,3.09,4.32,4.85,233,158,6.7,Low,No,,0
TXN05607,U05607,35,Male,10.9,3.05,1.63,5.28,6.21,314,88,12.82,Low,No,Moderate,1
TXN05608,U05608,25,Other,9.66,2.3,3.87,2.31,5.67,125,113,12.26,Medium,No,Moderate,1
TXN05609,U05609,29,Male,11.71,4.62,3.87,4.61,6.14,152,206,14.04,High,Yes,Moderate,1
TXN05610,U05610,24,Other,7.01,3.37,2.42,4.12,4.37,224,80,8.33,High,Yes,Moderate,1
TXN05611,U05611,34,Female,3.61,5.75,4.55,2.28,4.87,142,179,4.97,Medium,No,Severe,1
TXN05612,U05612,22,Female,10.61,5.33,3.45,0.79,4.77,190,140,12.27,Medium,No,Moderate,1
TXN05613,U05613,22,Female,7.77,3.94,5.47,5.6,5.33,246,92,9.78,High,No,Moderate,1
TXN05614,U05614,31,Male,4.93,4.0,1.82,4.75,7.08,81,145,5.48,Medium,No,,0
TXN05615,U05615,25,Male,10.56,1.6,4.21,5.24,6.22,276,117,12.53,Low,No,Severe,1
TXN05616,U05616,28,Male,7.1,5.42,5.1,1.69,3.0,138,134,8.82,Low,Yes,Severe,1
TXN05617,U05617,23,Other,11.16,2.52,3.68,0.9,5.44,153,103,11.98,Low,Yes,Moderate,1
TXN05618,U05618,34,Other,7.57,3.89,4.45,0.87,5.52,276,47,10.27,Low,No,Mild,0
TXN05619,U05619,28,Other,11.86,3.23,5.47,0.99,3.95,212,219,14.75,High,No,Severe,1
TXN05620,U05620,24,Male,9.53,3.62,4.43,4.14,4.92,214,141,11.85,Medium,Yes,Severe,1
TXN05621,U05621,27,Other,7.47,2.07,2.33,5.03,6.61,144,75,9.69,Low,Yes,Moderate,1
TXN05622,U05622,25,Female,5.43,2.73,1.09,1.73,6.7,269,160,8.34,Low,No,Mild,0
TXN05623,U05623,28,Female,10.61,4.53,4.06,1.23,6.17,241,209,11.31,High,Yes,Moderate,1
TXN05624,U05624,21,Female,5.86,5.3,3.41,3.15,6.77,131,100,8.64,Low,No,Moderate,1
TXN05625,U05625,21,Female,6.42,0.85,3.83,3.52,4.55,189,66,8.89,High,Yes,Mild,0
TXN05626,U05626,22,Other,5.68,5.9,1.65,2.23,7.13,227,119,7.1,Low,Yes,Moderate,1
TXN05627,U05627,24,Female,10.93,4.08,4.12,3.1,6.46,113,144,13.83,Medium,Yes,Moderate,1
TXN05628,U05628,32,Male,8.26,3.18,3.79,1.71,6.87,133,106,9.97,High,Yes,Moderate,1
TXN05629,U05629,32,Other,5.75,2.43,4.55,2.73,7.13,115,42,6.7,Low,Yes,Mild,0
TXN05630,U05630,30,Male,10.12,4.08,3.15,0.78,3.0,130,254,11.34,Low,No,Severe,1
TXN05631,U05631,26,Male,4.41,5.66,6.38,3.26,3.52,144,141,5.92,Low,No,Severe,1
TXN05632,U05632,35,Male,8.54,1.27,1.81,0.62,4.33,279,205,10.74,Medium,No,Moderate,1
TXN05633,U05633,25,Other,4.44,3.83,1.11,2.56,5.49,25,47,6.41,High,Yes,,0
TXN05634,U05634,33,Other,6.92,2.38,2.88,3.97,5.92,219,160,9.64,Medium,Yes,Mild,0
TXN05635,U05635,23,Female,7.11,3.67,3.26,1.88,4.66,200,104,8.91,Medium,No,Mild,0
TXN05636,U05636,34,Female,8.62,1.16,3.01,1.02,5.05,161,180,11.24,Low,Yes,Moderate,1
TXN05637,U05637,34,Male,4.1,3.02,1.71,2.21,4.56,175,121,6.0,Low,Yes,,0
TXN05638,U05638,24,Other,8.1,5.79,4.52,5.66,5.26,242,104,10.28,Medium,No,Severe,1
TXN05639,U05639,28,Other,5.67,5.74,5.18,3.57,5.4,175,67,6.66,Medium,Yes,Moderate,1
TXN05640,U05640,24,Female,3.24,5.25,4.62,0.59,5.04,267,123,5.21,Medium,Yes,Severe,1
TXN05641,U05641,23,Male,3.5,4.8,4.4,5.19,3.47,160,132,4.25,Medium,Yes,Severe,1
TXN05642,U05642,33,Other,6.79,3.27,3.31,1.21,4.8,79,127,9.21,Medium,No,Mild,0
TXN05643,U05643,23,Male,10.1,3.84,3.83,2.29,4.11,205,150,12.57,High,Yes,Severe,1
TXN05644,U05644,31,Male,11.19,4.32,2.61,1.54,5.49,97,185,13.29,Medium,No,Moderate,1
TXN05645,U05645,33,Other,8.12,4.3,1.61,5.42,7.27,137,96,10.55,Low,No,Moderate,1
TXN05646,U05646,25,Male,4.4,4.98,5.17,3.39,6.48,280,211,6.89,High,Yes,Severe,1
TXN05647,U05647,19,Female,8.72,1.26,4.09,4.68,3.0,339,224,9.94,Low,No,Severe,1
TXN05648,U05648,32,Male,6.04,5.42,2.57,2.66,5.89,213,185,7.05,Medium,No,Moderate,1
TXN05649,U05649,32,Female,7.92,4.42,5.09,4.13,3.62,133,196,10.22,Low,No,Moderate,1
TXN05650,U05650,20,Other,6.95,4.58,5.42,1.53,3.85,103,202,8.54,Low,Yes,Moderate,1
TXN05651,U05651,35,Female,3.94,3.11,1.28,4.36,7.71,217,96,6.04,Medium,Yes,,0
TXN05652,U05652,21,Other,11.25,1.45,3.2,5.15,5.58,268,186,12.47,Low,Yes,Severe,1
TXN05653,U05653,22,Other,7.42,4.09,3.38,3.54,3.15,309,108,9.6,High,No,Severe,1
TXN05654,U05654,18,Other,10.25,2.88,2.91,0.91,5.27,242,190,11.12,High,Yes,Moderate,1
TXN05655,U05655,18,Male,3.68,5.53,3.77,5.78,4.12,185,189,6.06,Medium,No,Moderate,1
TXN05656,U05656,35,Male,3.77,5.43,1.99,4.99,5.08,243,70,6.26,Medium,Yes,Moderate,1
TXN05657,U05657,34,Other,6.33,1.79,2.73,2.68,4.59,232,124,8.73,Medium,Yes,Mild,0
TXN05658,U05658,32,Other,4.5,5.53,4.87,3.82,3.45,226,158,7.0,Medium,Yes,Moderate,1
TXN05659,U05659,31,Male,4.28,1.72,2.23,2.64,6.31,228,177,6.01,Low,Yes,Mild,0
TXN05660,U05660,27,Female,8.27,3.75,6.2,1.6,3.24,223,239,10.71,Medium,Yes,Severe,1
TXN05661,U05661,27,Male,8.05,0.54,2.05,0.6,4.57,168,151,10.19,High,No,Moderate,1
TXN05662,U05662,25,Male,8.73,3.2,5.9,3.53,6.55,206,254,11.12,Medium,Yes,Severe,1
TXN05663,U05663,27,Male,6.05,4.29,6.04,5.08,3.0,151,207,7.83,Medium,No,Severe,1
TXN05664,U05664,23,Female,6.85,3.12,1.33,0.92,7.69,229,115,9.33,Low,Yes,Mild,0
TXN05665,U05665,30,Other,6.22,3.18,3.32,2.67,4.95,223,85,8.45,Medium,Yes,Moderate,1
TXN05666,U05666,26,Other,7.17,5.21,5.74,2.59,3.0,226,235,8.63,High,Yes,Severe,1
TXN05667,U05667,31,Male,4.08,5.81,2.42,1.94,3.69,284,216,5.82,Medium,No,Severe,1
TXN05668,U05668,26,Female,8.58,5.53,1.72,4.84,7.06,243,107,9.95,Low,Yes,Moderate,1
TXN05669,U05669,29,Female,6.86,5.84,4.81,1.48,6.77,206,207,7.67,Low,No,Moderate,1
TXN05670,U05670,35,Male,3.1,4.39,3.33,3.08,5.64,320,115,4.99,High,No,Moderate,1
TXN05671,U05671,32,Other,8.04,5.79,6.21,4.21,3.83,341,117,9.2,Low,Yes,Severe,1
TXN05672,U05672,19,Female,4.74,5.12,3.4,5.85,4.31,166,83,5.68,Low,Yes,Moderate,1
TXN05673,U05673,33,Male,11.54,1.77,3.27,2.26,5.95,206,229,14.42,Medium,No,Moderate,1
TXN05674,U05674,28,Male,6.08,4.54,3.94,4.17,5.05,138,194,8.76,Low,Yes,Moderate,1
TXN05675,U05675,19,Female,6.21,1.28,2.27,0.61,6.93,198,170,7.91,Medium,Yes,Moderate,1
TXN05676,U05676,27,Male,6.18,1.84,2.4,1.75,3.45,296,177,8.74,Medium,No,Moderate,1
TXN05677,U05677,24,Male,3.78,3.08,1.83,4.05,5.61,167,119,4.94,Medium,No,,0
TXN05678,U05678,33,Male,10.12,2.53,5.67,3.63,4.59,169,207,12.5,Low,Yes,Severe,1
TXN05679,U05679,29,Male,3.65,0.51,2.47,3.0,8.24,107,94,6.48,Medium,No,,0
TXN05680,U05680,27,Male,7.27,4.26,3.44,5.01,3.35,123,197,7.82,High,No,Moderate,1
TXN05681,U05681,26,Female,3.9,5.97,2.08,1.58,4.78,99,88,4.42,Low,Yes,Moderate,1
TXN05682,U05682,24,Male,6.09,5.63,4.94,5.26,4.12,267,95,6.7,High,No,Severe,1
TXN05683,U05683,34,Other,7.8,1.56,3.03,4.13,5.0,208,138,8.65,High,No,Mild,0
TXN05684,U05684,26,Other,5.37,2.05,2.48,4.47,6.73,62,78,6.29,High,Yes,,0
TXN05685,U05685,28,Other,7.33,4.37,5.15,2.39,5.28,149,113,8.65,Low,No,Moderate,1
TXN05686,U05686,29,Other,3.74,5.47,4.62,1.79,4.55,274,135,5.4,Medium,No,Severe,1
TXN05687,U05687,33,Other,9.5,3.63,5.95,3.0,3.01,301,242,11.82,High,No,Severe,1
TXN05688,U05688,34,Other,10.27,4.52,3.67,4.56,5.59,194,176,11.64,Low,No,Moderate,1
TXN05689,U05689,27,Other,7.73,3.54,4.07,4.62,8.2,278,173,8.29,Low,No,Mild,0
TXN05690,U05690,20,Female,7.55,4.9,2.15,4.6,4.59,167,96,9.9,Low,Yes,Moderate,1
TXN05691,U05691,35,Female,5.15,3.68,3.94,4.0,7.97,153,20,7.39,Low,No,,0
TXN05692,U05692,23,Male,9.54,2.96,6.21,4.15,4.52,238,191,12.47,Low,No,Severe,1
TXN05693,U05693,30,Other,4.31,5.99,5.32,0.94,5.92,276,222,5.23,Medium,Yes,Moderate,1
TXN05694,U05694,35,Male,9.38,0.84,4.79,5.51,6.06,291,161,11.5,High,Yes,Moderate,1
TXN05695,U05695,22,Male,9.62,2.87,5.17,1.82,5.23,300,155,11.92,Low,Yes,Severe,1
TXN05696,U05696,21,Female,3.63,4.73,2.49,4.53,6.02,168,135,4.41,Low,Yes,Severe,1
TXN05697,U05697,21,Male,8.57,5.18,6.39,3.63,5.07,187,147,11.54,Low,No,Severe,1
TXN05698,U05698,28,Male,5.62,3.72,1.8,1.27,7.21,278,149,6.47,Low,No,Mild,0
TXN05699,U05699,18,Male,10.82,2.97,2.13,2.62,3.82,218,225,12.88,Low,Yes,Moderate,1
TXN05700,U05700,23,Female,10.42,4.03,1.82,4.76,6.29,276,169,10.97,High,Yes,Moderate,1
TXN05701,U05701,20,Other,7.12,1.85,5.05,2.64,3.62,240,120,8.12,Low,No,Moderate,1
TXN05702,U05702,26,Male,9.01,5.44,6.12,2.43,3.0,325,176,9.9,High,No,Severe,1
TXN05703,U05703,29,Other,3.19,4.85,5.16,3.01,3.24,126,99,5.86,Low,No,Moderate,1
TXN05704,U05704,18,Male,10.96,1.08,2.84,2.65,4.21,148,219,11.48,Low,No,Moderate,1
TXN05705,U05705,28,Male,8.04,5.12,5.34,4.31,6.56,198,157,8.64,High,Yes,Moderate,1
TXN05706,U05706,34,Male,3.64,2.2,3.15,3.87,7.36,96,100,5.64,Low,Yes,,0
TXN05707,U05707,30,Other,7.19,5.52,5.53,3.76,5.04,350,141,8.4,High,Yes,Severe,1
TXN05708,U05708,18,Male,6.46,2.68,1.38,4.2,5.92,134,160,7.31,Medium,No,Mild,0
TXN05709,U05709,27,Female,10.64,5.9,4.56,5.55,4.08,163,213,13.08,Medium,Yes,Severe,1
TXN05710,U05710,35,Male,8.36,3.17,1.82,2.95,6.61,166,230,11.35,Low,Yes,Moderate,1
TXN05711,U05711,30,Other,11.29,3.83,2.14,5.33,6.42,274,192,13.23,High,No,Moderate,1
TXN05712,U05712,27,Female,4.2,3.99,0.92,2.76,5.96,171,97,6.98,Low,No,Mild,0
TXN05713,U05713,30,Female,6.17,1.47,4.4,5.17,6.75,193,41,7.61,High,Yes,Mild,0
TXN05714,U05714,21,Male,3.08,0.59,1.87,2.89,6.55,60,125,3.85,Low,Yes,Mild,0
TXN05715,U05715,19,Male,8.62,4.88,5.38,1.43,3.32,232,126,10.24,Medium,No,Severe,1
TXN05716,U05716,18,Other,6.25,1.85,3.85,4.52,7.63,269,107,6.95,Medium,Yes,Mild,0
TXN05717,U05717,33,Female,5.34,1.88,2.65,2.06,6.63,193,190,6.08,High,No,Mild,0
TXN05718,U05718,31,Male,11.92,0.99,3.73,2.83,6.61,186,119,14.7,Low,No,Moderate,1
TXN05719,U05719,23,Other,8.79,4.14,3.65,5.46,5.92,236,188,10.69,High,No,Moderate,1
TXN05720,U05720,33,Male,4.14,4.71,4.37,2.46,5.24,125,193,4.67,High,Yes,Moderate,1
TXN05721,U05721,27,Male,4.73,4.14,5.26,4.15,3.0,163,100,5.26,Low,Yes,Severe,1
TXN05722,U05722,31,Other,8.17,3.51,4.57,3.49,6.08,185,156,9.61,High,Yes,Severe,1
TXN05723,U05723,34,Other,9.74,4.08,5.42,0.89,3.0,155,128,12.59,Medium,Yes,Severe,1
TXN05724,U05724,23,Female,6.53,5.65,4.85,3.12,5.5,160,131,9.23,Low,No,Severe,1
TXN05725,U05725,30,Female,3.62,3.03,2.92,5.77,5.86,206,109,6.43,Medium,Yes,,0
TXN05726,U05726,18,Male,5.65,5.71,4.97,2.2,4.96,218,139,7.12,Low,No,Severe,1
TXN05727,U05727,35,Female,10.93,1.7,5.26,1.76,3.33,265,199,11.7,Medium,No,Moderate,1
TXN05728,U05728,21,Female,11.23,2.66,2.03,5.94,7.06,122,175,11.88,Medium,No,Moderate,1
TXN05729,U05729,27,Female,11.96,5.37,2.63,5.11,3.4,349,103,13.3,High,No,Severe,1
TXN05730,U05730,21,Female,9.51,1.24,5.11,5.96,6.42,125,224,10.66,Low,Yes,Moderate,1
TXN05731,U05731,31,Female,10.27,2.06,5.89,3.12,5.12,259,153,12.76,Medium,No,Severe,1
TXN05732,U05732,35,Female,6.29,1.1,5.46,1.7,7.02,180,213,8.24,Low,Yes,Moderate,1
TXN05733,U05733,35,Female,4.68,5.85,4.59,0.99,4.3,226,241,5.81,High,No,Severe,1
TXN05734,U05734,35,Female,10.98,3.87,4.61,4.63,5.73,136,144,13.1,Medium,No,Moderate,1
TXN05735,U05735,22,Female,5.97,4.14,4.17,5.13,3.0,148,172,8.33,Medium,Yes,Severe,1
TXN05736,U05736,31,Female,11.6,1.07,5.14,4.99,4.05,282,162,14.15,High,No,Severe,1
TXN05737,U05737,23,Male,10.09,1.24,3.02,4.17,4.65,240,214,11.93,Medium,No,Moderate,1
TXN05738,U05738,27,Female,7.76,5.23,4.3,4.45,4.69,317,118,9.8,Medium,Yes,Moderate,1
TXN05739,U05739,26,Other,7.43,2.5,4.34,3.68,5.99,216,84,9.37,High,No,Moderate,1
TXN05740,U05740,29,Male,11.97,3.89,2.71,0.71,4.86,344,206,13.6,Medium,Yes,Severe,1
TXN05741,U05741,22,Female,11.27,1.89,1.72,5.17,4.01,182,99,14.22,Low,Yes,Moderate,1
TXN05742,U05742,30,Male,8.28,3.17,4.38,0.82,6.43,136,95,10.06,Medium,No,Moderate,1
TXN05743,U05743,31,Other,3.83,2.71,1.11,5.9,4.86,199,96,5.93,High,No,Mild,0
TXN05744,U05744,23,Other,4.49,4.4,3.97,1.05,6.51,180,145,6.96,Medium,Yes,Moderate,1
TXN05745,U05745,31,Male,11.34,5.13,3.83,3.17,3.96,273,66,13.4,High,No,Moderate,1
TXN05746,U05746,29,Male,9.63,4.06,3.33,2.65,3.27,322,238,11.26,Low,Yes,Severe,1
TXN05747,U05747,23,Male,9.72,3.57,3.11,4.66,5.6,187,121,10.27,High,No,Severe,1
TXN05748,U05748,29,Male,11.6,2.15,3.36,4.73,4.04,307,200,13.91,Low,No,Moderate,1
TXN05749,U05749,26,Other,4.94,5.12,2.77,6.0,4.28,153,206,7.33,Medium,Yes,Severe,1
TXN05750,U05750,26,Female,4.7,3.5,3.03,1.38,4.32,144,168,7.15,Medium,Yes,Mild,0
TXN05751,U05751,19,Female,9.52,3.5,4.91,5.61,5.77,144,92,11.09,Medium,No,Moderate,1
TXN05752,U05752,26,Other,7.95,3.55,4.43,2.36,6.86,64,163,10.06,High,Yes,Mild,0
TXN05753,U05753,27,Other,6.1,5.03,3.65,3.66,3.55,305,199,6.76,Medium,Yes,Moderate,1
TXN05754,U05754,23,Other,4.29,5.06,4.58,3.61,3.0,176,155,6.21,Medium,No,Severe,1
TXN05755,U05755,25,Other,4.9,2.93,2.97,2.46,6.18,127,127,6.08,Low,No,Mild,0
TXN05756,U05756,34,Other,3.85,3.27,4.01,1.27,4.75,231,66,6.52,High,Yes,Mild,0
TXN05757,U05757,33,Male,9.99,2.69,3.52,2.23,4.44,344,153,12.71,Medium,No,Severe,1
TXN05758,U05758,34,Female,7.64,5.45,5.46,5.48,3.0,239,92,10.62,High,No,Severe,1
TXN05759,U05759,33,Male,5.13,3.43,1.25,1.49,8.03,100,30,6.76,Medium,Yes,,0
TXN05760,U05760,31,Female,7.85,4.2,4.48,1.93,4.8,149,164,10.02,Low,Yes,Moderate,1
TXN05761,U05761,27,Male,6.38,1.22,2.62,3.73,6.76,113,109,8.48,High,No,Moderate,1
TXN05762,U05762,21,Other,8.97,1.93,2.88,4.02,4.7,190,236,11.87,High,No,Severe,1
TXN05763,U05763,21,Male,4.06,2.32,3.76,3.27,8.28,21,61,6.18,Low,No,,0
TXN05764,U05764,35,Other,3.12,5.65,2.68,2.21,4.85,140,118,4.99,Medium,Yes,Severe,1
TXN05765,U05765,33,Female,10.06,0.57,4.08,0.8,4.34,127,188,12.76,High,Yes,Moderate,1
TXN05766,U05766,28,Female,7.97,5.18,3.27,1.5,4.03,178,138,10.33,High,No,Moderate,1
TXN05767,U05767,18,Female,6.6,2.82,1.2,2.26,6.52,267,193,8.4,Medium,Yes,Mild,0
TXN05768,U05768,33,Other,4.64,5.16,3.35,5.61,5.5,148,137,7.01,Medium,No,Moderate,1
TXN05769,U05769,27,Other,5.45,0.91,2.56,1.27,5.04,61,153,6.94,High,No,Mild,0
TXN05770,U05770,26,Other,8.67,5.67,2.8,3.35,6.31,201,208,11.17,High,No,Severe,1
TXN05771,U05771,29,Female,4.72,3.65,0.89,5.78,4.36,271,53,6.6,Medium,No,Mild,0
TXN05772,U05772,22,Other,10.91,4.72,2.99,1.46,5.99,284,181,11.72,Low,Yes,Moderate,1
TXN05773,U05773,27,Other,8.69,1.82,2.81,5.46,5.33,206,254,10.5,Medium,Yes,Severe,1
TXN05774,U05774,19,Female,10.88,0.64,3.42,0.8,6.01,237,181,12.22,Low,Yes,Moderate,1
TXN05775,U05775,34,Male,3.08,2.75,2.58,2.17,5.95,185,188,6.03,Low,Yes,Mild,0
TXN05776,U05776,31,Female,7.52,5.74,2.1,5.14,4.81,151,119,9.11,High,Yes,Moderate,1
TXN05777,U05777,28,Other,11.07,5.42,5.29,2.5,3.0,162,230,12.8,High,Yes,Severe,1
TXN05778,U05778,21,Female,9.51,5.2,3.92,4.94,5.14,255,99,10.4,Medium,Yes,Severe,1
TXN05779,U05779,20,Male,8.01,3.04,4.34,5.33,3.93,320,161,8.69,Low,No,Severe,1
TXN05780,U05780,26,Other,10.96,4.2,3.91,1.33,5.87,146,174,13.7,Low,Yes,Moderate,1
TXN05781,U05781,23,Female,8.46,3.81,4.44,4.82,5.84,179,166,10.17,High,Yes,Severe,1
TXN05782,U05782,25,Male,7.84,5.58,3.15,2.4,5.71,185,118,9.45,Medium,No,Moderate,1
TXN05783,U05783,23,Female,7.33,3.91,3.18,2.13,7.93,115,197,10.22,High,No,Mild,0
TXN05784,U05784,25,Male,3.13,5.58,3.17,5.04,5.53,348,99,5.89,Medium,No,Severe,1
TXN05785,U05785,29,Other,3.68,5.77,3.76,3.59,5.4,271,112,6.37,Low,Yes,Moderate,1
TXN05786,U05786,23,Female,5.67,3.28,1.06,2.57,5.08,104,154,6.84,Medium,No,Mild,0
TXN05787,U05787,25,Female,8.13,2.17,4.54,3.64,3.0,209,219,10.6,Medium,Yes,Severe,1
TXN05788,U05788,29,Other,8.34,5.47,4.21,1.52,3.0,296,103,9.05,High,Yes,Severe,1
TXN05789,U05789,30,Female,7.17,3.87,2.74,3.89,5.42,117,161,7.97,High,Yes,Mild,0
TXN05790,U05790,21,Male,10.81,0.67,3.81,5.5,4.77,103,200,13.33,Low,No,Moderate,1
TXN05791,U05791,32,Female,6.56,1.69,2.25,1.34,7.26,199,213,9.27,Medium,Yes,Moderate,1
TXN05792,U05792,28,Other,5.68,4.0,3.25,3.05,5.75,183,127,7.04,Low,No,,0
TXN05793,U05793,19,Other,3.81,5.39,4.47,5.98,4.85,175,213,5.84,Low,No,Severe,1
TXN05794,U05794,31,Male,11.74,2.27,3.92,0.64,5.95,146,192,13.1,High,No,Severe,1
TXN05795,U05795,20,Female,6.12,5.53,3.35,2.5,4.59,330,229,8.31,High,Yes,Severe,1
TXN05796,U05796,18,Other,6.2,5.17,5.59,3.16,5.86,137,228,6.96,Medium,Yes,Moderate,1
TXN05797,U05797,26,Other,9.6,5.21,4.56,5.54,6.17,233,152,11.9,High,Yes,Severe,1
TXN05798,U05798,22,Male,10.01,5.2,3.29,4.36,3.41,244,223,12.32,Medium,No,Moderate,1
TXN05799,U05799,21,Female,10.3,1.59,1.63,4.13,5.66,118,175,11.63,Medium,Yes,Moderate,1
TXN05800,U05800,33,Male,4.66,2.3,2.12,5.39,3.84,211,93,5.99,Medium,Yes,Mild,0
TXN05801,U05801,23,Other,3.09,4.13,3.01,2.3,5.87,93,92,5.46,Medium,Yes,Moderate,1
TXN05802,U05802,28,Other,11.37,3.74,5.46,1.29,3.0,213,157,14.07,Low,Yes,Severe,1
TXN05803,U05803,23,Male,9.18,1.66,4.18,0.96,3.68,167,115,11.67,Low,No,Moderate,1
TXN05804,U05804,18,Female,4.96,3.96,1.76,1.27,5.91,163,188,5.5,Medium,No,Mild,0
TXN05805,U05805,33,Female,11.1,5.28,2.45,3.98,4.41,155,97,13.7,Medium,Yes,Severe,1
TXN05806,U05806,30,Male,7.32,2.18,2.42,5.6,4.21,256,113,9.64,Medium,No,Moderate,1
TXN05807,U05807,32,Female,3.35,0.88,0.29,4.68,7.58,70,65,5.7,Medium,Yes,,0
TXN05808,U05808,24,Other,7.33,5.97,1.7,0.62,3.17,152,160,8.07,Low,No,Moderate,1
TXN05809,U05809,33,Male,8.01,5.44,3.55,5.27,5.16,240,250,10.9,Medium,Yes,Severe,1
TXN05810,U05810,18,Other,5.21,4.14,2.9,2.88,6.0,168,202,7.8,Low,Yes,Severe,1
TXN05811,U05811,22,Male,11.49,2.98,4.95,3.05,3.0,279,167,13.85,Low,No,Severe,1
TXN05812,U05812,20,Female,3.03,1.53,1.75,3.97,6.86,57,187,5.48,High,No,Mild,0
TXN05813,U05813,32,Male,10.68,3.57,6.08,3.97,3.34,314,180,12.7,High,Yes,Severe,1
TXN05814,U05814,24,Other,10.89,0.71,2.24,3.76,6.43,164,141,11.82,Low,Yes,Moderate,1
TXN05815,U05815,27,Other,9.63,1.7,2.77,1.84,5.83,320,99,12.34,High,Yes,Severe,1
TXN05816,U05816,23,Male,8.59,2.56,2.36,4.64,5.58,264,65,10.54,High,No,Moderate,1
TXN05817,U05817,23,Male,3.22,2.99,1.41,0.61,6.83,138,131,4.7,Low,Yes,Mild,0
TXN05818,U05818,31,Female,9.36,1.73,4.15,1.14,3.99,212,137,10.61,Medium,Yes,Moderate,1
TXN05819,U05819,25,Other,11.78,3.89,2.13,3.18,3.96,98,215,14.75,Medium,No,Moderate,1
TXN05820,U05820,23,Female,5.93,3.02,0.98,2.92,6.24,217,81,7.8,Low,Yes,,0
TXN05821,U05821,22,Male,10.86,1.77,4.4,4.77,4.87,204,106,13.35,Low,Yes,Severe,1
TXN05822,U05822,21,Other,5.11,3.4,1.89,3.59,5.23,176,109,6.21,Low,No,,0
TXN05823,U05823,26,Other,10.99,4.64,4.54,2.05,5.66,303,250,12.82,High,No,Severe,1
TXN05824,U05824,25,Female,7.52,1.51,3.78,2.35,3.21,284,78,8.14,Medium,Yes,Moderate,1
TXN05825,U05825,35,Male,11.01,4.35,4.44,5.24,4.56,235,168,12.16,Medium,Yes,Moderate,1
TXN05826,U05826,21,Other,7.66,0.58,3.25,4.5,6.97,195,180,9.53,Medium,Yes,Mild,0
TXN05827,U05827,29,Female,8.56,0.55,4.53,0.88,5.49,267,76,11.32,High,Yes,Moderate,1
TXN05828,U05828,30,Female,4.84,4.42,3.94,1.3,3.32,198,200,7.27,Medium,No,Severe,1
TXN05829,U05829,21,Female,6.28,3.2,3.4,5.01,6.92,176,153,8.91,Medium,Yes,Moderate,1
TXN05830,U05830,35,Female,5.67,5.6,4.33,3.07,6.9,238,218,6.83,Medium,No,Moderate,1
TXN05831,U05831,25,Male,5.84,2.71,2.48,3.25,7.95,182,40,7.4,High,No,Mild,0
TXN05832,U05832,20,Male,9.15,2.62,2.21,3.29,7.03,103,70,11.46,Medium,Yes,Moderate,1
TXN05833,U05833,31,Other,11.48,3.3,5.16,1.3,3.77,181,195,12.97,High,Yes,Moderate,1
TXN05834,U05834,35,Other,11.42,5.83,2.74,2.15,5.76,169,164,13.64,Medium,No,Moderate,1
TXN05835,U05835,20,Other,4.62,5.97,2.3,1.29,4.75,105,173,7.03,Low,Yes,Moderate,1
TXN05836,U05836,21,Other,7.27,1.37,3.89,2.22,4.35,74,182,8.8,Medium,Yes,Mild,0
TXN05837,U05837,31,Female,7.35,2.86,3.42,4.39,5.53,265,207,8.84,Medium,No,Moderate,1
TXN05838,U05838,32,Male,11.33,5.41,6.03,4.74,4.89,248,123,12.54,High,Yes,Severe,1
TXN05839,U05839,31,Female,4.79,3.13,2.15,3.01,8.78,59,120,7.21,Medium,Yes,,0
TXN05840,U05840,34,Male,3.99,2.79,1.35,4.12,7.27,122,93,4.61,High,No,,0
TXN05841,U05841,23,Other,11.53,3.46,5.4,4.42,5.07,251,215,14.5,Medium,No,Moderate,1
TXN05842,U05842,26,Other,3.8,1.85,3.92,2.04,6.4,242,67,6.11,Low,Yes,Mild,0
TXN05843,U05843,20,Male,5.43,0.95,2.21,1.32,7.53,120,127,7.77,High,Yes,Mild,0
TXN05844,U05844,27,Female,4.96,5.63,2.98,0.81,7.07,187,219,7.71,High,Yes,Moderate,1
TXN05845,U05845,20,Other,3.54,1.88,3.9,2.48,5.07,213,75,5.84,High,Yes,Mild,0
TXN05846,U05846,27,Female,4.37,1.86,3.33,5.85,8.9,133,30,5.92,Medium,No,,0
TXN05847,U05847,33,Male,6.56,1.29,2.38,3.87,5.92,269,204,7.18,Low,No,Mild,0
TXN05848,U05848,25,Female,5.54,5.94,5.41,3.01,7.25,287,103,7.95,High,Yes,Moderate,1
TXN05849,U05849,19,Male,3.32,1.39,2.06,3.92,3.76,61,64,4.22,Medium,Yes,Mild,0
TXN05850,U05850,19,Male,8.07,3.46,5.23,1.36,6.39,254,212,9.25,Low,No,Moderate,1
TXN05851,U05851,20,Female,9.82,3.84,4.62,5.06,3.45,223,171,12.12,Medium,No,Moderate,1
TXN05852,U05852,31,Other,5.17,3.55,4.61,2.0,6.71,217,126,7.29,Medium,No,Mild,0
TXN05853,U05853,30,Other,3.05,4.61,5.32,1.38,4.48,188,226,5.2,Medium,No,Moderate,1
TXN05854,U05854,20,Female,7.76,5.77,4.28,0.92,5.54,333,141,10.55,Medium,Yes,Severe,1
TXN05855,U05855,24,Female,11.75,1.78,6.2,1.01,3.0,250,103,13.34,Medium,No,Severe,1
TXN05856,U05856,34,Male,10.1,1.63,4.81,4.6,5.45,95,136,12.72,Medium,Yes,Moderate,1
TXN05857,U05857,19,Female,9.58,1.74,4.3,3.85,3.92,256,175,11.87,Low,No,Severe,1
TXN05858,U05858,19,Male,10.02,1.92,5.79,3.79,5.52,304,171,11.72,Medium,Yes,Severe,1
TXN05859,U05859,30,Other,8.27,1.34,1.69,2.39,3.6,196,120,9.64,Medium,No,Moderate,1
TXN05860,U05860,34,Other,10.75,2.36,4.17,1.96,3.41,144,152,13.71,High,Yes,Severe,1
TXN05861,U05861,23,Female,9.47,4.77,3.01,1.3,3.93,142,127,11.31,Low,No,Moderate,1
TXN05862,U05862,33,Male,8.56,3.32,1.78,5.18,3.84,267,87,11.34,Low,No,Moderate,1
TXN05863,U05863,18,Other,5.84,3.78,3.75,4.72,3.83,255,143,6.65,Low,No,Mild,0
TXN05864,U05864,32,Male,4.02,4.13,3.98,3.15,6.43,309,122,5.91,Low,Yes,Moderate,1
TXN05865,U05865,19,Other,8.59,1.14,4.81,3.39,3.0,300,187,10.48,Low,No,Severe,1
TXN05866,U05866,24,Other,8.53,5.1,2.48,2.62,7.27,190,219,9.06,Medium,Yes,Moderate,1
TXN05867,U05867,31,Male,3.32,5.43,3.68,1.35,6.38,127,118,5.2,High,Yes,Moderate,1
TXN05868,U05868,29,Other,4.91,2.24,2.72,5.9,6.59,29,100,6.94,High,No,,0
TXN05869,U05869,20,Female,11.54,5.19,4.92,3.44,3.0,229,247,13.04,Medium,No,Severe,1
TXN05870,U05870,32,Male,7.92,4.8,4.29,1.54,3.0,285,155,10.46,High,Yes,Severe,1
TXN05871,U05871,18,Female,11.25,2.65,4.1,1.22,3.61,255,234,13.1,Medium,No,Severe,1
TXN05872,U05872,34,Female,11.48,3.72,5.52,1.83,4.19,333,253,12.03,High,Yes,Severe,1
TXN05873,U05873,18,Female,3.02,3.38,3.25,5.35,7.42,85,67,5.71,High,Yes,,0
TXN05874,U05874,24,Male,3.63,5.8,2.43,4.64,5.22,178,184,5.81,Medium,No,Severe,1
TXN05875,U05875,28,Male,5.96,0.88,3.66,5.52,8.99,133,148,7.21,Medium,No,,0
TXN05876,U05876,34,Male,9.7,1.59,5.52,3.13,4.67,155,188,11.69,High,Yes,Severe,1
TXN05877,U05877,26,Female,9.07,2.74,4.91,1.55,5.99,103,131,11.47,Low,No,Moderate,1
TXN05878,U05878,18,Other,3.62,5.62,5.28,4.87,6.17,233,212,5.39,High,No,Moderate,1
TXN05879,U05879,23,Other,5.51,5.91,5.96,2.49,5.3,336,149,6.79,Low,No,Severe,1
TXN05880,U05880,20,Male,4.42,1.36,1.61,3.7,5.14,215,71,7.11,High,Yes,,0
TXN05881,U05881,31,Male,4.39,2.6,3.17,1.25,7.58,30,132,5.45,High,Yes,,0
TXN05882,U05882,23,Male,9.59,4.02,4.99,3.04,5.81,167,138,12.09,Low,No,Moderate,1
TXN05883,U05883,26,Other,9.8,4.87,1.67,5.34,5.67,219,198,11.7,Medium,No,Moderate,1
TXN05884,U05884,25,Female,8.45,1.97,4.16,2.69,5.35,180,76,9.29,High,No,Moderate,1
TXN05885,U05885,21,Other,5.39,4.22,5.46,1.81,5.58,180,236,7.94,High,No,Severe,1
TXN05886,U05886,21,Male,7.18,1.39,1.66,0.84,4.86,214,223,9.07,High,Yes,Moderate,1
TXN05887,U05887,30,Other,4.98,5.0,1.98,5.42,3.72,213,116,6.65,High,Yes,Moderate,1
TXN05888,U05888,27,Male,5.48,3.22,2.32,0.59,5.18,45,153,8.1,Medium,Yes,,0
TXN05889,U05889,23,Male,6.08,2.27,2.86,3.31,5.16,173,90,9.02,Low,Yes,Mild,0
TXN05890,U05890,18,Male,11.61,2.99,4.91,5.62,4.46,100,158,13.71,Low,No,Moderate,1
TXN05891,U05891,31,Male,5.5,4.87,5.54,3.03,6.2,260,80,8.05,Medium,Yes,Moderate,1
TXN05892,U05892,33,Female,3.62,3.45,2.21,5.56,4.02,88,57,6.15,Medium,No,Mild,0
TXN05893,U05893,35,Male,11.04,3.6,5.46,1.63,6.45,167,95,13.52,Medium,Yes,Severe,1
TXN05894,U05894,28,Other,10.74,0.94,5.64,2.91,4.81,255,203,12.65,Low,No,Severe,1
TXN05895,U05895,19,Female,3.1,5.96,2.33,2.27,6.67,101,84,5.94,Medium,No,Moderate,1
TXN05896,U05896,27,Other,10.23,4.05,1.75,3.8,3.7,306,209,12.69,Low,No,Moderate,1
TXN05897,U05897,27,Female,8.77,3.17,4.26,4.5,4.93,232,200,9.4,Medium,No,Severe,1
TXN05898,U05898,22,Male,7.25,3.68,3.96,5.23,6.21,73,64,8.15,Medium,Yes,Mild,0
TXN05899,U05899,34,Female,9.36,3.45,4.76,1.1,7.19,264,139,11.57,Medium,No,Moderate,1
TXN05900,U05900,31,Female,3.74,3.19,0.97,0.66,6.94,92,170,5.43,Medium,Yes,,0
TXN05901,U05901,19,Other,10.2,1.26,5.47,3.0,4.21,234,127,13.04,High,Yes,Moderate,1
TXN05902,U05902,30,Other,6.17,2.23,2.72,3.47,4.75,104,212,8.35,Low,No,Moderate,1
TXN05903,U05903,30,Male,3.54,1.36,0.24,5.23,7.18,68,177,6.53,High,Yes,,0
TXN05904,U05904,19,Female,10.3,4.74,2.34,1.28,4.35,291,195,11.51,Low,Yes,Moderate,1
TXN05905,U05905,32,Male,7.63,5.03,3.39,2.25,3.57,306,122,8.49,Medium,Yes,Moderate,1
TXN05906,U05906,35,Male,4.4,1.15,1.65,0.54,5.94,213,26,6.58,Medium,No,,0
TXN05907,U05907,19,Other,10.92,4.66,4.75,2.66,3.0,201,136,13.38,High,No,Severe,1
TXN05908,U05908,33,Male,9.87,0.59,2.48,2.1,3.8,143,181,11.27,Low,No,Severe,1
TXN05909,U05909,21,Female,6.59,5.58,3.94,2.46,5.08,299,210,9.05,Medium,Yes,Moderate,1
TXN05910,U05910,28,Female,5.38,3.66,2.54,2.16,7.59,189,77,7.4,Medium,Yes,Mild,0
TXN05911,U05911,30,Male,3.66,5.3,2.03,3.4,6.74,313,79,6.27,Medium,No,Moderate,1
TXN05912,U05912,31,Male,3.82,0.72,3.49,5.52,5.02,114,125,6.57,Medium,No,,0
TXN05913,U05913,31,Female,4.76,3.91,4.5,3.94,7.0,132,130,7.52,Low,No,Mild,0
TXN05914,U05914,27,Female,7.11,5.98,4.45,1.04,3.52,220,249,8.21,High,No,Severe,1
TXN05915,U05915,21,Female,10.76,1.23,5.31,3.25,5.14,165,102,11.66,Low,Yes,Moderate,1
TXN05916,U05916,24,Male,10.18,0.57,2.82,2.27,6.29,170,152,11.01,High,Yes,Severe,1
TXN05917,U05917,19,Female,5.38,1.05,3.15,4.45,5.18,185,114,6.36,Medium,Yes,Mild,0
TXN05918,U05918,31,Other,3.1,0.64,2.86,1.11,5.71,33,68,4.15,Low,Yes,,0
TXN05919,U05919,24,Female,10.97,4.57,5.23,2.46,5.03,277,78,13.17,Low,Yes,Moderate,1
TXN05920,U05920,31,Male,7.41,5.82,4.33,5.63,5.16,199,156,9.24,Medium,Yes,Moderate,1
TXN05921,U05921,30,Male,10.76,3.27,3.16,5.88,5.12,259,202,13.29,Medium,Yes,Severe,1
TXN05922,U05922,27,Other,3.07,2.45,3.02,2.47,4.83,234,117,5.12,Low,Yes,,0
TXN05923,U05923,20,Female,9.32,3.51,2.67,3.29,4.93,280,107,11.84,High,Yes,Severe,1
TXN05924,U05924,18,Other,3.72,5.14,4.5,5.11,4.18,326,119,5.36,Medium,No,Severe,1
TXN05925,U05925,28,Female,11.59,3.59,5.67,2.9,3.0,307,205,13.31,High,No,Severe,1
TXN05926,U05926,21,Other,6.11,2.58,3.4,1.68,6.9,294,188,8.84,Medium,Yes,Moderate,1
TXN05927,U05927,20,Other,4.94,5.59,5.55,1.14,6.44,325,114,7.84,High,No,Severe,1
TXN05928,U05928,26,Male,9.01,2.24,5.31,2.29,4.66,98,179,9.78,High,No,Moderate,1
TXN05929,U05929,21,Male,3.37,2.87,3.7,1.29,5.1,241,107,4.76,Medium,No,Mild,0
TXN05930,U05930,20,Other,8.7,3.66,2.55,4.98,4.8,115,104,11.09,Medium,No,Moderate,1
TXN05931,U05931,22,Other,6.65,1.73,2.6,5.46,8.01,63,193,8.02,Low,Yes,Mild,0
TXN05932,U05932,23,Other,10.55,1.36,4.48,5.94,3.34,231,130,13.0,Medium,Yes,Moderate,1
TXN05933,U05933,33,Female,9.24,5.61,3.03,1.16,3.58,180,112,12.1,Low,Yes,Severe,1
TXN05934,U05934,33,Male,3.24,2.1,4.35,3.93,7.54,241,177,3.97,High,No,Mild,0
TXN05935,U05935,30,Other,4.31,4.76,6.22,1.97,5.9,311,117,6.21,Low,Yes,Severe,1
TXN05936,U05936,35,Other,10.87,2.23,3.97,2.88,3.63,220,129,13.01,Medium,No,Moderate,1
TXN05937,U05937,22,Male,6.63,3.18,5.32,4.72,5.99,298,167,9.21,Low,No,Moderate,1
TXN05938,U05938,19,Male,10.46,0.79,4.88,1.16,3.0,160,221,11.17,Low,Yes,Severe,1
TXN05939,U05939,27,Male,3.18,4.41,4.39,4.11,6.57,245,148,4.87,High,Yes,Severe,1
TXN05940,U05940,21,Other,9.53,3.05,2.41,0.76,6.23,269,213,11.95,Low,Yes,Severe,1
TXN05941,U05941,25,Female,11.69,2.83,4.72,3.33,3.0,138,205,13.39,High,No,Severe,1
TXN05942,U05942,33,Female,10.82,5.72,2.67,2.71,6.56,138,193,11.99,Medium,No,Severe,1
TXN05943,U05943,22,Female,5.58,0.82,1.89,3.89,5.98,158,114,8.21,Low,No,Mild,0
TXN05944,U05944,21,Female,4.55,2.31,0.71,5.4,6.4,133,75,7.42,Medium,No,,0
TXN05945,U05945,26,Other,3.83,3.06,2.96,1.67,4.52,75,78,5.28,High,Yes,Mild,0
TXN05946,U05946,29,Male,3.21,5.96,3.26,2.29,6.42,297,177,4.75,High,No,Severe,1
TXN05947,U05947,18,Male,5.6,4.09,3.91,5.92,5.47,266,136,7.19,High,Yes,Severe,1
TXN05948,U05948,27,Female,4.65,2.48,0.74,5.31,7.37,22,19,5.98,Medium,Yes,,0
TXN05949,U05949,23,Other,7.28,5.8,2.3,3.44,6.82,120,194,8.24,Low,No,Moderate,1
TXN05950,U05950,35,Male,5.46,5.69,3.61,1.92,4.76,178,226,7.92,Medium,Yes,Moderate,1
TXN05951,U05951,30,Female,11.45,3.1,3.42,1.55,6.96,137,73,12.01,Low,Yes,Moderate,1
TXN05952,U05952,35,Other,8.49,5.64,4.05,4.17,5.01,162,203,9.01,High,Yes,Moderate,1
TXN05953,U05953,29,Male,4.44,2.25,2.87,1.9,5.38,165,100,6.94,Low,No,Mild,0
TXN05954,U05954,32,Other,5.6,5.84,3.17,5.83,5.25,121,146,6.92,Medium,Yes,Moderate,1
TXN05955,U05955,31,Female,9.77,0.78,4.28,3.1,4.36,285,94,12.41,Low,No,Moderate,1
TXN05956,U05956,22,Female,5.88,3.56,1.57,3.35,7.17,73,66,6.99,Medium,No,,0
TXN05957,U05957,31,Female,7.92,4.42,3.17,5.03,6.03,276,247,10.41,Low,No,Severe,1
TXN05958,U05958,22,Male,7.22,5.66,2.22,0.63,6.83,217,182,9.58,Low,No,Moderate,1
TXN05959,U05959,27,Other,10.15,5.58,2.61,3.23,4.54,246,150,11.73,High,No,Severe,1
TXN05960,U05960,28,Other,4.34,5.37,2.25,1.13,4.22,132,73,6.57,Low,Yes,Moderate,1
TXN05961,U05961,23,Male,9.96,5.07,4.02,1.89,5.43,256,146,10.79,High,Yes,Moderate,1
TXN05962,U05962,29,Female,8.19,2.21,3.29,1.54,5.43,282,186,11.11,High,No,Moderate,1
TXN05963,U05963,31,Female,11.17,5.49,2.01,3.07,6.89,249,229,11.8,Medium,Yes,Moderate,1
TXN05964,U05964,19,Male,9.17,3.8,3.34,1.75,5.55,281,223,11.69,High,No,Severe,1
TXN05965,U05965,26,Male,8.76,5.46,2.47,1.88,3.73,187,211,9.4,Medium,No,Moderate,1
TXN05966,U05966,19,Other,10.04,1.41,3.5,1.53,4.34,290,135,10.57,Medium,No,Moderate,1
TXN05967,U05967,25,Other,10.3,0.65,2.59,5.47,4.79,93,189,12.25,High,No,Moderate,1
TXN05968,U05968,33,Male,10.1,2.9,3.0,2.6,4.06,283,217,12.33,Medium,No,Moderate,1
TXN05969,U05969,26,Female,7.79,3.27,3.87,2.2,5.36,91,97,8.73,Low,No,Moderate,1
TXN05970,U05970,30,Female,6.27,0.88,4.51,5.44,4.58,317,222,7.62,Medium,Yes,Moderate,1
TXN05971,U05971,22,Male,10.42,1.77,5.37,1.17,6.7,229,126,11.64,Low,No,Moderate,1
TXN05972,U05972,32,Male,6.07,2.66,3.25,2.79,5.38,146,98,8.92,Low,No,Mild,0
TXN05973,U05973,26,Male,6.42,4.8,2.52,1.2,4.66,299,87,7.86,Low,No,Moderate,1
TXN05974,U05974,32,Female,4.36,4.79,2.95,1.46,4.36,168,197,5.16,Medium,Yes,Moderate,1
TXN05975,U05975,31,Male,8.71,4.0,5.02,3.83,3.39,224,66,10.53,Medium,No,Moderate,1
TXN05976,U05976,30,Female,3.02,3.95,2.86,3.86,7.31,121,28,3.66,Medium,No,,0
TXN05977,U05977,18,Female,6.61,5.37,3.41,5.67,6.93,124,73,8.25,Low,Yes,Moderate,1
TXN05978,U05978,35,Female,9.97,2.37,3.4,2.8,7.26,118,68,11.08,Low,Yes,Moderate,1
TXN05979,U05979,18,Male,3.89,1.72,0.64,0.96,7.26,243,175,6.68,High,No,,0
TXN05980,U05980,22,Female,5.34,2.74,1.0,4.35,8.38,93,16,8.3,Low,No,,0
TXN05981,U05981,20,Male,4.05,2.56,2.67,5.6,4.71,284,52,6.74,Medium,Yes,Mild,0
TXN05982,U05982,29,Female,11.8,5.46,1.92,1.61,3.11,208,112,12.88,Medium,Yes,Moderate,1
TXN05983,U05983,21,Female,7.57,1.75,4.88,2.75,3.43,125,218,10.27,Medium,Yes,Moderate,1
TXN05984,U05984,27,Female,8.0,1.01,2.78,1.21,6.12,146,153,10.53,Low,Yes,Moderate,1
TXN05985,U05985,19,Female,4.27,4.19,5.56,2.16,6.54,307,191,5.54,Medium,No,Moderate,1
TXN05986,U05986,20,Other,7.96,2.45,1.09,3.07,4.64,144,188,9.59,High,No,Mild,0
TXN05987,U05987,33,Other,7.56,5.33,2.8,3.32,3.98,353,210,9.6,Low,Yes,Severe,1
TXN05988,U05988,25,Male,8.14,4.56,5.93,3.72,3.58,250,137,8.71,Low,Yes,Severe,1
TXN05989,U05989,21,Male,3.56,3.47,3.65,1.15,8.18,126,150,5.64,Low,Yes,,0
TXN05990,U05990,24,Other,7.71,1.59,5.41,5.93,5.49,145,147,9.95,High,Yes,Moderate,1
TXN05991,U05991,24,Male,7.39,4.92,1.78,2.03,4.99,137,207,10.19,High,Yes,Moderate,1
TXN05992,U05992,18,Male,11.43,5.34,2.68,2.01,3.0,193,96,12.5,High,No,Severe,1
TXN05993,U05993,21,Male,3.99,5.5,1.68,3.87,4.14,305,193,5.96,Low,No,Moderate,1
TXN05994,U05994,21,Other,4.53,2.57,4.05,1.9,4.99,190,120,6.91,Low,No,Mild,0
TXN05995,U05995,27,Female,11.79,0.93,4.89,0.6,5.66,216,149,13.25,Low,Yes,Moderate,1
TXN05996,U05996,25,Male,3.69,1.73,0.74,1.72,4.92,169,74,5.7,High,Yes,,0
TXN05997,U05997,29,Other,9.34,5.17,2.57,5.4,5.05,132,174,10.26,Medium,No,Moderate,1
TXN05998,U05998,25,Male,8.15,2.81,5.97,1.42,5.13,238,140,8.66,Medium,Yes,Severe,1
TXN05999,U05999,25,Female,6.56,3.39,4.41,0.57,6.8,225,130,9.12,High,No,Mild,0
TXN06000,U06000,26,Female,11.12,4.59,4.12,4.19,5.91,206,173,12.53,Low,No,Moderate,1
TXN06001,U06001,33,Female,11.24,2.22,3.28,3.68,6.54,177,252,12.7,High,No,Severe,1
TXN06002,U06002,26,Male,3.98,3.73,0.82,0.9,7.4,212,40,5.03,High,Yes,Mild,0
TXN06003,U06003,25,Female,3.42,1.4,4.64,3.29,7.22,106,138,4.6,Medium,No,Mild,0
TXN06004,U06004,24,Male,3.21,4.87,5.86,0.74,4.02,205,230,3.84,High,No,Severe,1
TXN06005,U06005,30,Male,11.66,5.11,2.81,2.74,4.56,174,183,12.4,High,Yes,Moderate,1
TXN06006,U06006,18,Female,11.87,3.39,3.21,4.85,4.7,293,122,14.65,Medium,No,Severe,1
TXN06007,U06007,19,Female,7.28,5.13,5.66,5.0,5.15,161,229,7.83,High,No,Severe,1
TXN06008,U06008,18,Female,11.92,0.56,2.41,5.96,4.05,272,213,13.61,Low,Yes,Severe,1
TXN06009,U06009,30,Other,5.73,1.24,3.48,5.09,4.22,158,189,7.25,High,Yes,Mild,0
TXN06010,U06010,33,Male,8.25,3.0,5.65,1.79,3.42,347,171,10.3,Low,No,Severe,1
TXN06011,U06011,22,Other,10.25,4.16,5.3,2.24,5.58,297,193,10.83,High,No,Severe,1
TXN06012,U06012,20,Female,5.82,2.25,0.48,0.63,4.85,114,93,7.09,Medium,Yes,,0
TXN06013,U06013,29,Other,7.41,3.12,3.08,3.48,6.0,64,54,8.28,Low,Yes,Mild,0
TXN06014,U06014,33,Other,10.66,4.68,3.37,3.37,5.5,188,82,12.36,High,Yes,Moderate,1
TXN06015,U06015,22,Male,6.36,0.82,3.62,4.83,6.94,147,155,7.43,Low,Yes,Mild,0
TXN06016,U06016,22,Other,6.62,0.7,2.61,2.47,4.35,214,175,8.42,Low,Yes,Mild,0
TXN06017,U06017,20,Female,4.22,1.32,2.04,1.54,6.49,248,49,6.52,Low,No,Mild,0
TXN06018,U06018,33,Female,4.29,3.31,2.72,0.63,6.88,238,93,6.44,High,No,Mild,0
TXN06019,U06019,32,Male,3.72,2.67,0.93,4.05,7.77,32,174,4.6,Low,No,,0
TXN06020,U06020,34,Male,4.91,1.36,1.85,5.5,7.31,84,151,6.89,High,No,Mild,0
TXN06021,U06021,26,Male,3.77,3.42,4.64,4.64,7.61,169,149,6.35,Medium,Yes,Mild,0
TXN06022,U06022,22,Female,3.87,2.71,1.84,2.37,6.22,77,187,5.13,Medium,Yes,Mild,0
TXN06023,U06023,25,Female,7.6,0.99,3.42,0.65,5.28,57,201,10.09,Low,Yes,Mild,0
TXN06024,U06024,25,Male,6.33,2.32,4.01,2.48,5.59,136,67,8.75,High,No,Moderate,1
TXN06025,U06025,18,Other,8.72,4.4,5.44,5.17,3.0,134,101,11.34,High,No,Moderate,1
TXN06026,U06026,31,Other,7.17,0.76,4.01,5.22,4.09,154,45,10.01,High,Yes,Mild,0
TXN06027,U06027,18,Male,5.02,1.39,4.76,1.38,5.3,133,97,6.02,Medium,No,Mild,0
TXN06028,U06028,31,Other,9.32,2.34,1.75,1.26,5.04,169,90,11.95,Low,No,Moderate,1
TXN06029,U06029,23,Male,5.26,3.71,2.33,1.53,7.99,113,198,7.35,Low,No,Mild,0
TXN06030,U06030,31,Female,9.51,4.35,1.8,5.47,4.61,103,182,11.47,High,Yes,Moderate,1
TXN06031,U06031,21,Other,6.18,0.67,3.44,3.95,3.17,225,84,7.71,Medium,Yes,Moderate,1
TXN06032,U06032,35,Other,6.26,4.13,4.69,4.04,3.81,308,104,6.91,High,Yes,Moderate,1
TXN06033,U06033,29,Other,5.14,1.33,1.1,3.82,4.54,40,96,8.03,Low,Yes,,0
TXN06034,U06034,31,Female,5.37,3.4,1.64,5.73,5.91,188,131,7.86,High,Yes,,0
TXN06035,U06035,30,Male,9.38,4.09,4.35,3.83,3.67,223,215,10.96,High,No,Moderate,1
TXN06036,U06036,23,Other,9.39,2.57,5.29,1.56,3.0,206,169,11.01,Medium,Yes,Severe,1
TXN06037,U06037,26,Female,5.76,4.58,2.31,3.47,6.94,318,114,6.65,Medium,Yes,Moderate,1
TXN06038,U06038,30,Male,10.12,4.52,3.98,3.16,5.32,305,177,11.01,Medium,Yes,Moderate,1
TXN06039,U06039,31,Male,8.54,0.62,3.18,0.61,7.34,240,167,9.61,Medium,No,Moderate,1
TXN06040,U06040,23,Male,5.48,0.83,4.72,0.55,6.75,134,64,8.2,Medium,Yes,Mild,0
TXN06041,U06041,24,Male,11.26,3.13,4.97,1.69,4.6,95,132,12.92,Low,No,Moderate,1
TXN06042,U06042,35,Male,11.51,2.83,3.22,2.13,6.24,197,113,12.92,High,No,Moderate,1
TXN06043,U06043,20,Other,10.16,1.21,4.02,1.15,4.0,172,129,12.69,Low,No,Moderate,1
TXN06044,U06044,29,Male,9.77,3.91,4.87,5.48,3.19,194,100,12.08,High,Yes,Moderate,1
TXN06045,U06045,26,Other,3.08,4.79,4.87,3.36,7.18,252,69,5.8,Medium,No,Moderate,1
TXN06046,U06046,25,Female,5.38,0.94,1.36,1.83,7.11,137,205,7.77,High,No,Mild,0
TXN06047,U06047,18,Other,4.26,1.12,0.79,1.25,6.65,239,20,6.91,High,Yes,,0
TXN06048,U06048,21,Other,11.88,5.59,5.6,3.25,3.0,191,144,14.64,High,No,Severe,1
TXN06049,U06049,20,Female,4.25,3.7,2.5,4.36,7.55,187,47,5.56,Low,Yes,Mild,0
TXN06050,U06050,18,Female,10.07,2.13,3.1,5.1,3.0,211,124,12.97,Low,No,Moderate,1
TXN06051,U06051,32,Male,6.26,1.7,3.18,4.32,6.57,200,120,9.25,High,Yes,Mild,0
TXN06052,U06052,26,Male,9.11,4.57,6.34,1.58,5.34,348,94,10.59,High,No,Severe,1
TXN06053,U06053,24,Female,9.58,3.91,3.04,5.46,4.35,147,135,11.26,High,Yes,Severe,1
TXN06054,U06054,26,Other,9.78,3.54,6.36,5.82,5.75,327,230,12.0,Medium,Yes,Severe,1
TXN06055,U06055,34,Female,6.21,2.24,1.39,4.72,3.94,79,66,8.03,Low,No,Mild,0
TXN06056,U06056,25,Male,10.19,5.29,5.3,0.57,5.24,311,172,11.53,Medium,No,Severe,1
TXN06057,U06057,28,Other,5.46,0.99,1.11,5.57,7.64,157,122,6.15,Medium,No,,0
TXN06058,U06058,27,Male,4.12,4.01,3.82,1.35,4.5,221,81,5.29,Low,Yes,Moderate,1
TXN06059,U06059,21,Other,8.19,2.39,4.26,4.5,6.2,261,203,8.94,Medium,No,Moderate,1
TXN06060,U06060,34,Female,3.98,3.98,1.59,1.75,5.99,45,163,5.71,Low,No,,0
TXN06061,U06061,26,Other,6.22,2.79,4.96,1.37,5.12,232,99,8.45,Medium,No,Moderate,1
TXN06062,U06062,33,Female,4.2,0.76,0.97,4.28,5.43,60,75,5.77,Medium,No,Mild,0
TXN06063,U06063,33,Other,6.9,1.17,2.31,1.23,6.57,192,128,8.5,Medium,No,Moderate,1
TXN06064,U06064,32,Female,8.61,2.13,2.53,4.24,5.58,307,163,11.56,Medium,Yes,Moderate,1
TXN06065,U06065,23,Other,10.28,1.62,3.12,5.9,5.79,320,233,11.77,High,Yes,Severe,1
TXN06066,U06066,24,Male,10.95,4.58,5.14,3.07,4.83,188,250,12.59,Low,No,Severe,1
TXN06067,U06067,24,Other,3.7,5.27,3.71,4.57,3.0,130,210,4.38,Low,No,Severe,1
TXN06068,U06068,32,Male,11.77,3.55,2.8,3.99,4.9,156,153,12.89,Low,No,Moderate,1
TXN06069,U06069,23,Other,11.55,5.34,3.6,2.74,3.0,334,229,12.86,Medium,No,Severe,1
TXN06070,U06070,22,Female,9.48,0.53,6.22,5.15,4.17,126,177,10.91,Low,Yes,Severe,1
TXN06071,U06071,18,Male,4.12,5.5,3.24,2.28,5.1,101,136,6.75,High,No,Moderate,1
TXN06072,U06072,25,Female,7.32,4.59,4.62,4.39,3.73,227,222,8.71,Medium,Yes,Severe,1
TXN06073,U06073,24,Other,9.82,3.9,4.72,3.75,4.89,197,210,10.52,High,No,Severe,1
TXN06074,U06074,21,Male,6.8,2.82,2.73,2.03,5.44,190,95,9.02,Medium,Yes,Moderate,1
TXN06075,U06075,18,Female,8.01,1.9,5.39,2.5,5.31,310,152,10.31,Low,Yes,Moderate,1
TXN06076,U06076,33,Male,3.3,5.58,3.39,2.87,4.01,273,132,5.7,Medium,Yes,Moderate,1
TXN06077,U06077,32,Male,8.73,2.04,3.04,3.14,6.31,129,86,11.7,High,Yes,Moderate,1
TXN06078,U06078,19,Female,8.48,2.13,4.76,3.39,3.44,230,79,10.33,Medium,No,Moderate,1
TXN06079,U06079,27,Other,3.96,5.84,5.3,0.6,6.28,233,251,6.64,Medium,No,Severe,1
TXN06080,U06080,34,Other,6.47,5.03,3.88,4.13,4.06,283,72,7.93,Medium,No,Moderate,1
TXN06081,U06081,18,Female,10.55,4.63,2.17,5.87,6.4,199,154,13.04,Low,Yes,Moderate,1
TXN06082,U06082,24,Other,10.29,2.08,3.7,1.79,3.68,180,91,11.65,Low,No,Moderate,1
TXN06083,U06083,28,Female,9.43,2.76,2.21,3.79,6.32,315,138,12.32,Low,No,Moderate,1
TXN06084,U06084,20,Female,10.46,0.93,4.41,1.6,5.04,213,107,11.61,Low,No,Severe,1
TXN06085,U06085,30,Male,6.31,2.02,4.38,4.55,6.42,172,141,8.74,High,No,Moderate,1
TXN06086,U06086,18,Other,6.83,3.62,1.73,4.06,4.98,185,139,9.67,Low,No,Mild,0
TXN06087,U06087,23,Male,3.98,3.78,2.37,1.16,7.42,106,75,6.46,Medium,Yes,Mild,0
TXN06088,U06088,23,Male,6.24,1.16,2.2,4.95,5.99,60,71,8.1,High,Yes,Mild,0
TXN06089,U06089,21,Other,3.5,2.58,3.48,3.71,4.68,190,41,5.5,Low,No,,0
TXN06090,U06090,26,Male,8.05,3.56,3.62,5.24,4.8,233,90,9.68,Medium,Yes,Severe,1
TXN06091,U06091,33,Female,3.43,1.93,0.22,2.55,8.76,215,176,5.19,Low,Yes,,0
TXN06092,U06092,26,Male,11.16,4.19,3.96,3.95,6.6,247,226,13.56,Medium,No,Moderate,1
TXN06093,U06093,28,Male,7.41,3.76,3.71,1.72,5.09,219,73,8.17,Medium,Yes,Mild,0
TXN06094,U06094,25,Female,4.52,1.69,3.54,0.88,7.17,160,113,7.25,High,Yes,,0
TXN06095,U06095,32,Male,11.69,1.86,4.08,0.85,6.03,174,195,12.44,Medium,No,Severe,1
TXN06096,U06096,32,Female,8.02,1.32,3.83,5.7,3.04,143,226,10.86,High,No,Severe,1
TXN06097,U06097,30,Female,8.4,2.14,3.7,2.35,3.8,162,190,9.15,Medium,Yes,Moderate,1
TXN06098,U06098,32,Male,3.77,5.79,4.55,5.94,4.67,156,75,5.26,Low,Yes,Moderate,1
TXN06099,U06099,29,Female,6.62,2.17,1.93,4.7,5.02,118,129,9.26,Low,Yes,Moderate,1
TXN06100,U06100,25,Male,5.98,4.86,1.94,2.93,5.18,271,131,8.71,High,No,Moderate,1
TXN06101,U06101,21,Other,3.53,5.39,5.09,2.93,5.34,185,194,6.4,Medium,Yes,Moderate,1
TXN06102,U06102,22,Female,4.06,5.23,4.13,5.09,4.74,234,104,6.9,Low,Yes,Severe,1
TXN06103,U06103,34,Female,6.87,2.75,2.49,0.96,5.48,139,205,7.5,High,No,Mild,0
TXN06104,U06104,18,Other,5.13,5.9,5.14,5.32,6.3,93,192,6.97,Medium,Yes,Moderate,1
TXN06105,U06105,26,Female,3.2,3.05,1.81,1.77,8.82,138,20,3.79,Low,No,,0
TXN06106,U06106,27,Male,9.05,4.85,3.1,1.25,7.27,101,229,10.67,Medium,No,Moderate,1
TXN06107,U06107,35,Other,10.54,4.56,6.17,3.49,3.07,300,171,12.47,Low,Yes,Severe,1
TXN06108,U06108,26,Other,8.09,0.84,2.66,3.73,3.73,208,120,8.85,Low,No,Severe,1
TXN06109,U06109,18,Male,10.86,2.07,3.75,3.01,6.71,193,178,11.86,High,Yes,Moderate,1
TXN06110,U06110,21,Male,7.19,2.62,5.3,1.5,5.65,264,98,10.18,Low,No,Moderate,1
TXN06111,U06111,34,Male,11.24,4.12,3.2,5.29,3.0,241,116,12.49,Low,Yes,Moderate,1
TXN06112,U06112,24,Male,5.81,2.37,3.07,1.54,7.36,99,48,6.67,Medium,No,,0
TXN06113,U06113,29,Female,9.62,4.78,4.71,4.66,6.3,140,164,12.2,Medium,No,Moderate,1
TXN06114,U06114,22,Other,11.86,0.83,5.15,3.9,4.62,229,99,13.01,Low,No,Moderate,1
TXN06115,U06115,33,Male,3.93,0.87,2.72,4.59,8.16,103,27,5.78,Low,No,,0
TXN06116,U06116,21,Female,11.76,1.02,4.59,5.84,3.0,259,133,13.73,Medium,No,Severe,1
TXN06117,U06117,19,Male,8.81,2.26,6.22,5.52,3.04,148,129,10.11,High,No,Severe,1
TXN06118,U06118,22,Female,11.21,2.02,4.43,4.57,3.73,105,184,13.0,High,Yes,Moderate,1
TXN06119,U06119,18,Other,10.55,3.71,5.17,3.78,3.31,313,103,12.91,High,Yes,Severe,1
TXN06120,U06120,32,Female,4.45,5.63,5.52,2.71,4.0,115,76,6.11,High,No,Moderate,1
TXN06121,U06121,24,Female,5.6,1.67,2.5,5.39,6.37,73,128,6.82,High,Yes,Mild,0
TXN06122,U06122,21,Male,7.0,2.52,2.44,4.87,6.2,64,70,8.8,Low,No,Mild,0
TXN06123,U06123,18,Male,3.05,1.54,0.94,2.8,8.19,99,205,5.86,High,Yes,Mild,0
TXN06124,U06124,25,Female,9.88,2.63,3.77,1.11,4.88,209,178,11.4,Medium,Yes,Moderate,1
TXN06125,U06125,34,Male,9.43,2.24,3.41,3.6,3.03,252,143,11.08,Medium,Yes,Moderate,1
TXN06126,U06126,25,Other,10.52,4.31,2.85,5.34,3.37,148,107,12.44,Low,Yes,Moderate,1
TXN06127,U06127,23,Male,10.26,3.88,3.52,3.96,3.7,254,128,11.11,Low,Yes,Severe,1
TXN06128,U06128,21,Female,3.39,3.47,4.07,4.35,6.14,142,52,4.86,Medium,Yes,Mild,0
TXN06129,U06129,21,Female,9.4,5.27,1.7,4.48,4.26,179,98,12.13,High,No,Moderate,1
TXN06130,U06130,35,Male,8.33,4.94,3.53,2.19,5.11,94,188,9.46,High,No,Moderate,1
TXN06131,U06131,27,Female,8.47,3.9,4.24,4.06,5.51,192,123,10.39,Medium,Yes,Moderate,1
TXN06132,U06132,30,Female,8.12,0.95,3.27,4.24,4.99,281,83,9.49,High,No,Moderate,1
TXN06133,U06133,25,Male,9.81,2.35,2.04,5.85,7.14,271,175,11.42,High,No,Moderate,1
TXN06134,U06134,26,Male,5.74,2.63,3.91,5.39,5.25,203,171,8.58,High,Yes,Mild,0
TXN06135,U06135,22,Female,8.76,4.66,3.24,1.59,3.0,262,180,9.48,Low,Yes,Severe,1
TXN06136,U06136,34,Other,11.31,4.41,3.93,2.81,5.62,260,184,12.24,Low,No,Severe,1
TXN06137,U06137,31,Female,3.06,4.32,4.66,4.52,3.0,349,254,3.72,Medium,No,Severe,1
TXN06138,U06138,30,Other,4.86,3.97,1.39,2.75,3.91,252,174,6.47,Medium,Yes,Mild,0
TXN06139,U06139,31,Male,10.14,1.02,4.43,6.0,6.02,154,95,10.97,Low,No,Severe,1
TXN06140,U06140,23,Other,11.56,3.74,2.53,2.81,5.8,94,75,13.9,Low,Yes,Moderate,1
TXN06141,U06141,28,Male,7.11,5.46,4.62,2.24,3.32,161,137,7.66,High,No,Severe,1
TXN06142,U06142,19,Other,7.09,2.11,2.89,2.64,4.51,247,144,9.82,Medium,Yes,Mild,0
TXN06143,U06143,30,Female,11.98,0.79,4.83,1.32,4.09,169,218,13.41,Medium,No,Severe,1
TXN06144,U06144,35,Male,11.38,4.6,2.4,2.48,5.48,171,224,12.92,High,Yes,Severe,1
TXN06145,U06145,31,Other,10.04,5.06,3.11,3.13,5.19,286,223,12.81,Medium,No,Moderate,1
TXN06146,U06146,23,Male,10.37,2.19,5.67,5.72,5.24,284,208,12.12,Medium,Yes,Severe,1
TXN06147,U06147,34,Other,7.85,3.31,3.18,2.3,6.27,156,152,10.08,High,No,Mild,0
TXN06148,U06148,29,Female,5.6,1.18,2.25,0.88,5.66,158,185,7.05,Low,Yes,Mild,0
TXN06149,U06149,31,Male,10.12,2.41,5.82,5.48,3.28,217,245,12.09,Low,Yes,Severe,1
TXN06150,U06150,19,Male,8.35,3.77,2.98,1.37,5.34,313,125,9.11,High,No,Moderate,1
TXN06151,U06151,28,Female,8.98,4.47,3.92,4.88,3.28,178,149,11.15,High,Yes,Severe,1
TXN06152,U06152,21,Female,8.44,3.21,3.09,5.7,4.41,293,199,10.5,High,No,Severe,1
TXN06153,U06153,33,Male,3.91,5.37,4.21,2.5,5.4,201,101,5.94,High,No,Severe,1
TXN06154,U06154,25,Female,8.89,4.79,6.06,1.77,6.27,191,238,10.3,Low,Yes,Severe,1
TXN06155,U06155,20,Female,7.86,2.47,1.02,4.57,5.63,104,42,10.77,High,No,Mild,0
TXN06156,U06156,25,Other,10.56,3.39,1.93,4.46,4.34,220,186,12.57,Low,No,Moderate,1
TXN06157,U06157,26,Male,7.99,3.83,3.75,3.49,4.89,106,161,8.53,High,No,Mild,0
TXN06158,U06158,24,Other,10.39,4.71,2.75,0.86,4.38,224,251,11.03,High,Yes,Severe,1
TXN06159,U06159,23,Female,11.36,4.5,4.3,2.93,3.99,338,254,12.86,Low,No,Severe,1
TXN06160,U06160,23,Other,3.0,0.68,0.24,0.71,4.54,29,31,4.82,Low,No,,0
TXN06161,U06161,30,Female,4.67,5.75,2.09,3.82,6.46,303,202,6.57,Low,Yes,Moderate,1
TXN06162,U06162,23,Male,5.21,5.73,5.34,5.15,3.11,196,179,6.71,Medium,Yes,Severe,1
TXN06163,U06163,33,Male,8.33,2.11,2.19,2.43,5.59,122,68,9.25,Low,No,Moderate,1
TXN06164,U06164,33,Male,10.39,5.46,6.21,5.3,3.65,180,128,11.8,Low,Yes,Severe,1
TXN06165,U06165,21,Other,10.06,3.0,5.65,2.18,3.0,232,198,10.94,Medium,No,Severe,1
TXN06166,U06166,34,Female,10.38,3.94,5.19,3.14,3.26,253,230,12.31,Low,No,Moderate,1
TXN06167,U06167,28,Female,6.38,5.93,5.09,4.0,4.51,321,106,9.08,Medium,Yes,Severe,1
TXN06168,U06168,18,Female,11.26,3.99,2.94,3.0,3.0,262,69,13.91,Medium,Yes,Moderate,1
TXN06169,U06169,28,Female,8.27,1.0,4.95,3.4,3.99,144,148,9.07,High,Yes,Severe,1
TXN06170,U06170,32,Other,3.32,2.81,1.19,0.98,6.44,245,134,5.88,Medium,Yes,Mild,0
TXN06171,U06171,25,Other,5.92,1.25,2.24,2.97,6.46,94,47,8.5,Medium,No,Mild,0
TXN06172,U06172,26,Other,11.64,0.52,5.57,4.52,5.52,233,220,12.53,High,Yes,Moderate,1
TXN06173,U06173,28,Female,10.17,5.22,4.72,5.93,5.2,234,138,13.15,High,Yes,Severe,1
TXN06174,U06174,22,Male,8.91,2.36,5.6,5.51,3.93,233,226,10.88,Low,No,Moderate,1
TXN06175,U06175,23,Female,10.21,1.74,3.78,2.8,5.56,184,140,11.36,High,No,Moderate,1
TXN06176,U06176,28,Male,10.77,2.1,3.16,3.51,3.0,186,255,13.09,Low,Yes,Severe,1
TXN06177,U06177,34,Other,11.81,3.61,6.01,3.17,5.96,355,144,14.78,Low,No,Severe,1
TXN06178,U06178,22,Female,8.04,2.92,3.92,3.36,4.94,224,76,9.7,High,Yes,Moderate,1
TXN06179,U06179,21,Female,9.24,1.1,3.35,4.97,5.52,249,121,10.25,High,No,Moderate,1
TXN06180,U06180,29,Male,7.54,1.43,2.34,1.86,5.39,189,124,9.91,High,No,Mild,0
TXN06181,U06181,26,Male,10.59,3.18,4.51,3.03,6.13,351,194,13.44,High,Yes,Severe,1
TXN06182,U06182,32,Male,5.71,1.03,1.33,2.11,8.17,154,127,8.08,Low,Yes,,0
TXN06183,U06183,18,Male,11.1,1.85,4.24,5.22,5.04,115,183,13.19,High,No,Moderate,1
TXN06184,U06184,26,Other,8.62,4.89,3.8,5.33,6.04,319,126,10.18,Low,Yes,Moderate,1
TXN06185,U06185,34,Other,5.73,4.04,3.88,2.47,4.55,331,219,6.41,Medium,Yes,Severe,1
TXN06186,U06186,23,Other,10.56,3.08,2.73,3.63,3.04,267,216,13.01,Low,Yes,Severe,1
TXN06187,U06187,22,Other,9.17,1.85,2.41,3.84,4.0,262,219,11.55,Medium,No,Severe,1
TXN06188,U06188,27,Male,8.49,0.98,3.17,5.61,3.0,229,134,9.69,High,Yes,Severe,1
TXN06189,U06189,32,Female,5.56,2.35,2.04,2.5,7.07,239,47,7.32,Medium,No,,0
TXN06190,U06190,22,Other,10.83,0.79,4.85,0.59,4.19,298,214,13.41,Medium,Yes,Moderate,1
TXN06191,U06191,27,Female,6.13,1.58,4.13,4.96,5.38,210,85,8.84,High,No,Mild,0
TXN06192,U06192,23,Male,6.83,3.09,1.13,5.17,4.09,194,74,9.54,Low,No,Mild,0
TXN06193,U06193,22,Other,3.61,1.7,3.8,0.98,6.41,200,83,4.63,Low,No,Mild,0
TXN06194,U06194,27,Male,5.95,5.61,6.21,1.31,3.99,300,90,8.86,Medium,No,Severe,1
TXN06195,U06195,32,Other,11.36,2.72,3.55,4.18,5.53,241,99,13.09,Low,Yes,Severe,1
TXN06196,U06196,22,Female,9.48,5.5,1.95,3.51,5.53,170,94,10.2,High,No,Moderate,1
TXN06197,U06197,26,Female,4.15,5.98,5.91,4.1,3.8,160,180,6.6,Medium,No,Severe,1
TXN06198,U06198,33,Female,5.75,4.44,3.77,2.5,3.51,141,235,6.92,Medium,Yes,Severe,1
TXN06199,U06199,34,Other,4.27,2.25,0.84,3.45,7.04,71,60,5.67,High,No,Mild,0
TXN06200,U06200,29,Other,10.75,5.43,5.15,2.83,6.41,219,145,11.89,Low,No,Severe,1
TXN06201,U06201,22,Female,11.85,4.68,3.85,4.1,6.08,197,65,12.78,Medium,No,Moderate,1
TXN06202,U06202,32,Other,8.35,4.3,5.09,3.55,5.91,140,118,10.75,Low,Yes,Moderate,1
TXN06203,U06203,35,Female,8.45,2.67,2.76,0.78,6.07,239,200,11.38,Low,Yes,Severe,1
TXN06204,U06204,29,Male,5.19,5.96,5.04,0.92,5.84,273,230,6.58,Medium,Yes,Severe,1
TXN06205,U06205,20,Male,5.39,2.7,2.14,4.0,7.0,222,106,6.75,High,No,,0
TXN06206,U06206,25,Other,11.04,2.72,3.35,0.77,6.56,91,131,12.9,Low,Yes,Moderate,1
TXN06207,U06207,33,Other,9.94,1.21,3.57,2.03,3.0,110,96,10.66,Medium,No,Moderate,1
TXN06208,U06208,21,Other,11.77,4.88,1.71,5.49,5.19,229,159,13.12,High,Yes,Moderate,1
TXN06209,U06209,21,Female,10.93,1.88,2.02,2.07,4.73,239,166,12.12,Medium,No,Moderate,1
TXN06210,U06210,21,Male,3.25,2.15,1.47,3.66,5.69,259,66,4.89,Low,Yes,Mild,0
TXN06211,U06211,21,Other,11.36,5.33,3.16,5.2,6.05,126,234,12.34,High,Yes,Severe,1
TXN06212,U06212,21,Male,11.91,1.74,4.41,4.16,5.68,215,96,14.61,Medium,No,Moderate,1
TXN06213,U06213,31,Female,6.44,2.09,5.17,0.93,4.65,135,147,8.35,Low,No,Moderate,1
TXN06214,U06214,32,Female,8.51,3.1,3.74,4.61,3.04,304,217,10.9,Low,No,Moderate,1
TXN06215,U06215,29,Male,11.82,2.86,3.17,3.44,7.15,233,116,14.45,High,No,Moderate,1
TXN06216,U06216,27,Other,7.98,1.19,4.29,5.52,3.66,97,126,9.47,Medium,No,Moderate,1
TXN06217,U06217,33,Male,6.58,4.58,5.53,2.48,3.0,252,134,7.55,Medium,No,Severe,1
TXN06218,U06218,28,Female,5.75,3.15,3.82,0.81,5.94,130,17,7.48,High,No,,0
TXN06219,U06219,34,Female,11.2,1.53,4.34,3.54,3.3,278,118,14.17,High,No,Severe,1
TXN06220,U06220,20,Male,5.55,1.92,0.87,4.83,4.5,105,71,6.42,High,Yes,Mild,0
TXN06221,U06221,33,Male,5.38,5.45,3.71,3.6,3.72,278,187,6.68,Medium,Yes,Severe,1
TXN06222,U06222,32,Female,9.32,0.63,2.06,3.29,5.54,245,133,10.24,Low,No,Moderate,1
TXN06223,U06223,34,Other,8.28,0.82,3.15,2.67,3.0,224,191,11.25,Low,No,Moderate,1
TXN06224,U06224,22,Other,8.04,5.69,2.46,5.6,3.04,237,111,9.71,Low,No,Moderate,1
TXN06225,U06225,23,Male,10.61,3.22,5.7,4.42,3.9,252,130,11.28,Low,No,Severe,1
TXN06226,U06226,29,Male,7.07,1.78,1.29,3.14,4.78,158,98,9.09,High,No,Mild,0
TXN06227,U06227,30,Female,4.05,5.21,5.1,1.82,6.15,227,107,4.95,High,Yes,Moderate,1
TXN06228,U06228,20,Female,8.28,2.93,4.3,5.71,3.03,138,139,8.85,Medium,No,Severe,1
TXN06229,U06229,20,Other,5.89,3.77,2.99,5.68,5.88,133,173,6.76,High,No,Mild,0
TXN06230,U06230,35,Female,9.63,5.53,4.33,5.98,3.34,229,127,11.81,Low,Yes,Moderate,1
TXN06231,U06231,33,Male,5.16,4.0,0.62,6.0,6.9,73,120,7.95,High,No,,0
TXN06232,U06232,34,Other,7.22,2.09,2.53,0.98,3.19,93,216,8.98,Low,Yes,Moderate,1
TXN06233,U06233,21,Female,6.66,0.85,1.8,5.94,6.21,230,134,8.36,High,Yes,Mild,0
TXN06234,U06234,35,Male,9.74,3.83,4.64,3.1,5.46,179,105,11.85,High,Yes,Moderate,1
TXN06235,U06235,31,Female,11.1,2.81,4.5,4.85,3.0,297,203,13.4,Low,No,Severe,1
TXN06236,U06236,23,Female,8.18,3.68,3.21,5.66,3.0,165,229,10.66,High,Yes,Severe,1
TXN06237,U06237,30,Male,7.37,4.64,2.96,4.26,3.69,267,67,9.98,Medium,No,Moderate,1
TXN06238,U06238,21,Female,8.34,1.95,4.29,5.17,4.16,220,200,9.28,Low,Yes,Moderate,1
TXN06239,U06239,31,Other,7.21,0.67,3.52,4.25,7.32,205,44,7.98,High,No,Mild,0
TXN06240,U06240,26,Female,9.67,1.27,2.29,5.33,3.12,236,159,11.51,Low,Yes,Moderate,1
TXN06241,U06241,20,Male,7.17,2.06,3.76,4.88,5.17,123,97,7.72,Medium,No,Moderate,1
TXN06242,U06242,31,Male,11.97,1.81,3.74,1.96,6.36,131,128,13.36,High,Yes,Moderate,1
TXN06243,U06243,19,Other,3.63,2.67,3.06,2.53,4.97,37,133,4.79,Medium,Yes,,0
TXN06244,U06244,27,Male,4.88,4.26,3.17,2.8,4.87,224,139,6.96,Medium,Yes,Moderate,1
TXN06245,U06245,29,Male,3.17,2.61,3.91,0.76,8.18,81,122,5.4,Medium,No,Mild,0
TXN06246,U06246,30,Male,3.3,0.7,3.3,2.49,7.62,107,119,5.32,Low,No,,0
TXN06247,U06247,23,Male,8.29,5.8,4.03,5.93,5.76,267,189,11.04,Low,No,Moderate,1
TXN06248,U06248,33,Female,3.62,1.85,0.88,0.7,5.03,77,128,5.91,High,No,,0
TXN06249,U06249,21,Female,8.52,5.13,5.88,4.5,6.32,289,110,10.39,High,Yes,Severe,1
TXN06250,U06250,24,Male,5.4,0.98,1.32,5.54,6.22,215,57,6.56,Medium,No,,0
TXN06251,U06251,32,Female,10.9,5.58,4.45,2.13,4.95,155,207,13.73,Low,Yes,Severe,1
TXN06252,U06252,30,Male,10.3,3.56,4.07,2.93,5.53,192,146,11.83,High,Yes,Severe,1
TXN06253,U06253,32,Other,5.83,5.57,5.37,5.36,5.21,212,68,6.48,Low,No,Moderate,1
TXN06254,U06254,35,Male,11.36,3.57,5.06,2.67,3.65,173,128,12.45,Medium,Yes,Moderate,1
TXN06255,U06255,23,Male,4.57,0.9,3.05,0.89,3.81,280,186,7.4,Low,Yes,Mild,0
TXN06256,U06256,33,Male,11.34,5.62,2.58,1.32,3.78,146,78,14.09,Low,Yes,Moderate,1
TXN06257,U06257,35,Male,9.26,1.4,2.97,0.55,3.85,160,123,10.44,Medium,No,Severe,1
TXN06258,U06258,18,Other,6.61,4.9,3.97,3.32,6.22,154,181,8.84,High,Yes,Moderate,1
TXN06259,U06259,18,Other,10.78,1.46,3.2,4.39,5.52,301,133,13.52,Low,Yes,Moderate,1
TXN06260,U06260,23,Other,9.96,4.71,4.49,5.98,3.5,231,107,12.51,High,No,Moderate,1
TXN06261,U06261,28,Other,4.92,3.39,3.59,3.19,5.12,168,108,5.55,High,Yes,Mild,0
TXN06262,U06262,26,Other,9.78,0.7,6.12,5.5,3.65,199,140,10.64,Low,No,Severe,1
TXN06263,U06263,25,Female,4.06,5.93,4.47,4.68,4.49,170,205,6.08,Medium,No,Severe,1
TXN06264,U06264,32,Male,5.14,4.19,5.37,2.0,3.08,350,124,6.22,Medium,Yes,Severe,1
TXN06265,U06265,29,Other,4.64,0.68,3.45,5.19,6.18,207,158,5.68,High,Yes,Mild,0
TXN06266,U06266,27,Other,6.0,4.75,2.61,4.78,4.16,257,80,7.39,Medium,No,Moderate,1
TXN06267,U06267,34,Other,8.5,0.57,3.41,2.58,3.41,120,226,10.73,Medium,No,Moderate,1
TXN06268,U06268,28,Other,5.61,0.73,4.05,5.45,7.38,57,80,8.3,Medium,No,Mild,0
TXN06269,U06269,29,Other,3.92,3.13,3.82,0.51,5.91,27,55,5.63,High,Yes,,0
TXN06270,U06270,23,Other,11.85,0.82,1.63,0.71,5.54,305,87,12.62,High,Yes,Moderate,1
TXN06271,U06271,23,Female,10.37,5.37,2.05,5.77,3.0,308,204,12.98,High,No,Moderate,1
TXN06272,U06272,21,Male,11.02,1.08,4.41,5.13,4.01,198,104,13.52,Medium,Yes,Severe,1
TXN06273,U06273,29,Male,11.3,5.43,3.87,1.72,4.27,271,212,14.18,Low,No,Severe,1
TXN06274,U06274,23,Female,11.28,4.59,2.61,3.52,3.0,160,223,12.35,Low,No,Severe,1
TXN06275,U06275,27,Other,5.29,3.86,0.86,1.96,5.18,94,115,6.8,Medium,No,,0
TXN06276,U06276,26,Female,7.6,1.35,4.39,5.11,3.8,82,114,8.66,Low,Yes,Mild,0
TXN06277,U06277,19,Female,8.43,4.5,4.55,3.03,3.1,274,127,8.96,Medium,Yes,Moderate,1
TXN06278,U06278,19,Other,7.53,4.97,3.08,5.12,3.82,288,154,9.28,Low,No,Moderate,1
TXN06279,U06279,21,Other,9.75,5.66,3.4,1.47,4.54,256,118,11.16,High,No,Severe,1
TXN06280,U06280,25,Female,8.1,5.33,2.44,1.73,4.71,292,252,10.05,Low,No,Severe,1
TXN06281,U06281,22,Male,7.97,3.16,3.8,4.07,3.35,283,91,9.53,High,Yes,Moderate,1
TXN06282,U06282,24,Other,10.7,1.28,3.34,2.11,3.0,146,208,13.7,High,Yes,Severe,1
TXN06283,U06283,25,Other,4.37,2.48,1.22,4.49,7.81,105,96,5.54,High,No,,0
TXN06284,U06284,22,Other,3.78,1.5,0.08,5.23,8.38,120,50,5.35,Medium,Yes,,0
TXN06285,U06285,27,Other,5.67,3.1,3.86,4.02,8.86,173,145,8.27,High,No,,0
TXN06286,U06286,31,Female,7.48,2.1,1.73,5.05,6.48,196,194,10.23,High,No,Mild,0
TXN06287,U06287,35,Female,7.61,2.19,3.42,4.3,5.3,145,122,10.31,Low,Yes,Mild,0
TXN06288,U06288,25,Other,8.44,2.34,3.26,5.88,3.0,179,181,11.06,Low,No,Severe,1
TXN06289,U06289,33,Male,11.79,0.92,2.67,4.73,7.16,245,112,14.61,High,No,Moderate,1
TXN06290,U06290,32,Male,9.97,5.4,2.82,2.5,3.0,291,184,11.22,Medium,No,Severe,1
TXN06291,U06291,21,Female,8.13,5.58,5.3,1.95,4.7,267,91,8.93,Low,Yes,Moderate,1
TXN06292,U06292,27,Other,9.0,5.49,3.02,4.02,5.36,193,95,11.11,High,No,Moderate,1
TXN06293,U06293,29,Female,5.94,1.01,4.24,4.63,6.12,59,89,6.48,High,Yes,Mild,0
TXN06294,U06294,33,Other,3.84,5.87,3.45,3.06,7.3,153,225,5.49,Low,Yes,Moderate,1
TXN06295,U06295,27,Male,8.75,5.5,6.18,3.01,3.0,175,197,11.3,Medium,Yes,Severe,1
TXN06296,U06296,22,Other,8.0,4.62,4.88,3.57,5.53,274,159,10.28,High,No,Severe,1
TXN06297,U06297,19,Male,6.55,3.99,2.96,2.28,7.36,241,210,9.08,Medium,Yes,Moderate,1
TXN06298,U06298,33,Female,9.23,4.16,4.83,1.06,5.72,151,176,10.22,High,No,Severe,1
TXN06299,U06299,25,Other,9.87,2.6,2.48,5.92,6.68,91,72,11.14,Medium,Yes,Moderate,1
TXN06300,U06300,23,Male,4.82,0.52,3.32,2.58,6.91,211,146,7.03,High,Yes,,0
TXN06301,U06301,27,Other,8.33,1.59,3.64,3.23,5.34,301,132,9.52,High,Yes,Moderate,1
TXN06302,U06302,20,Male,7.35,0.78,1.39,1.29,4.2,193,189,8.62,Medium,Yes,Mild,0
TXN06303,U06303,18,Other,3.06,4.46,3.25,3.64,3.0,348,119,4.4,Low,No,Severe,1
TXN06304,U06304,22,Other,7.56,4.76,4.39,1.06,3.54,98,150,9.54,Low,Yes,Moderate,1
TXN06305,U06305,26,Other,9.07,5.42,4.41,1.59,3.0,126,146,10.61,Low,Yes,Moderate,1
TXN06306,U06306,21,Female,7.06,1.4,3.72,0.79,7.73,239,122,9.63,Medium,Yes,Mild,0
TXN06307,U06307,25,Female,11.1,4.44,4.96,3.47,3.98,152,161,12.98,Low,Yes,Severe,1
TXN06308,U06308,29,Other,10.74,2.68,4.71,0.61,3.0,287,245,11.34,High,No,Severe,1
TXN06309,U06309,28,Male,6.74,5.35,4.2,5.37,3.15,171,232,7.57,Low,No,Severe,1
TXN06310,U06310,18,Male,9.25,3.11,3.63,3.17,5.37,127,178,9.95,Low,No,Severe,1
TXN06311,U06311,27,Other,8.12,1.11,4.1,1.15,5.39,145,128,9.94,Low,No,Severe,1
TXN06312,U06312,20,Female,11.67,2.67,2.29,1.83,3.51,193,201,13.22,Medium,Yes,Moderate,1
TXN06313,U06313,33,Male,4.28,2.68,2.67,0.52,6.13,173,17,6.95,Medium,Yes,,0
TXN06314,U06314,24,Other,10.71,2.2,3.98,1.68,7.02,162,217,13.56,High,Yes,Moderate,1
TXN06315,U06315,33,Male,9.97,4.05,3.61,5.97,5.01,218,197,12.25,Low,Yes,Moderate,1
TXN06316,U06316,30,Male,10.93,3.61,1.95,5.33,3.13,301,172,11.85,Medium,No,Moderate,1
TXN06317,U06317,29,Other,4.56,0.62,1.6,2.82,5.22,179,66,7.04,High,No,Mild,0
TXN06318,U06318,24,Other,4.97,4.15,3.55,0.61,6.3,268,94,5.66,Medium,Yes,Severe,1
TXN06319,U06319,27,Male,7.46,4.44,5.84,4.72,3.0,170,176,8.62,High,Yes,Severe,1
TXN06320,U06320,35,Female,10.04,3.56,3.58,3.02,3.87,170,133,11.95,Low,No,Severe,1
TXN06321,U06321,18,Male,7.33,1.36,3.48,2.85,5.58,253,215,9.57,Medium,Yes,Moderate,1
TXN06322,U06322,19,Other,5.36,4.88,5.48,0.98,6.1,244,166,7.97,Medium,Yes,Severe,1
TXN06323,U06323,19,Male,7.32,0.51,1.77,2.94,4.19,209,127,8.42,Medium,Yes,Moderate,1
TXN06324,U06324,18,Other,10.02,0.54,5.77,1.6,3.05,147,223,11.56,High,Yes,Severe,1
TXN06325,U06325,20,Other,10.8,4.3,4.08,5.26,4.59,274,164,11.88,Low,Yes,Moderate,1
TXN06326,U06326,21,Female,7.51,0.5,2.71,3.95,7.15,187,191,10.43,High,No,Mild,0
TXN06327,U06327,20,Female,8.52,4.3,3.51,5.13,3.87,240,112,10.16,High,No,Severe,1
TXN06328,U06328,29,Female,9.97,0.6,4.95,5.64,6.29,226,218,12.12,High,Yes,Severe,1
TXN06329,U06329,33,Other,11.4,5.9,4.69,4.8,3.0,332,251,12.38,High,No,Severe,1
TXN06330,U06330,35,Other,7.15,0.89,5.14,5.41,4.02,137,81,7.94,Medium,Yes,Moderate,1
TXN06331,U06331,27,Female,6.5,3.74,1.23,4.97,7.98,176,188,9.05,High,Yes,Mild,0
TXN06332,U06332,26,Female,7.72,1.74,1.79,2.56,4.28,225,130,10.06,Medium,Yes,Mild,0
TXN06333,U06333,27,Female,5.97,0.65,1.34,1.1,6.94,240,101,8.52,High,No,Mild,0
TXN06334,U06334,21,Male,8.03,3.76,3.94,5.56,5.71,96,115,9.52,High,No,Moderate,1
TXN06335,U06335,35,Male,10.45,2.88,3.55,5.07,5.41,145,119,11.42,Low,Yes,Moderate,1
TXN06336,U06336,25,Other,9.04,3.47,3.63,1.97,3.48,120,149,10.47,Medium,Yes,Moderate,1
TXN06337,U06337,34,Female,9.84,2.74,2.17,5.52,3.03,110,227,11.5,High,No,Moderate,1
TXN06338,U06338,31,Male,3.8,2.02,4.75,2.2,4.04,155,178,6.02,High,Yes,Mild,0
TXN06339,U06339,33,Other,9.11,3.77,4.09,3.63,5.47,247,136,11.76,High,Yes,Moderate,1
TXN06340,U06340,34,Female,8.56,3.37,5.81,2.62,3.0,321,237,9.63,High,No,Severe,1
TXN06341,U06341,19,Male,7.56,2.78,2.44,4.53,3.84,97,85,9.52,High,No,Mild,0
TXN06342,U06342,27,Female,8.31,5.74,3.79,2.56,3.32,246,189,8.96,High,No,Severe,1
TXN06343,U06343,25,Other,10.99,4.5,5.47,1.18,4.8,172,101,12.95,High,No,Severe,1
TXN06344,U06344,25,Other,11.43,3.21,4.27,1.08,5.94,318,199,14.12,High,Yes,Severe,1
TXN06345,U06345,27,Male,11.4,1.18,1.74,1.47,3.03,135,213,12.07,Low,No,Moderate,1
TXN06346,U06346,32,Other,5.33,0.81,1.34,3.81,5.25,108,113,6.62,Low,No,,0
TXN06347,U06347,22,Male,9.74,3.96,1.67,2.55,3.06,103,211,12.72,Medium,Yes,Moderate,1
TXN06348,U06348,34,Other,7.75,4.4,3.71,2.86,6.49,150,115,9.57,High,No,Moderate,1
TXN06349,U06349,32,Other,4.36,5.68,6.28,5.83,4.61,262,117,5.75,Low,Yes,Severe,1
TXN06350,U06350,23,Male,7.55,1.04,4.42,0.63,3.85,291,213,10.0,Medium,Yes,Moderate,1
TXN06351,U06351,20,Other,4.87,2.45,3.1,2.54,6.33,155,146,7.76,High,Yes,,0
TXN06352,U06352,32,Other,9.11,4.47,1.76,3.05,4.09,247,204,11.64,Low,Yes,Moderate,1
TXN06353,U06353,35,Male,3.81,2.9,2.74,0.55,7.99,165,155,6.74,High,Yes,,0
TXN06354,U06354,34,Male,4.0,5.8,2.79,1.81,5.15,133,117,6.46,Low,No,Severe,1
TXN06355,U06355,24,Other,4.77,2.37,3.8,5.12,4.75,245,132,5.37,Medium,Yes,,0
TXN06356,U06356,31,Female,10.88,4.52,3.39,0.96,4.79,222,170,12.72,Low,Yes,Moderate,1
TXN06357,U06357,33,Other,6.8,2.73,4.05,1.9,5.7,317,187,9.0,Medium,Yes,Moderate,1
TXN06358,U06358,29,Female,9.79,2.71,4.91,3.52,4.68,266,79,12.06,High,Yes,Moderate,1
TXN06359,U06359,21,Female,7.05,3.96,3.02,4.2,7.81,65,100,8.11,Low,Yes,Mild,0
TXN06360,U06360,30,Male,6.54,0.69,4.11,5.27,5.17,108,182,9.22,Medium,No,Mild,0
TXN06361,U06361,31,Male,7.65,5.05,4.08,3.22,6.4,209,128,9.23,Low,Yes,Moderate,1
TXN06362,U06362,21,Female,9.41,3.93,5.3,5.09,5.5,180,91,10.53,Low,Yes,Moderate,1
TXN06363,U06363,25,Male,3.2,3.49,2.3,5.83,5.95,76,45,5.61,Low,Yes,Mild,0
TXN06364,U06364,28,Female,8.82,4.88,3.43,4.79,4.85,309,219,10.12,High,No,Moderate,1
TXN06365,U06365,21,Other,9.3,5.82,2.36,2.43,4.51,229,102,10.53,Medium,Yes,Moderate,1
TXN06366,U06366,18,Other,10.72,3.3,4.19,5.75,3.0,347,144,12.18,Low,Yes,Severe,1
TXN06367,U06367,21,Female,10.04,6.0,3.76,0.51,3.5,345,177,12.9,Medium,Yes,Severe,1
TXN06368,U06368,34,Male,11.51,5.67,4.8,0.78,5.31,190,117,12.88,Medium,Yes,Moderate,1
TXN06369,U06369,29,Female,5.75,1.82,3.73,4.55,5.27,159,60,7.79,Low,No,,0
TXN06370,U06370,27,Other,5.09,3.95,2.48,5.59,7.39,35,30,7.55,High,No,,0
TXN06371,U06371,20,Other,10.24,2.85,5.89,3.96,5.98,315,106,11.16,Low,Yes,Severe,1
TXN06372,U06372,27,Other,10.08,3.2,3.01,3.38,5.75,256,163,11.85,High,Yes,Severe,1
TXN06373,U06373,34,Female,3.14,1.21,1.34,0.75,4.97,115,134,5.41,High,Yes,,0
TXN06374,U06374,26,Female,4.63,5.04,2.82,0.93,6.28,95,210,6.64,Low,Yes,Moderate,1
TXN06375,U06375,30,Other,10.19,2.39,4.55,3.61,3.92,153,96,12.37,Medium,No,Severe,1
TXN06376,U06376,21,Other,9.33,2.07,5.52,1.6,3.0,140,110,10.41,Medium,Yes,Severe,1
TXN06377,U06377,29,Other,7.09,2.23,1.83,4.33,4.46,135,134,9.47,High,No,Mild,0
TXN06378,U06378,28,Male,6.29,2.43,3.06,1.31,3.21,90,197,8.01,Low,No,Moderate,1
TXN06379,U06379,23,Female,4.55,5.63,4.29,2.09,4.69,242,180,5.45,High,No,Moderate,1
TXN06380,U06380,26,Male,10.15,4.44,3.97,3.0,4.84,166,197,12.51,Medium,Yes,Moderate,1
TXN06381,U06381,25,Male,9.16,0.67,5.3,3.04,3.0,221,206,11.6,Low,No,Severe,1
TXN06382,U06382,34,Male,4.23,3.32,2.5,1.98,6.39,33,160,6.33,Low,No,,0
TXN06383,U06383,22,Female,10.44,4.45,4.66,0.59,6.42,140,78,12.8,Low,Yes,Moderate,1
TXN06384,U06384,25,Female,5.22,3.46,1.64,2.14,6.34,126,150,6.73,Low,No,,0
TXN06385,U06385,25,Female,11.12,5.98,4.85,1.51,6.93,110,218,11.66,Low,No,Moderate,1
TXN06386,U06386,31,Female,8.14,1.97,3.35,4.84,5.26,303,155,9.28,High,No,Severe,1
TXN06387,U06387,22,Male,8.84,4.44,1.66,2.94,5.67,253,76,11.72,Low,Yes,Moderate,1
TXN06388,U06388,31,Female,9.97,4.85,2.76,2.36,4.95,267,208,10.73,Medium,Yes,Severe,1
TXN06389,U06389,31,Male,5.35,4.67,5.21,2.7,5.29,233,213,6.23,High,No,Moderate,1
TXN06390,U06390,27,Female,9.55,4.56,4.06,5.94,5.47,268,230,12.34,Medium,No,Moderate,1
TXN06391,U06391,34,Male,3.56,5.72,5.43,1.1,3.99,220,219,5.85,Medium,No,Moderate,1
TXN06392,U06392,31,Male,8.93,3.61,6.34,5.79,3.0,173,246,11.07,High,Yes,Severe,1
TXN06393,U06393,31,Other,11.68,3.16,4.43,2.07,5.17,250,96,14.12,Medium,Yes,Moderate,1
TXN06394,U06394,25,Male,11.39,5.34,5.13,1.79,4.51,254,195,12.15,Low,Yes,Moderate,1
TXN06395,U06395,20,Male,7.13,3.86,3.62,2.06,5.15,173,57,8.98,Low,No,Mild,0
TXN06396,U06396,23,Male,10.74,0.65,2.87,2.64,3.0,306,229,13.15,Medium,Yes,Severe,1
TXN06397,U06397,19,Female,6.73,0.66,4.72,5.29,5.4,56,87,8.04,High,Yes,Mild,0
TXN06398,U06398,21,Other,7.23,1.83,4.73,2.69,5.84,272,229,8.97,Low,Yes,Moderate,1
TXN06399,U06399,22,Male,7.52,2.1,3.24,4.14,5.38,198,124,8.2,High,No,Moderate,1
TXN06400,U06400,28,Female,6.74,2.58,2.74,2.91,6.67,55,122,9.49,Medium,Yes,Mild,0
TXN06401,U06401,30,Other,8.37,1.02,6.05,1.64,3.0,288,171,9.23,Medium,Yes,Severe,1
TXN06402,U06402,31,Female,8.96,3.72,3.32,5.7,4.91,222,174,11.0,High,Yes,Moderate,1
TXN06403,U06403,35,Other,4.57,4.93,2.88,5.02,3.0,154,152,6.31,High,No,Severe,1
TXN06404,U06404,19,Male,5.61,3.61,3.5,3.15,5.45,80,93,6.35,Low,Yes,,0
TXN06405,U06405,29,Female,6.21,4.64,5.05,0.8,5.32,93,185,7.98,High,Yes,Moderate,1
TXN06406,U06406,29,Male,6.39,4.26,4.42,2.09,3.94,128,71,7.19,Low,Yes,Moderate,1
TXN06407,U06407,24,Female,8.13,4.01,5.0,1.99,3.21,240,110,9.21,Low,No,Severe,1
TXN06408,U06408,23,Female,8.64,3.54,2.12,1.11,4.65,256,145,11.6,High,No,Moderate,1
TXN06409,U06409,20,Female,5.9,5.67,6.33,2.59,5.13,235,105,7.52,Medium,No,Severe,1
TXN06410,U06410,20,Female,4.32,1.65,3.72,2.73,7.39,198,96,5.48,Medium,No,Mild,0
TXN06411,U06411,21,Female,9.17,5.1,3.98,5.1,3.01,305,195,10.25,Medium,No,Moderate,1
TXN06412,U06412,19,Other,6.91,5.61,5.48,5.46,3.22,304,220,8.71,Low,Yes,Moderate,1
TXN06413,U06413,28,Female,8.61,3.25,5.46,5.38,6.21,149,110,10.44,High,No,Moderate,1
TXN06414,U06414,28,Other,4.05,2.85,2.79,4.33,8.92,118,103,4.78,High,Yes,,0
TXN06415,U06415,22,Male,11.39,1.44,4.06,3.88,3.0,320,176,13.17,Low,No,Severe,1
TXN06416,U06416,28,Other,4.35,0.68,3.65,3.51,5.14,101,52,5.8,High,No,,0
TXN06417,U06417,24,Other,10.22,3.26,1.96,3.27,5.5,314,74,12.25,High,No,Moderate,1
TXN06418,U06418,34,Female,10.2,3.77,2.72,3.07,3.0,321,217,12.92,Medium,Yes,Severe,1
TXN06419,U06419,29,Female,9.33,4.55,6.34,5.73,4.02,258,202,9.96,Low,Yes,Severe,1
TXN06420,U06420,20,Other,4.33,0.55,1.68,2.49,6.27,46,76,5.84,High,No,,0
TXN06421,U06421,28,Female,8.34,5.02,3.13,1.99,6.55,273,108,9.16,High,No,Moderate,1
TXN06422,U06422,26,Male,10.36,1.94,2.55,4.01,5.71,189,135,11.85,Medium,Yes,Severe,1
TXN06423,U06423,22,Female,5.93,4.92,2.83,1.81,3.0,306,157,8.05,Low,Yes,Severe,1
TXN06424,U06424,25,Female,3.8,4.75,2.28,3.85,4.23,185,140,6.05,Medium,No,Moderate,1
TXN06425,U06425,21,Male,11.58,2.4,3.69,4.03,4.38,196,195,14.14,High,Yes,Severe,1
TXN06426,U06426,34,Other,5.71,5.03,2.98,1.11,6.41,163,215,6.64,Medium,Yes,Severe,1
TXN06427,U06427,24,Female,10.31,1.79,2.62,2.5,6.44,283,205,12.74,Low,Yes,Severe,1
TXN06428,U06428,22,Other,9.36,0.53,6.03,5.51,6.24,238,248,10.95,High,No,Severe,1
TXN06429,U06429,18,Other,3.31,4.97,4.54,3.53,5.61,335,177,5.54,Medium,Yes,Severe,1
TXN06430,U06430,35,Male,9.4,3.53,3.29,4.33,3.0,255,236,10.98,Low,No,Severe,1
TXN06431,U06431,29,Male,4.24,2.28,1.59,1.9,7.84,118,21,6.32,Medium,No,,0
TXN06432,U06432,18,Female,3.44,3.52,1.35,0.56,7.09,105,142,5.65,Medium,No,,0
TXN06433,U06433,25,Female,11.15,2.77,3.01,3.45,3.0,321,131,12.47,Medium,Yes,Severe,1
TXN06434,U06434,24,Female,3.84,1.58,3.04,3.35,4.89,70,186,5.0,High,No,Mild,0
TXN06435,U06435,31,Female,9.41,1.36,4.7,1.97,6.57,168,151,12.4,Medium,No,Moderate,1
TXN06436,U06436,24,Other,9.91,4.89,5.21,5.19,7.17,301,87,10.68,High,Yes,Moderate,1
TXN06437,U06437,25,Male,10.76,3.48,3.43,1.68,7.02,286,230,12.41,Low,Yes,Moderate,1
TXN06438,U06438,20,Female,8.93,2.34,5.49,5.71,4.33,183,174,11.03,Medium,Yes,Moderate,1
TXN06439,U06439,30,Male,3.66,3.0,1.35,2.92,6.67,197,164,5.98,High,No,Mild,0
TXN06440,U06440,22,Other,5.62,0.65,2.65,4.63,7.91,109,19,8.34,High,Yes,,0
TXN06441,U06441,22,Male,5.98,4.46,3.88,5.05,5.08,321,145,7.47,High,Yes,Severe,1
TXN06442,U06442,32,Female,9.93,4.01,3.52,4.08,5.79,215,184,12.05,Low,No,Severe,1
TXN06443,U06443,31,Male,8.11,5.52,3.35,2.07,3.47,170,123,11.09,High,Yes,Severe,1
TXN06444,U06444,20,Male,11.36,0.54,4.29,1.66,3.46,97,142,12.62,Medium,Yes,Moderate,1
TXN06445,U06445,26,Female,6.2,2.15,1.9,4.97,4.53,98,167,9.11,High,Yes,Mild,0
TXN06446,U06446,22,Male,7.36,2.02,2.57,1.94,4.92,264,70,8.52,High,No,Moderate,1
TXN06447,U06447,33,Other,11.95,5.5,2.18,3.54,3.58,263,159,13.88,Medium,No,Moderate,1
TXN06448,U06448,33,Male,6.14,2.63,2.27,3.53,5.65,280,201,8.51,High,No,Mild,0
TXN06449,U06449,18,Other,3.03,4.9,5.12,4.99,3.0,233,127,4.08,High,Yes,Severe,1
TXN06450,U06450,24,Other,9.88,3.28,5.09,1.95,5.94,195,188,12.06,High,No,Severe,1
TXN06451,U06451,30,Male,9.04,5.81,4.01,2.78,3.0,132,216,10.61,Low,No,Severe,1
TXN06452,U06452,25,Other,9.57,3.7,2.85,4.64,4.17,182,164,11.84,Medium,No,Severe,1
TXN06453,U06453,27,Female,3.67,3.56,2.75,1.41,5.94,90,163,5.76,Low,No,,0
TXN06454,U06454,33,Male,10.9,2.43,4.07,0.95,5.21,168,134,12.89,Medium,Yes,Moderate,1
TXN06455,U06455,23,Female,9.58,2.31,4.56,4.56,5.88,233,217,11.18,Medium,Yes,Moderate,1
TXN06456,U06456,28,Female,6.16,5.06,5.19,3.84,3.5,140,224,7.76,High,Yes,Severe,1
TXN06457,U06457,26,Female,7.99,5.68,1.84,4.52,5.92,199,212,8.6,High,Yes,Moderate,1
TXN06458,U06458,33,Other,9.56,1.29,3.42,0.59,5.68,324,150,10.84,Medium,No,Severe,1
TXN06459,U06459,27,Other,7.12,1.44,2.82,0.85,5.22,135,143,8.08,High,No,Mild,0
TXN06460,U06460,33,Female,4.26,3.81,3.21,4.5,8.7,235,49,4.85,Low,Yes,,0
TXN06461,U06461,19,Other,5.6,5.08,5.03,4.62,5.12,249,218,7.7,High,No,Moderate,1
TXN06462,U06462,34,Female,5.75,3.95,4.43,3.3,7.96,172,145,8.66,Medium,Yes,Mild,0
TXN06463,U06463,29,Male,8.36,5.45,4.29,4.41,5.41,166,235,10.55,Low,Yes,Severe,1
TXN06464,U06464,29,Other,5.52,5.94,3.41,4.49,6.24,273,110,7.78,High,Yes,Severe,1
TXN06465,U06465,19,Male,6.29,5.44,2.6,2.62,4.55,298,90,9.05,Medium,Yes,Severe,1
TXN06466,U06466,22,Female,9.76,2.02,5.22,1.01,5.33,317,218,10.96,Medium,Yes,Severe,1
TXN06467,U06467,25,Male,9.42,4.3,4.64,5.05,3.49,218,98,11.03,Low,Yes,Severe,1
TXN06468,U06468,23,Other,5.05,4.49,4.58,2.02,7.36,279,71,6.48,High,Yes,Moderate,1
TXN06469,U06469,31,Other,4.16,3.3,3.38,1.34,4.21,81,53,5.3,Low,No,Mild,0
TXN06470,U06470,19,Other,5.63,4.1,1.6,4.03,4.31,249,107,8.51,Low,Yes,Moderate,1
TXN06471,U06471,35,Male,7.52,2.35,2.38,3.19,6.02,232,74,9.24,Low,No,Mild,0
TXN06472,U06472,29,Male,8.08,4.72,3.92,5.39,7.08,154,76,9.04,Low,Yes,Moderate,1
TXN06473,U06473,18,Other,3.45,4.18,3.49,3.71,3.67,212,156,4.05,Low,Yes,Severe,1
TXN06474,U06474,21,Other,9.94,4.52,4.44,4.79,4.87,195,170,11.67,Medium,No,Severe,1
TXN06475,U06475,32,Other,8.59,2.63,5.41,4.51,4.95,146,193,10.72,High,Yes,Severe,1
TXN06476,U06476,26,Female,6.5,2.66,4.11,1.51,4.84,260,85,8.28,Low,No,Moderate,1
TXN06477,U06477,35,Female,9.28,1.32,3.08,4.01,5.18,171,87,10.76,Low,No,Moderate,1
TXN06478,U06478,32,Male,10.05,2.13,3.64,2.11,3.68,97,153,13.02,Low,No,Moderate,1
TXN06479,U06479,21,Female,10.89,1.48,4.28,4.73,5.0,257,125,13.39,Low,Yes,Moderate,1
TXN06480,U06480,19,Other,11.34,2.33,3.51,1.43,6.35,148,134,12.47,Low,Yes,Severe,1
TXN06481,U06481,23,Other,3.26,4.61,4.04,0.58,4.07,128,163,6.09,High,No,Moderate,1
TXN06482,U06482,25,Other,6.41,3.07,5.58,2.19,6.92,182,98,9.12,Medium,Yes,Moderate,1
TXN06483,U06483,18,Other,4.87,4.27,6.12,0.64,3.12,168,213,7.21,Medium,No,Severe,1
TXN06484,U06484,30,Male,5.9,1.36,2.96,3.12,6.71,204,156,8.5,Low,Yes,,0
TXN06485,U06485,28,Other,11.76,5.8,3.25,0.62,3.21,221,169,14.26,Low,No,Severe,1
TXN06486,U06486,18,Male,4.49,0.95,3.06,4.92,6.52,213,54,6.98,High,Yes,Mild,0
TXN06487,U06487,21,Other,3.18,3.03,0.53,4.22,5.09,227,26,5.14,Medium,Yes,,0
TXN06488,U06488,31,Other,9.19,5.25,2.69,3.29,3.56,248,88,10.3,Low,No,Moderate,1
TXN06489,U06489,21,Female,7.62,5.67,4.33,3.07,3.0,280,139,8.7,Low,No,Severe,1
TXN06490,U06490,20,Other,4.71,5.91,5.82,1.13,4.76,222,255,6.73,Medium,No,Severe,1
TXN06491,U06491,20,Male,9.61,3.02,2.64,3.51,3.64,212,216,11.09,Medium,Yes,Severe,1
TXN06492,U06492,29,Other,5.0,5.46,3.46,4.06,5.24,240,149,6.93,Low,No,Severe,1
TXN06493,U06493,32,Female,11.71,2.04,5.09,3.88,5.71,234,95,14.04,High,Yes,Severe,1
TXN06494,U06494,18,Male,10.7,1.92,3.68,1.7,3.0,287,96,13.58,Medium,No,Severe,1
TXN06495,U06495,21,Female,11.44,3.96,4.51,4.25,5.9,233,190,13.76,High,No,Moderate,1
TXN06496,U06496,28,Female,3.08,5.22,3.22,4.58,6.3,220,162,4.86,High,Yes,Severe,1
TXN06497,U06497,23,Male,5.87,3.9,1.96,3.52,5.45,57,70,7.84,Low,Yes,,0
TXN06498,U06498,28,Male,6.03,2.42,1.42,5.47,7.26,276,200,8.63,Low,No,Mild,0
TXN06499,U06499,29,Male,9.27,3.49,5.52,0.73,5.08,290,210,10.98,Low,Yes,Moderate,1
TXN06500,U06500,35,Male,8.21,3.57,3.62,0.55,5.23,233,150,8.83,Low,Yes,Moderate,1
TXN06501,U06501,25,Female,4.16,0.67,1.6,3.59,4.63,78,141,5.35,Medium,Yes,,0
TXN06502,U06502,18,Other,7.05,4.85,3.61,5.59,5.62,267,138,9.64,Medium,No,Moderate,1
TXN06503,U06503,21,Female,3.43,1.69,3.11,1.83,6.32,267,203,5.8,High,Yes,Mild,0
TXN06504,U06504,30,Male,3.02,3.22,2.3,0.95,7.22,84,165,3.95,Medium,Yes,,0
TXN06505,U06505,33,Male,10.84,5.72,5.57,0.8,3.49,272,235,12.57,Low,No,Severe,1
TXN06506,U06506,21,Other,5.68,5.47,2.48,1.04,6.94,250,174,7.4,Medium,Yes,Moderate,1
TXN06507,U06507,20,Female,3.51,2.22,3.78,1.59,7.92,95,57,5.87,Medium,No,,0
TXN06508,U06508,29,Other,6.35,1.96,1.98,4.0,3.71,292,144,7.31,High,Yes,Moderate,1
TXN06509,U06509,28,Other,10.71,2.69,3.63,2.12,4.72,257,201,12.06,High,No,Moderate,1
TXN06510,U06510,35,Female,11.44,1.83,1.66,5.81,3.44,135,185,14.27,Low,No,Moderate,1
TXN06511,U06511,22,Male,11.22,5.18,1.86,2.26,6.7,204,95,12.77,High,Yes,Moderate,1
TXN06512,U06512,21,Female,11.05,1.11,2.72,5.59,7.3,143,73,11.78,Medium,No,Moderate,1
TXN06513,U06513,29,Other,7.03,0.7,2.01,1.85,5.86,95,102,9.45,High,No,Moderate,1
TXN06514,U06514,21,Male,9.04,1.2,4.67,2.01,4.16,126,201,10.1,Medium,Yes,Moderate,1
TXN06515,U06515,28,Female,5.39,0.71,2.83,5.49,4.27,208,159,7.4,Medium,No,Mild,0
TXN06516,U06516,22,Female,6.7,4.47,5.25,5.84,3.01,216,196,9.26,Low,Yes,Severe,1
TXN06517,U06517,20,Other,11.05,4.5,2.84,4.4,4.56,201,97,13.42,Medium,No,Moderate,1
TXN06518,U06518,20,Female,6.64,4.2,6.13,2.81,3.09,345,161,8.58,Medium,Yes,Severe,1
TXN06519,U06519,30,Female,5.27,2.98,2.86,3.27,4.75,236,165,7.91,High,Yes,,0
TXN06520,U06520,28,Female,7.25,1.96,3.32,4.89,4.94,228,91,9.96,High,No,Mild,0
TXN06521,U06521,24,Female,9.82,1.56,4.07,4.24,4.29,196,219,10.58,High,No,Severe,1
TXN06522,U06522,25,Female,3.93,5.24,2.18,4.55,3.71,128,154,5.84,Medium,No,Moderate,1
TXN06523,U06523,33,Other,5.86,1.55,1.22,4.89,5.02,233,60,8.79,Medium,No,Mild,0
TXN06524,U06524,28,Other,9.64,0.63,6.25,5.6,3.59,311,184,10.83,Low,No,Severe,1
TXN06525,U06525,31,Male,4.08,1.94,1.41,5.65,4.74,90,180,5.0,High,No,Mild,0
TXN06526,U06526,22,Other,5.24,2.29,1.72,2.03,4.51,85,97,7.99,Low,No,Mild,0
TXN06527,U06527,33,Female,4.97,2.3,4.48,3.99,8.14,68,196,6.91,High,Yes,Mild,0
TXN06528,U06528,29,Other,7.92,3.91,4.65,1.85,4.87,93,171,8.53,Low,No,Mild,0
TXN06529,U06529,27,Male,6.29,2.92,3.97,4.35,5.1,178,137,8.84,High,No,Moderate,1
TXN06530,U06530,29,Male,5.25,5.61,3.94,5.58,4.04,128,203,7.79,High,Yes,Severe,1
TXN06531,U06531,32,Female,5.55,4.36,3.13,5.12,6.76,235,176,6.68,Medium,Yes,Moderate,1
TXN06532,U06532,33,Male,10.92,2.09,4.05,2.59,4.67,161,173,12.12,High,No,Moderate,1
TXN06533,U06533,32,Male,11.33,5.3,2.72,2.75,3.17,310,157,13.53,Low,No,Moderate,1
TXN06534,U06534,27,Other,7.37,1.58,4.32,2.32,3.72,123,46,10.26,High,Yes,Mild,0
TXN06535,U06535,32,Other,9.65,5.38,3.19,3.59,4.33,220,220,10.42,High,Yes,Moderate,1
TXN06536,U06536,20,Male,10.64,1.96,1.71,3.74,4.31,293,201,11.4,Medium,Yes,Moderate,1
TXN06537,U06537,32,Female,3.02,5.92,4.05,3.35,4.34,307,125,3.98,Medium,Yes,Moderate,1
TXN06538,U06538,20,Female,10.18,3.72,3.0,3.28,5.77,311,216,11.53,Low,No,Severe,1
TXN06539,U06539,35,Male,10.34,2.41,5.04,2.73,3.22,277,217,13.14,High,No,Severe,1
TXN06540,U06540,28,Other,5.74,1.05,1.84,4.7,7.22,245,45,7.28,Medium,No,,0
TXN06541,U06541,30,Female,4.96,5.64,2.84,3.72,5.84,170,222,7.83,Low,No,Moderate,1
TXN06542,U06542,29,Other,10.07,4.04,4.29,4.06,5.43,104,135,12.08,Medium,Yes,Moderate,1
TXN06543,U06543,26,Other,4.01,0.56,0.83,3.89,6.1,173,204,4.93,High,Yes,Mild,0
TXN06544,U06544,27,Other,7.05,1.6,1.57,1.2,5.39,232,137,8.61,High,No,Mild,0
TXN06545,U06545,34,Other,4.8,3.1,0.82,3.69,5.93,111,67,7.24,Low,No,Mild,0
TXN06546,U06546,33,Female,3.41,2.43,1.98,3.95,5.92,181,119,4.06,Low,No,Mild,0
TXN06547,U06547,21,Female,6.74,0.66,2.61,4.69,6.33,277,173,8.14,Medium,No,Mild,0
TXN06548,U06548,29,Other,6.47,2.81,2.34,3.47,7.11,284,141,7.09,High,Yes,Moderate,1
TXN06549,U06549,22,Female,6.98,4.69,5.93,0.71,3.5,332,101,8.81,Medium,Yes,Severe,1
TXN06550,U06550,20,Male,8.81,4.16,4.33,1.55,3.0,163,212,11.05,Medium,No,Severe,1
TXN06551,U06551,22,Other,9.68,2.47,2.52,0.71,5.56,327,158,11.86,Medium,No,Severe,1
TXN06552,U06552,18,Female,10.33,3.19,2.72,5.01,4.45,272,112,11.26,Low,No,Moderate,1
TXN06553,U06553,26,Other,4.73,2.14,0.54,4.22,7.11,189,71,5.62,Low,No,,0
TXN06554,U06554,29,Female,8.16,2.68,4.58,2.98,3.06,220,199,9.56,Medium,Yes,Moderate,1
TXN06555,U06555,26,Male,8.43,4.14,4.92,0.58,5.15,189,111,10.69,Medium,No,Severe,1
TXN06556,U06556,27,Male,6.83,1.68,3.84,2.16,6.12,241,113,9.41,High,No,Mild,0
TXN06557,U06557,34,Female,8.13,2.13,4.96,2.9,3.95,306,165,9.86,High,Yes,Severe,1
TXN06558,U06558,33,Female,3.88,5.74,3.88,1.15,6.28,313,76,5.47,Medium,No,Moderate,1
TXN06559,U06559,21,Female,5.01,4.6,2.52,1.35,5.04,247,225,6.31,Medium,Yes,Severe,1
TXN06560,U06560,18,Male,10.56,3.6,2.37,2.54,6.1,217,85,12.22,Low,Yes,Moderate,1
TXN06561,U06561,25,Male,11.68,1.16,2.18,2.56,3.22,122,230,14.11,High,Yes,Moderate,1
TXN06562,U06562,21,Male,8.4,3.84,5.44,5.59,5.25,266,186,9.53,Medium,Yes,Moderate,1
TXN06563,U06563,26,Female,6.71,0.66,2.63,2.97,5.47,123,68,9.62,Low,Yes,Mild,0
TXN06564,U06564,29,Male,6.82,5.73,4.58,3.94,7.4,304,137,9.08,Medium,Yes,Moderate,1
TXN06565,U06565,34,Other,7.59,4.9,3.85,3.47,4.21,211,185,10.23,Low,Yes,Moderate,1
TXN06566,U06566,20,Other,7.99,4.31,5.16,4.37,4.31,151,73,10.92,High,No,Moderate,1
TXN06567,U06567,18,Other,5.33,4.39,3.22,5.11,5.32,230,103,5.96,Medium,Yes,Moderate,1
TXN06568,U06568,22,Other,5.97,5.81,5.8,3.73,5.0,185,135,6.63,Medium,No,Severe,1
TXN06569,U06569,31,Female,10.68,5.8,3.83,4.71,6.88,111,144,12.2,High,No,Moderate,1
TXN06570,U06570,20,Other,10.27,2.5,3.28,2.8,4.42,140,221,11.11,Low,Yes,Moderate,1
TXN06571,U06571,22,Male,11.69,5.07,3.4,3.38,5.07,137,205,14.68,High,Yes,Severe,1
TXN06572,U06572,32,Male,7.43,0.62,3.05,1.81,4.45,100,86,9.25,Low,Yes,Mild,0
TXN06573,U06573,29,Female,11.37,1.58,5.14,3.39,6.04,242,117,13.29,Low,Yes,Severe,1
TXN06574,U06574,20,Male,6.95,3.8,2.86,0.73,5.08,207,156,9.19,Low,Yes,Mild,0
TXN06575,U06575,30,Female,3.11,3.14,4.41,5.07,6.3,188,156,3.7,Low,No,Mild,0
TXN06576,U06576,29,Other,7.27,4.46,5.56,2.74,5.0,201,119,8.07,Medium,Yes,Moderate,1
TXN06577,U06577,21,Male,9.41,5.68,4.07,4.84,3.74,277,123,11.37,High,No,Moderate,1
TXN06578,U06578,19,Other,6.17,5.53,4.11,1.13,5.84,293,193,7.2,High,No,Severe,1
TXN06579,U06579,34,Other,8.98,4.86,1.74,3.97,6.89,307,218,10.71,Low,No,Moderate,1
TXN06580,U06580,19,Male,11.8,2.48,5.94,3.21,3.0,229,252,13.29,Low,No,Severe,1
TXN06581,U06581,29,Female,9.75,2.93,2.92,5.63,4.25,273,114,12.63,Medium,Yes,Severe,1
TXN06582,U06582,35,Female,11.06,1.01,4.34,2.86,4.2,189,75,13.12,Low,Yes,Moderate,1
TXN06583,U06583,32,Female,4.54,2.65,0.55,1.31,6.56,33,90,5.93,High,Yes,,0
TXN06584,U06584,35,Other,6.34,4.22,3.65,0.84,6.12,207,168,8.4,High,No,Moderate,1
TXN06585,U06585,33,Male,4.39,1.06,0.92,3.79,5.67,77,158,5.31,High,No,Mild,0
TXN06586,U06586,35,Male,11.55,2.52,3.71,3.79,5.93,213,141,12.74,Low,Yes,Severe,1
TXN06587,U06587,21,Male,5.64,5.28,2.71,4.43,3.0,309,184,7.01,High,No,Severe,1
TXN06588,U06588,23,Female,11.23,4.62,5.56,1.07,3.0,166,195,13.46,Low,Yes,Severe,1
TXN06589,U06589,21,Male,8.54,2.77,5.27,2.47,5.5,126,147,9.91,Medium,Yes,Severe,1
TXN06590,U06590,30,Other,10.27,1.93,4.31,5.17,3.88,285,176,11.94,Low,No,Severe,1
TXN06591,U06591,26,Male,8.24,1.45,1.8,1.21,6.9,257,162,9.68,Medium,Yes,Moderate,1
TXN06592,U06592,31,Male,9.92,4.45,4.31,3.6,6.54,163,201,11.46,Medium,Yes,Severe,1
TXN06593,U06593,35,Male,4.23,1.63,3.22,1.03,7.63,61,80,6.31,Medium,Yes,Mild,0
TXN06594,U06594,24,Female,10.87,5.5,2.98,3.72,3.0,250,250,11.85,Medium,Yes,Severe,1
TXN06595,U06595,23,Female,7.34,2.14,0.99,4.57,3.92,100,66,9.4,Low,No,Mild,0
TXN06596,U06596,27,Male,11.91,5.88,3.42,5.67,6.79,227,105,13.05,High,Yes,Moderate,1
TXN06597,U06597,20,Male,7.03,3.96,4.15,4.38,6.77,175,107,7.81,Low,Yes,Mild,0
TXN06598,U06598,27,Male,7.18,5.86,5.11,5.84,4.45,328,187,7.89,Medium,No,Severe,1
TXN06599,U06599,34,Female,5.15,2.67,2.5,2.07,4.21,261,93,7.92,Medium,No,Mild,0
TXN06600,U06600,32,Male,4.39,2.52,3.98,4.5,5.92,203,109,5.68,Low,No,,0
TXN06601,U06601,24,Other,7.66,3.69,2.15,1.09,6.97,239,96,10.33,High,Yes,Moderate,1
TXN06602,U06602,25,Other,3.93,4.98,3.13,1.27,4.46,133,151,5.07,Low,Yes,Severe,1
TXN06603,U06603,19,Male,7.5,0.75,2.36,0.98,4.09,95,133,9.98,High,No,Mild,0
TXN06604,U06604,33,Male,11.22,5.67,1.66,3.08,6.37,107,114,13.56,High,Yes,Moderate,1
TXN06605,U06605,21,Male,10.0,5.35,3.11,4.03,4.17,264,167,10.65,High,Yes,Severe,1
TXN06606,U06606,26,Other,9.85,3.81,5.46,3.38,4.5,249,205,11.81,High,Yes,Moderate,1
TXN06607,U06607,29,Male,7.72,1.49,4.64,2.25,4.4,292,68,10.5,High,Yes,Moderate,1
TXN06608,U06608,19,Male,7.36,4.46,2.55,2.4,6.25,228,147,9.0,High,No,Moderate,1
TXN06609,U06609,23,Male,9.48,2.42,3.21,2.8,4.74,257,169,11.29,High,Yes,Severe,1
TXN06610,U06610,19,Male,9.27,5.22,2.47,2.96,5.85,135,112,12.22,High,No,Severe,1
TXN06611,U06611,25,Other,8.23,3.38,2.56,4.76,3.67,285,217,11.13,High,No,Severe,1
TXN06612,U06612,24,Male,8.97,1.3,3.91,1.58,3.05,217,144,9.88,Low,Yes,Moderate,1
TXN06613,U06613,19,Male,5.8,4.7,3.84,0.79,5.44,159,74,7.32,Low,No,Moderate,1
TXN06614,U06614,24,Other,6.89,4.69,6.39,4.42,5.42,280,134,9.23,Low,Yes,Severe,1
TXN06615,U06615,31,Male,5.21,1.39,4.05,3.8,4.13,208,195,5.91,Medium,No,Mild,0
TXN06616,U06616,25,Male,4.95,3.33,1.48,0.87,7.42,27,24,5.65,High,No,,0
TXN06617,U06617,26,Other,10.25,4.84,3.6,4.86,5.35,160,154,12.19,Medium,Yes,Severe,1
TXN06618,U06618,30,Female,4.11,5.42,5.85,5.04,3.8,269,94,5.71,High,No,Severe,1
TXN06619,U06619,28,Other,9.09,1.17,5.69,3.6,5.88,325,134,12.06,Medium,Yes,Severe,1
TXN06620,U06620,19,Male,3.65,3.13,3.84,2.18,5.01,242,141,5.03,Low,No,,0
TXN06621,U06621,35,Female,3.59,1.94,2.02,3.45,6.85,160,86,6.48,Medium,No,Mild,0
TXN06622,U06622,32,Male,7.98,5.9,3.07,4.01,6.01,315,188,9.61,Low,Yes,Severe,1
TXN06623,U06623,30,Other,5.84,2.88,2.91,2.98,7.58,70,113,7.13,Medium,No,Mild,0
TXN06624,U06624,20,Male,5.95,3.08,2.72,4.7,5.16,79,71,8.18,Medium,Yes,,0
TXN06625,U06625,27,Male,4.47,3.16,0.35,3.77,8.6,239,148,5.3,High,No,,0
TXN06626,U06626,26,Other,4.19,1.28,3.97,1.91,8.12,179,29,6.96,Low,Yes,,0
TXN06627,U06627,25,Female,3.28,4.79,3.26,0.57,3.0,245,129,4.34,Low,No,Severe,1
TXN06628,U06628,26,Female,5.5,5.5,2.81,4.14,4.12,197,251,7.36,Medium,Yes,Severe,1
TXN06629,U06629,26,Other,10.17,3.41,2.58,3.08,3.0,209,129,12.71,High,No,Severe,1
TXN06630,U06630,25,Other,3.47,3.64,2.28,4.37,8.08,70,50,6.2,Medium,Yes,,0
TXN06631,U06631,23,Other,9.98,1.69,3.01,0.77,4.37,307,117,12.94,Medium,Yes,Severe,1
TXN06632,U06632,27,Other,6.16,2.63,3.94,0.73,5.25,122,87,9.03,Low,No,Moderate,1
TXN06633,U06633,19,Other,5.76,1.5,3.2,3.18,8.5,70,17,7.97,Low,Yes,,0
TXN06634,U06634,29,Male,10.96,1.75,4.2,0.94,7.19,294,183,13.06,Low,No,Moderate,1
TXN06635,U06635,35,Male,9.43,2.36,4.17,4.1,3.97,321,142,10.47,Medium,Yes,Severe,1
TXN06636,U06636,29,Female,8.2,3.95,4.82,4.81,4.07,344,93,9.04,High,Yes,Severe,1
TXN06637,U06637,19,Male,10.92,1.04,3.68,2.32,6.0,236,135,11.74,High,No,Severe,1
TXN06638,U06638,23,Other,3.94,1.1,2.3,4.48,5.91,89,136,4.65,Low,No,,0
TXN06639,U06639,21,Female,4.43,1.04,3.15,2.57,6.94,122,28,7.42,Low,No,,0
TXN06640,U06640,20,Female,10.6,4.15,2.78,5.06,3.32,240,224,13.1,Medium,No,Severe,1
TXN06641,U06641,20,Female,3.67,5.29,5.04,4.24,3.99,140,106,4.2,Medium,No,Moderate,1
TXN06642,U06642,33,Female,4.92,2.62,1.48,5.64,5.18,102,159,7.07,Low,No,,0
TXN06643,U06643,35,Female,8.89,4.84,4.08,0.59,3.0,295,174,10.47,Medium,Yes,Moderate,1
TXN06644,U06644,25,Other,4.98,3.01,3.24,4.84,7.2,218,197,7.41,Low,Yes,Mild,0
TXN06645,U06645,24,Female,6.65,3.1,3.37,2.35,5.52,141,178,9.36,High,Yes,Mild,0
TXN06646,U06646,33,Other,5.66,2.21,0.89,4.9,7.64,59,63,6.79,Low,No,,0
TXN06647,U06647,24,Male,11.82,3.67,4.28,4.84,3.26,272,172,14.15,High,No,Moderate,1
TXN06648,U06648,21,Male,10.75,1.81,3.06,2.86,5.15,205,109,11.33,Medium,No,Moderate,1
TXN06649,U06649,35,Male,5.53,3.32,0.32,1.45,8.81,170,180,6.94,Medium,Yes,,0
TXN06650,U06650,18,Other,11.08,1.74,4.5,0.58,3.0,329,234,11.92,Medium,No,Severe,1
TXN06651,U06651,24,Other,4.79,1.43,2.58,5.07,7.27,142,190,6.73,High,Yes,Mild,0
TXN06652,U06652,27,Other,3.42,1.61,4.0,1.37,4.03,93,174,4.44,High,Yes,Mild,0
TXN06653,U06653,35,Male,5.35,0.72,0.23,2.25,5.97,72,161,6.4,Low,Yes,,0
TXN06654,U06654,27,Male,10.45,1.26,1.77,5.9,3.75,286,113,12.58,Low,No,Moderate,1
TXN06655,U06655,35,Male,8.16,2.34,6.2,3.54,5.46,335,164,9.22,Medium,No,Severe,1
TXN06656,U06656,27,Male,9.32,2.12,4.4,2.12,6.85,283,157,10.72,High,Yes,Moderate,1
TXN06657,U06657,30,Female,10.66,2.04,3.38,4.0,4.25,187,166,12.33,Medium,No,Severe,1
TXN06658,U06658,25,Other,4.39,1.62,0.62,3.71,7.19,117,29,5.58,Low,Yes,,0
TXN06659,U06659,31,Other,4.06,1.0,0.48,4.8,7.74,89,69,5.74,Medium,No,,0
TXN06660,U06660,27,Female,4.8,4.75,5.35,1.88,3.38,296,180,6.07,Low,No,Moderate,1
TXN06661,U06661,31,Male,8.47,1.05,4.32,5.85,5.06,198,127,9.11,High,No,Severe,1
TXN06662,U06662,32,Female,5.84,0.9,2.64,4.96,5.91,133,73,7.25,Low,Yes,Mild,0
TXN06663,U06663,34,Male,7.92,3.58,1.91,3.64,6.85,299,187,9.07,Medium,No,Moderate,1
TXN06664,U06664,20,Male,6.45,4.15,5.53,3.87,3.0,315,187,9.09,High,No,Severe,1
TXN06665,U06665,28,Female,10.07,0.83,4.77,1.33,5.69,315,176,10.94,Medium,No,Moderate,1
TXN06666,U06666,31,Female,10.21,3.58,6.23,1.4,6.33,203,194,10.96,Medium,No,Severe,1
TXN06667,U06667,29,Female,10.69,5.24,4.83,3.18,4.44,289,213,12.11,Low,Yes,Moderate,1
TXN06668,U06668,32,Male,3.14,5.48,4.15,2.19,6.95,270,220,4.53,Medium,No,Moderate,1
TXN06669,U06669,18,Female,7.56,2.27,4.19,2.12,6.2,288,141,10.47,High,Yes,Moderate,1
TXN06670,U06670,33,Female,8.21,4.31,3.62,3.11,6.99,320,174,10.06,Low,No,Moderate,1
TXN06671,U06671,33,Male,4.09,2.51,3.61,2.68,6.85,91,183,7.08,Medium,Yes,Mild,0
TXN06672,U06672,24,Other,6.03,5.94,5.15,4.92,5.59,232,126,8.32,Medium,No,Severe,1
TXN06673,U06673,35,Other,3.48,5.55,4.44,5.26,6.5,187,171,4.24,Medium,Yes,Moderate,1
TXN06674,U06674,18,Male,4.5,4.3,5.88,3.9,4.82,166,102,5.05,Low,No,Severe,1
TXN06675,U06675,20,Male,10.41,2.88,2.73,2.13,7.14,90,71,12.45,Low,No,Moderate,1
TXN06676,U06676,27,Other,7.13,2.16,4.85,1.73,4.48,318,215,8.67,High,Yes,Moderate,1
TXN06677,U06677,35,Male,3.56,1.28,1.61,0.82,5.49,200,194,4.49,High,No,Mild,0
TXN06678,U06678,28,Other,11.36,2.38,3.41,1.45,3.86,343,226,12.15,Medium,No,Severe,1
TXN06679,U06679,18,Female,11.68,5.03,4.82,5.73,3.0,100,136,14.6,High,No,Moderate,1
TXN06680,U06680,20,Other,11.92,3.36,3.67,3.38,3.48,185,194,14.53,High,Yes,Moderate,1
TXN06681,U06681,19,Male,9.79,4.13,3.15,3.07,3.57,317,219,12.55,High,Yes,Severe,1
TXN06682,U06682,31,Female,7.63,2.37,3.87,2.72,7.73,103,67,8.7,High,No,Mild,0
TXN06683,U06683,29,Male,4.25,3.06,2.5,3.36,6.35,139,44,6.36,Low,Yes,,0
TXN06684,U06684,30,Male,8.04,3.54,5.2,3.42,5.62,265,235,9.69,Medium,No,Severe,1
TXN06685,U06685,19,Female,6.09,5.64,4.77,4.53,4.19,289,98,7.94,Low,Yes,Severe,1
TXN06686,U06686,30,Other,8.31,4.97,3.85,4.88,3.75,117,107,9.53,Low,No,Moderate,1
TXN06687,U06687,26,Female,5.21,2.79,3.19,2.28,3.79,84,66,7.0,Low,No,Mild,0
TXN06688,U06688,22,Female,5.06,5.96,3.98,5.95,3.0,322,121,7.1,Medium,Yes,Severe,1
TXN06689,U06689,20,Other,9.81,4.22,3.78,2.96,5.99,223,165,10.37,High,No,Moderate,1
TXN06690,U06690,20,Other,4.5,0.69,2.72,4.72,6.73,204,79,7.17,High,Yes,Mild,0
TXN06691,U06691,25,Male,7.25,2.34,3.19,2.67,3.2,254,225,8.47,High,Yes,Moderate,1
TXN06692,U06692,29,Other,7.06,0.71,3.27,2.11,7.26,148,73,8.26,Low,No,Mild,0
TXN06693,U06693,20,Other,3.73,2.2,0.87,2.7,5.12,109,116,5.99,High,No,Mild,0
TXN06694,U06694,22,Female,11.5,0.57,3.3,5.79,6.02,211,243,14.08,High,No,Severe,1
TXN06695,U06695,34,Female,11.07,2.07,5.12,0.57,5.18,271,156,13.84,Low,Yes,Moderate,1
TXN06696,U06696,34,Other,7.33,4.0,5.16,1.28,4.76,132,224,9.1,Low,No,Moderate,1
TXN06697,U06697,28,Female,3.76,5.74,2.7,5.41,3.04,223,134,6.14,Low,Yes,Moderate,1
TXN06698,U06698,33,Female,8.38,3.07,5.34,1.03,5.65,128,73,10.95,Low,Yes,Moderate,1
TXN06699,U06699,22,Other,10.46,1.53,4.36,4.55,4.57,190,136,11.25,High,Yes,Moderate,1
TXN06700,U06700,32,Female,3.09,4.6,4.06,4.6,6.54,99,141,5.12,Low,Yes,Moderate,1
TXN06701,U06701,31,Other,3.6,1.39,3.19,3.99,6.3,232,129,6.39,Medium,No,Mild,0
TXN06702,U06702,19,Male,6.96,3.47,2.26,5.48,6.36,271,114,8.14,Low,No,Mild,0
TXN06703,U06703,21,Male,10.72,0.61,6.35,3.95,3.73,349,172,11.23,High,Yes,Severe,1
TXN06704,U06704,21,Female,8.55,1.66,3.07,5.7,4.26,111,167,9.58,Medium,No,Moderate,1
TXN06705,U06705,21,Female,10.6,5.73,4.8,4.95,3.6,168,73,11.61,Low,Yes,Moderate,1
TXN06706,U06706,34,Other,4.63,0.53,3.73,3.2,4.7,195,79,5.15,High,No,,0
TXN06707,U06707,28,Female,9.92,3.52,3.77,3.75,6.45,177,105,11.86,Low,Yes,Moderate,1
TXN06708,U06708,22,Female,10.15,5.99,3.3,5.36,5.06,100,201,11.14,Low,No,Moderate,1
TXN06709,U06709,18,Male,7.93,4.23,1.73,4.89,3.28,210,76,9.2,Medium,No,Moderate,1
TXN06710,U06710,25,Male,10.75,3.58,3.1,2.57,3.77,194,88,13.4,Medium,No,Moderate,1
TXN06711,U06711,32,Male,11.7,5.14,6.14,2.4,4.38,329,235,13.28,High,Yes,Severe,1
TXN06712,U06712,26,Male,7.34,2.94,5.03,2.05,3.72,174,224,9.34,Medium,No,Moderate,1
TXN06713,U06713,19,Male,6.03,4.14,1.72,3.16,5.2,149,164,6.55,Low,No,Moderate,1
TXN06714,U06714,24,Other,8.34,3.77,4.82,5.72,4.42,349,197,9.19,High,No,Severe,1
TXN06715,U06715,18,Male,4.24,3.22,3.88,5.42,7.96,225,164,6.65,Low,Yes,,0
TXN06716,U06716,24,Other,3.71,4.21,4.74,3.02,4.65,303,114,4.55,Low,No,Severe,1
TXN06717,U06717,29,Female,10.75,1.59,2.82,5.38,3.45,221,165,13.33,High,No,Severe,1
TXN06718,U06718,21,Other,9.68,2.07,5.13,2.17,7.39,258,221,11.11,High,No,Moderate,1
TXN06719,U06719,33,Other,4.52,4.74,2.86,3.67,4.96,127,228,5.5,Low,Yes,Moderate,1
TXN06720,U06720,24,Other,6.38,2.06,1.66,4.03,5.63,132,176,8.72,Medium,No,Mild,0
TXN06721,U06721,20,Female,6.06,3.75,3.67,5.76,6.86,107,93,7.2,Low,No,Mild,0
TXN06722,U06722,30,Female,4.5,0.78,1.93,3.82,8.33,39,86,5.35,Medium,No,,0
TXN06723,U06723,25,Other,6.3,0.8,4.15,3.24,3.83,240,103,7.83,Low,No,Mild,0
TXN06724,U06724,26,Male,9.31,5.31,4.25,2.54,4.01,230,235,11.31,Medium,Yes,Severe,1
TXN06725,U06725,26,Other,6.66,5.97,2.02,0.92,3.72,313,93,9.44,Medium,Yes,Moderate,1
TXN06726,U06726,28,Male,6.5,5.8,1.66,3.59,3.12,262,176,8.61,Low,Yes,Moderate,1
TXN06727,U06727,22,Male,10.78,3.56,3.67,5.7,4.78,187,197,11.87,Low,No,Moderate,1
TXN06728,U06728,24,Female,5.55,5.4,4.45,0.93,3.51,142,117,7.53,Low,Yes,Moderate,1
TXN06729,U06729,29,Other,11.74,4.06,3.01,1.76,5.65,126,237,14.24,Medium,Yes,Severe,1
TXN06730,U06730,20,Other,7.98,5.69,3.84,3.7,5.08,348,112,10.71,High,Yes,Severe,1
TXN06731,U06731,19,Other,9.24,3.55,4.09,5.67,3.47,133,71,10.24,High,Yes,Moderate,1
TXN06732,U06732,32,Female,4.96,5.84,5.67,1.6,6.56,211,195,6.64,Medium,No,Severe,1
TXN06733,U06733,26,Female,4.62,3.76,4.51,3.55,8.11,96,155,6.75,Medium,Yes,Mild,0
TXN06734,U06734,31,Other,11.69,4.88,5.96,2.97,3.0,231,126,13.87,High,No,Severe,1
TXN06735,U06735,20,Female,6.65,4.87,3.69,5.84,4.24,106,136,7.88,Medium,No,Moderate,1
TXN06736,U06736,23,Female,6.19,2.93,3.37,2.01,6.24,185,126,6.72,Low,Yes,Mild,0
TXN06737,U06737,26,Male,10.34,3.69,5.54,4.98,3.0,302,81,13.17,High,No,Moderate,1
TXN06738,U06738,20,Other,11.69,4.92,3.19,5.93,6.26,178,91,13.37,High,No,Severe,1
TXN06739,U06739,29,Other,4.69,4.86,5.03,0.54,3.15,261,184,6.81,High,Yes,Moderate,1
TXN06740,U06740,29,Female,11.15,1.55,5.04,3.7,4.92,263,105,12.41,Medium,No,Severe,1
TXN06741,U06741,31,Male,10.37,3.83,3.4,2.46,3.79,329,241,12.4,High,No,Severe,1
TXN06742,U06742,33,Other,8.84,0.65,2.7,3.32,4.19,165,147,11.52,High,No,Severe,1
TXN06743,U06743,34,Female,3.44,2.71,2.44,2.26,4.89,198,132,6.39,Low,Yes,Mild,0
TXN06744,U06744,35,Female,10.67,5.0,4.2,0.64,5.87,138,91,11.3,Medium,Yes,Severe,1
TXN06745,U06745,31,Female,7.23,3.24,4.02,1.5,5.17,307,190,8.69,High,Yes,Moderate,1
TXN06746,U06746,21,Female,5.8,2.52,3.4,2.81,7.8,196,150,7.81,High,No,Mild,0
TXN06747,U06747,33,Other,7.78,3.18,4.56,3.77,4.92,261,114,9.31,Low,No,Mild,0
TXN06748,U06748,29,Male,11.35,2.43,3.63,4.71,3.0,137,199,14.08,Medium,Yes,Severe,1
TXN06749,U06749,28,Female,9.43,4.07,3.69,1.35,4.64,136,103,12.4,Medium,No,Severe,1
TXN06750,U06750,31,Female,8.66,4.4,2.1,2.75,5.74,317,69,10.74,Medium,No,Moderate,1
TXN06751,U06751,32,Male,11.3,3.02,4.99,2.61,5.91,137,98,13.79,Low,Yes,Severe,1
TXN06752,U06752,21,Female,5.15,1.26,1.68,2.32,4.82,54,97,6.43,Medium,No,,0
TXN06753,U06753,22,Male,5.22,5.74,2.59,5.03,3.0,279,246,8.04,Low,No,Severe,1
TXN06754,U06754,31,Female,8.62,5.31,3.43,3.68,4.06,206,184,9.84,High,Yes,Moderate,1
TXN06755,U06755,19,Other,4.93,3.58,1.5,5.26,5.4,248,84,5.69,High,Yes,Mild,0
TXN06756,U06756,33,Other,9.42,5.86,1.93,0.66,4.68,305,212,11.82,Medium,No,Moderate,1
TXN06757,U06757,19,Other,4.15,1.58,1.36,3.05,7.45,81,160,5.96,Medium,Yes,Mild,0
TXN06758,U06758,31,Other,11.09,3.67,4.95,0.67,3.0,213,114,12.02,Medium,Yes,Severe,1
TXN06759,U06759,32,Female,3.84,0.91,1.92,5.82,4.96,193,46,4.58,High,No,,0
TXN06760,U06760,29,Female,10.77,5.14,3.66,2.52,3.44,203,81,11.28,High,Yes,Moderate,1
TXN06761,U06761,35,Other,7.01,4.2,4.58,5.22,5.41,152,178,10.0,Medium,No,Severe,1
TXN06762,U06762,34,Male,3.2,2.89,1.19,2.74,6.03,207,162,5.14,Medium,Yes,,0
TXN06763,U06763,27,Male,11.78,5.23,1.89,3.07,5.46,314,190,13.47,Low,Yes,Moderate,1
TXN06764,U06764,33,Other,7.81,1.92,5.33,3.48,5.98,205,134,9.49,Medium,Yes,Moderate,1
TXN06765,U06765,26,Female,7.81,5.8,4.05,1.86,3.0,224,242,9.68,Low,No,Severe,1
TXN06766,U06766,20,Other,10.82,1.73,3.05,3.98,4.21,145,174,13.41,Low,Yes,Severe,1
TXN06767,U06767,18,Male,5.51,1.55,2.42,1.02,7.92,206,66,7.79,High,Yes,Mild,0
TXN06768,U06768,27,Other,6.06,4.24,5.6,2.36,4.43,144,139,8.46,High,Yes,Severe,1
TXN06769,U06769,21,Male,10.06,5.17,5.21,3.84,4.4,161,157,12.97,High,Yes,Severe,1
TXN06770,U06770,19,Other,10.6,3.96,3.48,2.13,4.68,215,94,11.42,High,Yes,Moderate,1
TXN06771,U06771,33,Other,8.51,3.42,4.33,3.89,4.33,170,160,9.5,Medium,Yes,Severe,1
TXN06772,U06772,24,Other,6.91,3.07,2.15,1.61,6.97,258,146,8.01,Medium,Yes,Mild,0
TXN06773,U06773,34,Male,9.13,5.57,4.17,1.62,3.64,231,109,11.58,High,Yes,Severe,1
TXN06774,U06774,27,Male,7.48,3.67,4.97,2.43,3.85,280,181,9.1,Low,Yes,Moderate,1
TXN06775,U06775,30,Male,8.96,2.11,5.87,5.11,5.63,334,221,10.12,Low,No,Severe,1
TXN06776,U06776,24,Female,6.27,1.17,3.65,1.54,7.8,159,202,8.27,High,No,Mild,0
TXN06777,U06777,19,Male,11.08,1.22,5.5,5.99,7.06,304,88,11.7,Low,Yes,Moderate,1
TXN06778,U06778,20,Female,3.73,3.74,2.6,3.84,6.61,268,105,5.08,Medium,No,Mild,0
TXN06779,U06779,23,Male,8.89,2.17,3.63,1.61,4.86,146,179,10.67,High,Yes,Moderate,1
TXN06780,U06780,19,Male,10.36,2.86,3.54,1.28,3.82,214,201,11.89,High,No,Moderate,1
TXN06781,U06781,35,Male,4.72,4.45,5.37,4.79,3.28,295,181,6.87,High,Yes,Severe,1
TXN06782,U06782,29,Other,5.33,5.06,4.2,2.78,3.32,234,197,8.09,High,Yes,Moderate,1
TXN06783,U06783,23,Male,9.55,2.88,6.16,1.32,3.0,291,179,11.54,High,No,Severe,1
TXN06784,U06784,21,Male,11.01,5.18,4.47,2.57,3.53,296,151,11.88,High,No,Moderate,1
TXN06785,U06785,22,Male,8.92,0.83,5.74,3.26,3.23,326,154,10.97,High,Yes,Severe,1
TXN06786,U06786,20,Other,5.05,1.09,3.93,4.19,5.21,161,181,5.56,Medium,Yes,Mild,0
TXN06787,U06787,25,Female,6.74,2.37,4.42,2.55,6.86,144,160,7.25,High,No,Mild,0
TXN06788,U06788,34,Female,10.48,1.67,4.82,4.53,7.28,272,184,11.63,Medium,No,Moderate,1
TXN06789,U06789,26,Male,4.09,3.81,2.14,2.05,4.52,163,35,4.63,High,Yes,,0
TXN06790,U06790,23,Female,9.55,4.59,1.93,2.95,4.78,152,161,11.03,Low,Yes,Moderate,1
TXN06791,U06791,21,Other,3.12,5.85,4.73,1.58,6.2,294,106,3.88,High,No,Moderate,1
TXN06792,U06792,29,Male,6.23,4.6,1.7,4.71,6.42,218,83,8.69,Medium,Yes,Moderate,1
TXN06793,U06793,34,Other,7.78,3.48,2.95,4.21,6.42,256,189,9.68,Medium,No,Moderate,1
TXN06794,U06794,24,Female,9.56,1.38,2.52,4.92,5.5,223,166,10.06,Low,Yes,Moderate,1
TXN06795,U06795,30,Male,11.4,1.61,6.28,4.41,6.0,149,254,12.75,Medium,No,Severe,1
TXN06796,U06796,24,Other,9.66,2.24,2.59,1.12,3.0,206,102,11.57,High,Yes,Severe,1
TXN06797,U06797,29,Male,11.41,1.04,2.13,5.98,3.05,257,103,13.65,Medium,Yes,Moderate,1
TXN06798,U06798,31,Male,8.76,3.07,6.15,1.96,3.3,307,171,10.01,Medium,No,Severe,1
TXN06799,U06799,22,Other,10.29,1.26,3.6,3.47,6.17,167,120,12.62,Low,Yes,Severe,1
TXN06800,U06800,34,Other,9.99,5.16,3.22,4.24,5.54,123,187,10.49,High,No,Moderate,1
TXN06801,U06801,30,Female,11.37,1.08,4.65,0.96,6.46,145,183,14.23,High,Yes,Moderate,1
TXN06802,U06802,34,Male,3.43,1.4,4.66,3.32,6.95,141,171,5.09,Medium,No,Mild,0
TXN06803,U06803,22,Female,10.57,0.59,2.59,1.92,6.11,225,196,11.66,Medium,Yes,Moderate,1
TXN06804,U06804,35,Female,8.9,1.44,4.58,1.36,5.73,269,157,9.81,Medium,Yes,Moderate,1
TXN06805,U06805,27,Male,6.79,1.76,5.28,1.44,3.24,247,129,8.49,Low,Yes,Moderate,1
TXN06806,U06806,25,Female,11.07,2.6,4.85,5.95,6.11,241,69,13.83,High,Yes,Moderate,1
TXN06807,U06807,31,Female,4.37,3.2,2.02,2.4,6.58,63,70,6.5,High,Yes,,0
TXN06808,U06808,33,Male,11.75,5.64,5.55,5.97,3.59,116,97,14.72,Medium,No,Moderate,1
TXN06809,U06809,31,Other,7.07,1.79,3.09,5.75,5.24,163,196,8.18,Low,No,Moderate,1
TXN06810,U06810,31,Male,5.44,1.19,1.69,0.65,7.16,149,179,6.49,Low,Yes,,0
TXN06811,U06811,20,Other,7.32,3.23,2.52,4.59,6.28,254,125,8.35,High,No,Moderate,1
TXN06812,U06812,20,Female,7.26,4.47,5.7,5.14,4.24,284,171,9.15,High,Yes,Severe,1
TXN06813,U06813,34,Female,8.89,2.58,2.61,5.17,5.03,266,180,11.6,Low,No,Severe,1
TXN06814,U06814,31,Other,4.89,2.66,1.5,1.57,6.19,74,51,7.05,Low,No,Mild,0
TXN06815,U06815,18,Other,11.44,2.0,5.18,2.53,5.9,103,120,12.73,High,Yes,Moderate,1
TXN06816,U06816,35,Other,3.22,2.37,1.29,3.14,6.98,143,166,4.44,Medium,Yes,,0
TXN06817,U06817,29,Other,4.05,2.04,2.44,2.2,7.82,221,78,6.99,Medium,No,Mild,0
TXN06818,U06818,21,Other,8.58,0.72,3.4,2.03,4.97,336,193,9.4,Medium,Yes,Severe,1
TXN06819,U06819,33,Other,5.45,3.04,2.92,3.83,5.31,255,180,6.53,Medium,Yes,Mild,0
TXN06820,U06820,24,Male,10.23,4.57,2.85,1.26,5.52,141,117,12.1,Low,No,Severe,1
TXN06821,U06821,31,Female,3.94,3.59,2.32,2.84,5.64,246,86,4.5,High,Yes,,0
TXN06822,U06822,33,Other,9.0,4.87,2.93,1.28,4.86,251,226,11.5,Low,Yes,Severe,1
TXN06823,U06823,23,Female,9.12,4.44,5.66,5.03,5.37,317,239,10.97,High,Yes,Severe,1
TXN06824,U06824,25,Other,4.46,3.23,1.87,0.68,6.18,226,27,7.25,Low,No,,0
TXN06825,U06825,20,Male,9.97,3.96,4.78,1.29,6.13,246,199,11.49,Medium,Yes,Severe,1
TXN06826,U06826,26,Female,9.84,4.08,3.82,2.91,3.41,144,104,10.61,High,No,Severe,1
TXN06827,U06827,29,Other,6.14,2.34,4.17,1.25,4.49,72,156,8.07,Medium,Yes,Mild,0
TXN06828,U06828,30,Male,5.32,4.44,5.28,0.91,3.0,128,127,7.32,Medium,Yes,Severe,1
TXN06829,U06829,19,Male,10.57,5.75,4.69,2.48,3.63,198,201,12.51,Medium,Yes,Severe,1
TXN06830,U06830,26,Other,4.28,2.2,0.84,3.9,4.95,135,108,7.01,Low,Yes,,0
TXN06831,U06831,30,Other,3.6,1.27,3.36,5.5,4.97,153,129,6.41,Medium,Yes,Mild,0
TXN06832,U06832,24,Other,7.25,1.87,2.14,1.78,5.18,141,204,9.28,Medium,No,Moderate,1
TXN06833,U06833,26,Other,6.89,5.02,5.27,5.22,4.27,229,218,9.36,High,No,Severe,1
TXN06834,U06834,22,Other,8.76,2.23,4.85,1.59,6.19,315,184,10.68,Low,Yes,Severe,1
TXN06835,U06835,18,Female,10.9,4.73,3.96,4.22,5.75,313,135,12.63,High,No,Moderate,1
TXN06836,U06836,25,Male,7.89,1.22,3.0,2.74,5.14,273,190,8.76,Low,No,Mild,0
TXN06837,U06837,33,Female,6.23,5.78,4.81,1.53,6.99,158,117,7.16,Medium,No,Moderate,1
TXN06838,U06838,31,Male,7.61,5.3,4.34,2.1,5.65,265,87,9.62,Medium,Yes,Moderate,1
TXN06839,U06839,28,Female,9.68,5.89,1.68,1.91,5.38,300,219,11.7,Low,Yes,Moderate,1
TXN06840,U06840,27,Other,8.55,3.81,5.27,3.54,4.68,254,131,11.25,Medium,No,Severe,1
TXN06841,U06841,26,Other,6.22,4.04,5.47,2.68,3.87,236,97,8.57,Low,Yes,Moderate,1
TXN06842,U06842,30,Other,3.6,3.06,2.98,5.58,4.64,38,18,4.44,Low,No,,0
TXN06843,U06843,22,Female,4.2,4.28,5.44,3.69,4.27,187,190,5.56,Medium,No,Moderate,1
TXN06844,U06844,30,Other,10.44,4.4,6.13,1.19,4.32,196,110,11.14,Medium,Yes,Severe,1
TXN06845,U06845,27,Other,6.07,2.68,4.95,0.94,4.28,193,93,9.03,Medium,No,Moderate,1
TXN06846,U06846,30,Other,8.25,3.93,2.85,3.86,5.58,304,242,10.48,High,Yes,Severe,1
TXN06847,U06847,24,Female,8.11,1.35,3.27,2.75,3.45,173,101,10.4,Medium,Yes,Severe,1
TXN06848,U06848,26,Female,9.67,1.25,5.09,1.96,5.26,312,178,12.15,Low,Yes,Moderate,1
TXN06849,U06849,21,Other,11.37,1.65,4.38,4.75,5.95,119,225,14.13,Low,No,Moderate,1
TXN06850,U06850,24,Other,5.99,2.4,3.22,2.9,6.31,121,111,7.66,Low,Yes,Mild,0
TXN06851,U06851,23,Male,10.35,5.37,3.84,2.34,3.0,241,132,11.67,Medium,No,Severe,1
TXN06852,U06852,23,Other,7.44,3.58,1.53,4.13,4.35,83,118,9.08,Low,Yes,Mild,0
TXN06853,U06853,26,Female,4.57,0.59,4.36,4.05,3.9,277,171,5.79,Medium,Yes,Mild,0
TXN06854,U06854,23,Other,6.76,5.46,3.88,1.69,5.74,288,179,8.86,High,No,Moderate,1
TXN06855,U06855,21,Female,7.66,3.73,2.33,5.42,4.38,167,68,9.45,Medium,Yes,Mild,0
TXN06856,U06856,31,Male,5.24,2.41,3.02,0.8,8.3,113,178,6.93,Low,No,,0
TXN06857,U06857,23,Male,8.77,5.55,2.26,3.39,3.23,189,108,9.94,Low,Yes,Moderate,1
TXN06858,U06858,34,Other,3.46,4.27,3.18,3.4,3.87,136,142,6.12,Medium,No,Severe,1
TXN06859,U06859,28,Other,8.88,4.9,3.76,3.55,3.27,332,123,9.88,High,Yes,Severe,1
TXN06860,U06860,18,Male,3.13,2.72,1.65,5.82,7.7,53,108,4.99,Medium,Yes,,0
TXN06861,U06861,24,Other,10.76,4.41,3.93,3.7,4.49,104,157,13.28,High,No,Moderate,1
TXN06862,U06862,22,Male,4.18,3.97,2.97,3.65,8.44,119,133,6.98,High,No,,0
TXN06863,U06863,18,Other,6.25,3.28,4.78,5.45,7.24,175,129,8.96,Low,Yes,Mild,0
TXN06864,U06864,25,Male,9.07,5.76,2.21,5.0,5.03,132,209,11.59,High,No,Moderate,1
TXN06865,U06865,22,Female,6.93,3.29,2.96,2.09,5.49,241,103,9.82,Medium,No,Mild,0
TXN06866,U06866,31,Female,11.37,2.84,4.1,4.0,4.17,297,188,13.34,Low,No,Moderate,1
TXN06867,U06867,33,Male,8.65,1.16,6.38,1.77,3.0,238,132,11.33,Medium,No,Severe,1
TXN06868,U06868,28,Male,7.15,1.67,4.55,4.68,6.21,225,138,8.35,Medium,No,Moderate,1
TXN06869,U06869,19,Male,9.95,1.57,2.29,2.51,6.37,278,117,12.89,Low,No,Moderate,1
TXN06870,U06870,19,Other,10.88,1.11,4.32,5.26,4.33,154,249,11.6,Low,No,Severe,1
TXN06871,U06871,30,Male,3.38,1.28,4.7,4.12,4.33,266,68,5.57,High,Yes,Mild,0
TXN06872,U06872,30,Female,6.18,5.01,3.74,4.65,3.74,281,153,8.28,Low,No,Severe,1
TXN06873,U06873,25,Other,4.86,3.97,0.66,1.47,5.35,20,156,6.08,High,No,,0
TXN06874,U06874,20,Male,3.72,0.66,2.06,3.35,7.41,53,44,5.31,High,No,,0
TXN06875,U06875,22,Female,7.01,3.38,2.84,1.71,5.16,134,117,8.85,Medium,Yes,Mild,0
TXN06876,U06876,23,Male,6.84,1.23,4.31,0.95,6.6,284,125,8.36,High,Yes,Mild,0
TXN06877,U06877,20,Other,4.63,3.25,1.23,2.18,6.49,186,105,5.85,Low,No,,0
TXN06878,U06878,18,Female,7.4,3.5,1.07,1.35,4.84,207,90,9.61,High,No,Mild,0
TXN06879,U06879,29,Female,3.89,5.15,5.03,5.71,6.1,172,93,5.22,Medium,Yes,Severe,1
TXN06880,U06880,34,Other,6.28,0.77,3.69,4.66,4.98,253,138,7.15,Low,Yes,Moderate,1
TXN06881,U06881,24,Female,8.06,5.09,2.05,4.48,3.71,92,208,10.67,High,Yes,Moderate,1
TXN06882,U06882,32,Female,5.05,3.99,1.48,0.75,5.52,240,99,6.08,High,Yes,Mild,0
TXN06883,U06883,28,Female,4.13,2.76,2.68,2.39,7.46,106,115,5.12,Low,No,Mild,0
TXN06884,U06884,19,Female,4.25,2.83,0.33,1.83,5.74,100,100,5.95,High,No,,0
TXN06885,U06885,26,Female,8.2,1.38,1.93,0.75,5.21,140,188,10.12,High,No,Moderate,1
TXN06886,U06886,20,Male,8.96,3.36,3.06,3.02,5.37,183,175,11.57,Medium,Yes,Moderate,1
TXN06887,U06887,22,Male,5.92,1.83,4.44,0.69,7.65,110,87,8.62,Low,No,Mild,0
TXN06888,U06888,31,Other,3.26,2.11,3.57,1.21,4.99,144,61,6.25,Medium,Yes,Mild,0
TXN06889,U06889,26,Male,11.55,2.25,3.61,1.8,7.0,174,123,14.26,High,No,Moderate,1
TXN06890,U06890,19,Female,6.37,3.52,2.35,4.16,3.8,295,209,8.6,Medium,No,Moderate,1
TXN06891,U06891,32,Male,10.8,4.43,5.03,2.2,3.88,143,105,13.57,Low,No,Moderate,1
TXN06892,U06892,22,Male,9.22,2.09,3.19,3.13,6.98,121,192,11.29,High,Yes,Moderate,1
TXN06893,U06893,30,Female,6.31,0.95,1.92,0.93,5.08,300,140,8.68,High,No,Moderate,1
TXN06894,U06894,34,Female,5.76,2.59,2.32,3.81,8.42,99,73,7.21,Low,Yes,,0
TXN06895,U06895,21,Female,9.06,1.12,5.1,1.52,3.16,282,208,9.73,Low,No,Moderate,1
TXN06896,U06896,19,Male,9.71,5.23,4.48,2.7,3.78,290,96,11.34,High,Yes,Moderate,1
TXN06897,U06897,30,Other,10.58,1.83,4.77,5.54,5.71,236,238,12.53,High,Yes,Severe,1
TXN06898,U06898,32,Female,9.68,0.59,5.95,4.52,3.6,262,225,10.79,Low,Yes,Severe,1
TXN06899,U06899,18,Other,4.39,5.94,2.58,2.72,4.11,97,121,5.77,High,Yes,Moderate,1
TXN06900,U06900,20,Other,7.62,5.82,2.24,1.18,3.13,105,111,8.92,Low,Yes,Moderate,1
TXN06901,U06901,18,Female,10.6,2.07,4.9,2.91,6.34,215,252,11.92,Low,No,Severe,1
TXN06902,U06902,26,Female,10.97,2.28,5.52,4.78,5.87,300,92,12.84,Medium,No,Severe,1
TXN06903,U06903,34,Other,6.91,2.14,2.73,3.32,4.51,140,48,8.39,Low,Yes,Mild,0
TXN06904,U06904,34,Female,5.8,5.53,2.9,5.42,6.76,212,171,6.52,High,Yes,Moderate,1
TXN06905,U06905,22,Other,11.25,1.97,3.5,4.58,5.97,157,158,12.3,Medium,Yes,Severe,1
TXN06906,U06906,21,Other,10.92,4.8,4.85,4.76,4.21,179,124,12.92,Medium,Yes,Moderate,1
TXN06907,U06907,29,Male,8.32,5.87,4.07,1.82,4.99,214,98,9.62,Medium,No,Moderate,1
TXN06908,U06908,31,Male,5.09,2.56,3.35,2.6,6.72,275,50,6.94,Medium,Yes,Mild,0
TXN06909,U06909,28,Female,7.93,5.17,3.48,1.39,3.71,254,190,9.47,Low,No,Moderate,1
TXN06910,U06910,34,Male,8.45,1.0,2.95,2.15,6.34,217,148,10.74,Medium,Yes,Severe,1
TXN06911,U06911,19,Other,11.5,3.85,5.43,4.42,5.6,195,226,13.61,High,No,Moderate,1
TXN06912,U06912,18,Female,7.5,0.71,3.71,5.13,4.01,189,63,8.85,Medium,Yes,Mild,0
TXN06913,U06913,24,Male,6.25,1.29,2.94,3.75,4.8,169,114,7.41,High,No,Moderate,1
TXN06914,U06914,33,Male,5.06,3.84,2.53,1.02,4.91,238,53,7.57,Low,Yes,,0
TXN06915,U06915,35,Male,10.09,4.97,3.33,5.59,4.4,290,100,11.5,Low,Yes,Severe,1
TXN06916,U06916,28,Female,7.46,4.13,3.49,2.11,3.0,344,227,9.37,Low,Yes,Severe,1
TXN06917,U06917,23,Male,3.54,2.05,1.2,1.22,7.45,55,136,5.13,Medium,Yes,,0
TXN06918,U06918,33,Male,4.62,3.59,3.87,5.04,5.17,203,176,6.87,High,Yes,Mild,0
TXN06919,U06919,26,Other,7.76,3.79,4.03,3.4,5.14,212,103,10.55,Medium,Yes,Moderate,1
TXN06920,U06920,33,Other,9.67,0.9,3.2,5.46,6.06,314,153,10.83,High,Yes,Moderate,1
TXN06921,U06921,27,Other,9.73,3.24,3.07,2.93,3.27,339,154,11.79,High,Yes,Severe,1
TXN06922,U06922,21,Other,7.35,0.94,4.0,1.48,7.86,165,205,8.46,Low,Yes,Mild,0
TXN06923,U06923,29,Female,7.39,4.52,3.58,1.31,6.19,275,115,8.39,High,Yes,Severe,1
TXN06924,U06924,33,Female,5.61,5.16,5.72,2.59,6.3,201,127,6.26,High,No,Severe,1
TXN06925,U06925,27,Male,6.1,5.02,3.36,3.22,3.41,221,81,7.37,High,Yes,Moderate,1
TXN06926,U06926,23,Other,9.05,3.74,2.55,5.88,3.0,246,163,11.58,Medium,Yes,Severe,1
TXN06927,U06927,20,Other,8.56,2.29,3.69,3.32,3.47,93,175,10.36,High,Yes,Moderate,1
TXN06928,U06928,24,Other,6.01,4.76,4.84,1.89,3.73,159,177,9.01,Low,Yes,Moderate,1
TXN06929,U06929,33,Other,10.38,2.97,2.91,5.39,3.01,326,151,12.58,High,No,Severe,1
TXN06930,U06930,21,Other,10.63,0.59,4.01,1.49,7.25,123,67,12.53,Medium,No,Moderate,1
TXN06931,U06931,29,Male,3.57,4.37,4.89,1.96,3.75,271,133,4.96,High,No,Severe,1
TXN06932,U06932,28,Female,7.87,5.78,5.05,1.02,4.76,160,146,10.18,Low,Yes,Severe,1
TXN06933,U06933,28,Other,5.17,1.51,2.21,3.87,4.07,279,131,7.65,Low,No,Mild,0
TXN06934,U06934,31,Other,9.16,4.95,2.39,1.13,4.1,185,219,12.01,High,Yes,Moderate,1
TXN06935,U06935,33,Other,7.3,3.4,1.59,2.5,6.65,56,150,8.42,Low,No,Mild,0
TXN06936,U06936,34,Male,11.24,4.61,4.95,1.89,3.74,189,232,12.21,High,Yes,Severe,1
TXN06937,U06937,31,Male,5.92,2.56,1.37,1.14,4.01,190,109,6.56,Medium,No,Mild,0
TXN06938,U06938,19,Other,5.63,5.54,3.39,5.41,3.7,146,114,7.13,Low,No,Moderate,1
TXN06939,U06939,31,Other,10.67,5.55,1.85,5.71,4.53,298,125,13.46,High,No,Moderate,1
TXN06940,U06940,27,Female,3.51,5.69,5.11,4.56,5.74,301,138,5.83,Medium,Yes,Moderate,1
TXN06941,U06941,27,Female,11.31,5.11,3.31,5.49,3.92,270,223,14.2,High,No,Severe,1
TXN06942,U06942,27,Other,4.86,0.99,0.66,2.02,7.54,117,19,6.74,Low,No,,0
TXN06943,U06943,33,Female,6.56,1.5,1.29,5.52,4.03,192,66,8.89,Low,No,Mild,0
TXN06944,U06944,35,Female,10.07,1.53,3.26,5.91,4.95,208,91,12.96,Low,Yes,Severe,1
TXN06945,U06945,22,Male,10.5,4.19,5.53,5.55,4.48,190,196,12.49,Medium,No,Severe,1
TXN06946,U06946,27,Other,8.11,1.85,3.19,5.87,5.36,293,186,9.91,High,No,Moderate,1
TXN06947,U06947,20,Male,10.6,3.62,3.1,5.95,5.11,196,73,12.71,Low,No,Moderate,1
TXN06948,U06948,27,Female,6.68,5.8,2.25,3.8,4.62,226,87,8.27,Medium,Yes,Moderate,1
TXN06949,U06949,26,Male,7.93,0.82,3.17,0.73,6.9,61,87,10.77,Medium,Yes,Mild,0
TXN06950,U06950,19,Male,10.19,5.02,4.19,4.12,6.07,112,143,11.76,High,No,Moderate,1
TXN06951,U06951,20,Female,4.2,2.76,2.39,0.97,5.62,56,46,5.4,Medium,No,,0
TXN06952,U06952,23,Female,9.25,2.16,2.51,3.46,3.78,304,112,11.9,Low,Yes,Moderate,1
TXN06953,U06953,19,Male,9.03,5.78,1.79,5.71,4.97,231,67,10.2,High,No,Moderate,1
TXN06954,U06954,30,Female,5.4,3.56,2.89,3.62,3.93,244,100,6.26,High,No,Mild,0
TXN06955,U06955,19,Male,3.99,3.34,2.79,4.3,6.95,200,83,5.66,Medium,Yes,,0
TXN06956,U06956,20,Male,5.34,5.38,3.41,0.93,6.22,237,156,6.16,Medium,No,Moderate,1
TXN06957,U06957,18,Female,6.53,2.92,3.41,1.7,6.84,172,137,7.67,High,No,Moderate,1
TXN06958,U06958,34,Male,9.04,5.35,5.81,1.93,4.21,338,214,11.71,Low,No,Severe,1
TXN06959,U06959,31,Male,7.8,3.07,2.75,0.59,7.33,124,179,9.0,Medium,No,Mild,0
TXN06960,U06960,29,Male,6.63,4.56,2.06,2.4,4.18,104,146,8.47,Low,No,Moderate,1
TXN06961,U06961,23,Female,6.23,1.54,2.94,5.58,4.22,226,175,7.04,Medium,Yes,Mild,0
TXN06962,U06962,25,Male,3.46,5.02,5.59,4.51,3.13,192,195,4.15,Low,No,Moderate,1
TXN06963,U06963,26,Other,7.67,4.21,5.57,4.18,5.53,179,233,9.53,Medium,Yes,Severe,1
TXN06964,U06964,19,Male,9.81,4.82,4.75,2.14,3.99,155,66,12.5,Low,No,Moderate,1
TXN06965,U06965,25,Female,10.12,0.76,5.16,5.74,5.79,110,124,13.08,High,No,Moderate,1
TXN06966,U06966,20,Male,11.09,1.9,5.36,4.15,4.76,315,146,12.22,High,No,Moderate,1
TXN06967,U06967,21,Female,3.01,1.19,3.01,4.63,8.08,191,66,4.18,Low,No,,0
TXN06968,U06968,23,Female,6.87,4.71,3.99,1.45,4.31,270,138,9.6,Medium,No,Severe,1
TXN06969,U06969,25,Male,11.59,4.15,5.16,5.42,5.33,204,226,13.82,High,No,Moderate,1
TXN06970,U06970,25,Male,7.69,2.91,5.04,1.45,7.26,259,131,9.76,Low,No,Moderate,1
TXN06971,U06971,32,Female,11.76,1.64,5.59,5.75,6.25,268,173,14.39,Medium,No,Moderate,1
TXN06972,U06972,22,Male,10.71,4.63,2.17,5.52,3.93,175,206,13.05,Low,No,Moderate,1
TXN06973,U06973,27,Male,7.36,2.53,2.71,5.16,7.23,234,160,10.05,Medium,Yes,Mild,0
TXN06974,U06974,26,Female,7.34,4.97,4.62,5.18,6.69,110,134,9.69,High,Yes,Moderate,1
TXN06975,U06975,32,Male,9.88,3.6,2.89,1.98,3.6,302,202,11.19,Low,Yes,Severe,1
TXN06976,U06976,31,Other,7.46,3.56,5.56,3.17,7.09,315,69,9.66,High,No,Moderate,1
TXN06977,U06977,22,Female,10.02,2.6,5.25,3.44,3.55,337,146,12.14,Low,Yes,Severe,1
TXN06978,U06978,25,Female,3.57,5.01,4.2,4.3,3.0,102,132,6.22,Low,Yes,Moderate,1
TXN06979,U06979,19,Female,10.74,4.12,5.03,2.9,7.1,272,172,11.29,Medium,No,Moderate,1
TXN06980,U06980,26,Male,6.45,3.06,3.02,4.65,5.61,106,172,6.98,Low,Yes,Mild,0
TXN06981,U06981,33,Male,6.31,4.29,3.62,3.04,4.64,202,155,8.16,Low,Yes,Moderate,1
TXN06982,U06982,33,Other,7.59,5.74,2.21,2.85,4.09,260,222,9.71,High,No,Moderate,1
TXN06983,U06983,21,Female,11.59,3.74,3.69,1.77,3.0,193,110,13.1,High,Yes,Severe,1
TXN06984,U06984,35,Other,3.5,4.97,5.05,0.89,6.31,305,194,5.0,Medium,No,Moderate,1
TXN06985,U06985,35,Other,11.74,3.01,3.3,0.65,3.0,144,90,13.93,Medium,Yes,Severe,1
TXN06986,U06986,25,Male,11.51,3.88,4.06,1.23,5.16,103,71,14.3,High,No,Moderate,1
TXN06987,U06987,34,Female,3.37,4.63,3.89,4.48,4.72,140,84,6.18,Medium,No,Moderate,1
TXN06988,U06988,24,Male,10.19,2.25,2.77,5.44,4.44,127,192,10.93,High,No,Severe,1
TXN06989,U06989,18,Male,4.12,1.49,1.2,2.03,5.05,229,157,6.16,Low,No,,0
TXN06990,U06990,23,Female,11.99,3.04,3.79,5.98,5.25,206,113,13.33,High,Yes,Severe,1
TXN06991,U06991,35,Male,9.86,5.9,4.07,2.92,3.32,249,169,11.94,High,Yes,Moderate,1
TXN06992,U06992,25,Male,7.7,3.48,4.82,0.88,6.88,116,204,8.79,Medium,No,Moderate,1
TXN06993,U06993,33,Female,11.66,1.05,4.72,5.79,6.15,196,130,12.88,High,Yes,Severe,1
TXN06994,U06994,30,Other,3.95,3.41,1.7,2.21,5.55,183,136,4.95,High,Yes,,0
TXN06995,U06995,19,Male,6.6,3.9,5.41,4.9,6.78,147,220,7.22,Low,Yes,Moderate,1
TXN06996,U06996,30,Other,5.09,1.12,1.87,2.67,5.41,32,171,5.85,Medium,No,,0
TXN06997,U06997,20,Female,5.82,4.32,3.25,0.71,4.9,348,209,6.95,Low,Yes,Severe,1
TXN06998,U06998,22,Female,10.36,4.29,5.31,1.21,3.0,127,138,13.22,Low,No,Severe,1
TXN06999,U06999,25,Male,7.57,1.89,5.43,1.21,3.91,255,230,9.12,Low,No,Moderate,1
TXN07000,U07000,26,Male,5.94,3.6,4.08,5.11,5.65,283,134,8.57,High,Yes,Mild,0
TXN07001,U07001,23,Female,7.11,3.02,5.09,5.22,5.08,191,170,9.88,Low,No,Moderate,1
TXN07002,U07002,29,Female,9.39,4.59,4.91,1.41,6.05,206,158,10.6,Medium,Yes,Severe,1
TXN07003,U07003,27,Male,4.5,2.14,3.15,1.5,4.78,120,176,7.23,High,No,Mild,0
TXN07004,U07004,18,Other,10.77,4.12,3.66,1.88,4.52,161,211,13.6,Medium,Yes,Severe,1
TXN07005,U07005,21,Male,11.63,0.99,4.06,1.36,7.26,178,196,14.45,Low,Yes,Moderate,1
TXN07006,U07006,30,Other,5.63,5.6,6.13,5.8,4.47,257,251,6.62,High,No,Severe,1
TXN07007,U07007,31,Other,3.34,0.99,4.07,3.38,4.85,213,95,5.72,High,Yes,Mild,0
TXN07008,U07008,31,Male,7.23,5.01,2.79,2.82,4.11,266,118,9.5,Medium,No,Moderate,1
TXN07009,U07009,32,Female,8.96,0.76,4.65,3.5,3.61,207,122,10.88,Low,No,Moderate,1
TXN07010,U07010,32,Female,5.78,4.42,3.16,1.64,4.2,289,151,8.33,Low,No,Moderate,1
TXN07011,U07011,35,Other,10.7,3.8,4.97,2.86,3.17,185,141,11.55,Low,No,Moderate,1
TXN07012,U07012,29,Other,6.16,3.2,2.84,1.94,6.31,265,134,8.3,High,Yes,Mild,0
TXN07013,U07013,20,Male,5.6,4.52,5.49,3.41,5.07,209,101,8.2,Low,No,Severe,1
TXN07014,U07014,34,Female,10.84,3.65,6.35,5.32,6.51,239,146,11.35,High,No,Severe,1
TXN07015,U07015,35,Female,3.99,3.43,2.2,1.85,6.17,107,84,4.74,Low,Yes,,0
TXN07016,U07016,30,Female,11.96,0.92,4.52,4.49,5.48,140,201,14.71,Medium,No,Moderate,1
TXN07017,U07017,22,Female,8.68,1.67,4.02,5.78,7.14,253,223,9.56,High,No,Moderate,1
TXN07018,U07018,27,Other,5.98,1.79,1.22,2.48,8.83,135,170,8.38,High,No,,0
TXN07019,U07019,32,Male,4.82,5.63,2.03,3.49,7.0,136,197,6.25,Low,Yes,Moderate,1
TXN07020,U07020,29,Other,4.11,1.04,2.78,1.98,8.13,182,150,6.91,High,No,,0
TXN07021,U07021,32,Female,5.8,5.08,4.35,1.95,5.9,127,187,6.57,Medium,Yes,Severe,1
TXN07022,U07022,25,Female,10.56,5.94,1.7,1.34,3.72,313,83,11.33,Medium,Yes,Moderate,1
TXN07023,U07023,34,Female,6.78,0.99,1.19,0.93,4.68,140,128,8.49,High,No,Mild,0
TXN07024,U07024,29,Female,10.32,4.72,5.32,3.01,4.26,213,178,12.22,Medium,No,Severe,1
TXN07025,U07025,33,Male,9.92,2.63,4.81,5.07,4.27,305,133,11.67,High,No,Moderate,1
TXN07026,U07026,20,Male,9.92,0.95,4.16,2.4,4.12,349,184,11.04,High,No,Severe,1
TXN07027,U07027,32,Male,10.48,5.1,3.48,5.23,5.91,296,217,13.16,Low,Yes,Severe,1
TXN07028,U07028,31,Male,8.11,5.14,1.94,4.14,5.27,287,108,10.87,High,No,Moderate,1
TXN07029,U07029,32,Male,9.0,0.75,4.17,3.06,3.0,269,253,10.6,High,Yes,Severe,1
TXN07030,U07030,33,Male,5.77,2.28,0.39,5.04,7.47,195,40,7.99,Medium,No,,0
TXN07031,U07031,35,Other,6.34,5.46,5.17,3.78,4.1,333,112,7.84,Medium,No,Severe,1
TXN07032,U07032,27,Female,9.55,5.63,4.85,4.66,3.8,345,111,11.91,High,Yes,Severe,1
TXN07033,U07033,35,Other,11.61,2.45,4.55,4.41,6.87,132,76,13.36,Medium,Yes,Moderate,1
TXN07034,U07034,28,Male,3.98,3.83,1.92,2.95,6.0,233,161,5.05,High,No,Mild,0
TXN07035,U07035,30,Other,4.61,3.89,1.52,0.98,5.3,116,112,6.79,Low,No,Mild,0
TXN07036,U07036,32,Other,3.92,4.01,3.33,0.92,4.34,279,133,4.72,High,No,Moderate,1
TXN07037,U07037,21,Male,9.12,2.69,4.61,4.31,4.23,350,242,10.81,High,No,Severe,1
TXN07038,U07038,32,Male,8.18,5.66,4.98,5.6,5.59,160,182,9.04,Medium,No,Severe,1
TXN07039,U07039,26,Female,9.84,2.31,2.76,3.01,5.99,344,253,11.44,Medium,Yes,Severe,1
TXN07040,U07040,35,Male,8.78,1.48,4.3,0.51,3.0,297,202,11.27,High,Yes,Moderate,1
TXN07041,U07041,24,Male,7.55,3.68,2.43,2.56,6.3,315,124,8.48,Medium,No,Moderate,1
TXN07042,U07042,22,Female,4.2,1.27,3.33,1.96,4.85,160,119,4.96,Medium,Yes,Mild,0
TXN07043,U07043,26,Female,6.04,2.22,2.43,4.49,5.04,112,120,8.0,Low,No,Moderate,1
TXN07044,U07044,22,Male,4.31,3.3,2.69,1.66,4.86,157,79,6.29,Low,Yes,Mild,0
TXN07045,U07045,25,Male,8.52,0.74,4.61,5.3,4.76,142,201,10.09,Low,Yes,Severe,1
TXN07046,U07046,30,Male,6.34,5.49,2.39,3.29,5.88,199,206,8.63,Medium,No,Moderate,1
TXN07047,U07047,30,Male,4.48,3.03,3.6,2.8,6.42,57,67,5.54,High,Yes,,0
TXN07048,U07048,22,Other,5.75,2.8,1.93,2.56,6.74,147,64,8.28,High,Yes,,0
TXN07049,U07049,34,Male,5.74,4.05,3.65,2.03,4.58,184,220,7.18,High,Yes,Moderate,1
TXN07050,U07050,23,Male,9.01,1.43,4.68,2.01,6.28,167,239,10.93,Low,Yes,Severe,1
TXN07051,U07051,31,Female,3.97,2.03,4.17,4.18,5.25,137,169,5.95,High,Yes,Mild,0
TXN07052,U07052,34,Female,10.05,5.35,5.44,0.84,3.39,304,194,12.91,Medium,Yes,Severe,1
TXN07053,U07053,25,Male,7.63,4.36,3.11,1.43,3.97,134,230,9.08,Low,Yes,Severe,1
TXN07054,U07054,33,Male,3.88,2.94,2.45,2.08,8.06,98,49,6.57,Medium,No,Mild,0
TXN07055,U07055,26,Female,5.46,2.6,1.97,3.7,8.1,32,27,6.6,Medium,No,,0
TXN07056,U07056,22,Other,6.29,3.4,4.59,3.18,4.24,151,205,8.18,High,No,Mild,0
TXN07057,U07057,22,Female,7.9,0.52,3.4,1.09,5.75,258,204,8.78,Low,No,Moderate,1
TXN07058,U07058,34,Other,7.93,3.53,1.43,5.54,4.73,176,67,10.74,Medium,Yes,Mild,0
TXN07059,U07059,25,Female,6.56,0.94,3.57,2.88,6.99,189,66,7.3,High,Yes,Moderate,1
TXN07060,U07060,35,Female,5.48,1.18,4.22,0.59,7.63,178,55,6.15,Medium,Yes,Mild,0
TXN07061,U07061,35,Female,11.23,2.06,5.72,2.26,6.12,209,184,12.52,Low,No,Severe,1
TXN07062,U07062,30,Other,5.29,0.88,4.29,5.66,5.76,256,192,7.34,High,Yes,Mild,0
TXN07063,U07063,35,Other,9.79,2.41,2.71,1.96,5.11,178,223,11.67,Low,Yes,Severe,1
TXN07064,U07064,19,Male,10.07,3.76,3.2,1.63,6.49,250,209,11.31,Medium,No,Moderate,1
TXN07065,U07065,23,Female,10.3,5.83,4.95,3.38,6.73,177,87,12.43,Medium,No,Moderate,1
TXN07066,U07066,29,Male,8.13,5.48,5.38,0.97,3.83,278,135,9.13,High,No,Moderate,1
TXN07067,U07067,33,Male,6.42,0.79,4.02,5.64,6.5,149,102,8.09,Low,No,Moderate,1
TXN07068,U07068,27,Female,9.48,1.31,5.78,2.31,4.08,141,198,12.39,High,No,Severe,1
TXN07069,U07069,22,Other,3.35,2.67,0.15,2.59,7.09,88,49,6.19,Medium,Yes,,0
TXN07070,U07070,19,Male,3.85,3.49,2.12,3.61,5.73,200,103,5.48,High,No,,0
TXN07071,U07071,34,Other,10.78,4.11,3.72,5.04,4.74,283,165,11.37,Low,No,Moderate,1
TXN07072,U07072,31,Female,7.98,4.39,2.6,1.91,3.33,309,244,10.14,High,No,Severe,1
TXN07073,U07073,19,Other,6.9,5.94,4.64,1.03,4.4,285,197,7.84,Medium,Yes,Severe,1
TXN07074,U07074,34,Male,10.11,4.89,5.61,3.42,3.43,129,227,12.35,Low,No,Severe,1
TXN07075,U07075,29,Other,7.01,4.12,5.28,3.78,4.1,297,133,8.01,High,No,Severe,1
TXN07076,U07076,34,Other,9.18,3.99,5.27,3.42,3.05,127,170,11.78,Medium,Yes,Severe,1
TXN07077,U07077,34,Male,10.4,3.0,4.53,5.2,6.84,193,116,11.62,Low,No,Moderate,1
TXN07078,U07078,35,Other,8.79,2.5,5.9,0.77,6.33,349,241,10.68,Medium,Yes,Severe,1
TXN07079,U07079,23,Male,7.82,5.24,4.22,4.08,3.0,296,203,9.87,Medium,No,Severe,1
TXN07080,U07080,18,Male,10.52,0.77,2.14,1.78,4.09,248,107,11.17,Medium,Yes,Moderate,1
TXN07081,U07081,34,Male,4.96,3.17,0.88,4.56,6.46,56,126,7.72,Medium,No,Mild,0
TXN07082,U07082,30,Female,11.9,1.34,3.58,2.32,6.25,222,160,14.15,High,No,Severe,1
TXN07083,U07083,35,Other,8.48,5.89,5.06,3.64,3.16,127,121,11.31,High,No,Moderate,1
TXN07084,U07084,28,Male,10.84,0.6,2.8,2.52,5.0,312,189,12.83,Low,No,Severe,1
TXN07085,U07085,34,Male,8.14,1.46,2.57,3.8,6.19,277,153,9.71,Medium,No,Severe,1
TXN07086,U07086,25,Other,6.38,1.45,4.45,5.71,4.92,269,180,9.0,Low,No,Moderate,1
TXN07087,U07087,35,Other,8.3,1.77,4.39,1.57,5.28,125,165,9.13,Low,No,Moderate,1
TXN07088,U07088,24,Female,9.06,4.58,4.81,1.98,5.42,205,220,10.34,Medium,Yes,Moderate,1
TXN07089,U07089,33,Male,4.64,0.77,3.59,4.78,8.23,179,49,6.02,Low,Yes,,0
TXN07090,U07090,19,Other,8.11,3.55,6.35,1.35,5.0,219,126,9.23,Medium,No,Severe,1
TXN07091,U07091,21,Female,4.32,2.16,4.68,3.16,5.94,258,85,5.9,Medium,No,Mild,0
TXN07092,U07092,18,Female,11.51,4.29,4.47,1.8,3.0,353,165,12.62,Medium,Yes,Severe,1
TXN07093,U07093,26,Female,9.77,1.37,2.56,3.87,4.62,215,153,12.23,Low,Yes,Severe,1
TXN07094,U07094,25,Male,10.11,3.45,3.14,4.01,4.98,207,234,11.36,Medium,Yes,Severe,1
TXN07095,U07095,20,Female,5.66,2.42,3.58,4.65,5.2,273,140,7.39,Low,Yes,Mild,0
TXN07096,U07096,19,Female,10.66,0.92,5.21,2.09,3.71,102,146,12.99,Medium,Yes,Moderate,1
TXN07097,U07097,23,Female,11.57,1.08,5.6,3.37,4.07,204,166,12.26,Medium,Yes,Severe,1
TXN07098,U07098,35,Female,9.64,1.26,6.24,2.65,5.37,138,211,10.77,Medium,Yes,Severe,1
TXN07099,U07099,29,Female,6.0,1.28,2.76,1.82,7.05,99,139,8.37,High,Yes,,0
TXN07100,U07100,23,Male,7.46,2.52,3.0,1.25,5.18,147,216,10.38,Low,No,Moderate,1
TXN07101,U07101,25,Female,11.53,2.11,5.2,0.97,3.37,136,92,12.65,Medium,Yes,Moderate,1
TXN07102,U07102,33,Female,4.81,1.94,2.67,3.82,6.44,65,176,6.93,Low,Yes,,0
TXN07103,U07103,26,Male,10.01,2.18,3.37,3.86,3.15,289,158,12.97,Medium,No,Severe,1
TXN07104,U07104,32,Male,5.52,1.19,1.95,4.78,8.96,24,112,7.61,High,Yes,,0
TXN07105,U07105,32,Female,6.03,2.49,4.09,4.51,5.81,181,103,8.68,Low,Yes,Moderate,1
TXN07106,U07106,21,Male,9.26,1.39,4.02,2.9,4.26,134,238,11.8,High,No,Severe,1
TXN07107,U07107,23,Other,5.31,5.68,3.15,3.46,5.99,108,217,8.04,Low,Yes,Moderate,1
TXN07108,U07108,20,Male,8.32,5.03,2.67,1.3,5.67,119,83,10.76,Low,No,Moderate,1
TXN07109,U07109,26,Other,8.9,2.65,2.53,0.53,3.03,150,90,10.64,High,No,Moderate,1
TXN07110,U07110,19,Other,5.08,4.95,4.82,1.74,4.09,245,104,5.85,High,Yes,Moderate,1
TXN07111,U07111,22,Male,9.73,4.24,5.52,1.12,5.92,145,221,11.01,Low,No,Severe,1
TXN07112,U07112,26,Other,7.79,4.0,4.56,4.48,4.0,235,99,8.75,High,Yes,Mild,0
TXN07113,U07113,33,Male,9.11,4.76,4.3,5.31,5.21,313,84,11.85,Low,No,Moderate,1
TXN07114,U07114,23,Female,7.62,3.26,4.26,2.77,5.56,99,129,9.55,Medium,Yes,Moderate,1
TXN07115,U07115,18,Female,7.86,5.14,3.6,1.37,3.0,115,94,9.74,Low,Yes,Moderate,1
TXN07116,U07116,30,Female,11.28,2.88,5.97,4.03,5.89,218,193,13.98,Medium,No,Severe,1
TXN07117,U07117,24,Other,7.66,4.92,2.75,0.78,3.0,164,235,10.59,Medium,No,Severe,1
TXN07118,U07118,29,Female,3.85,1.84,1.89,5.76,7.27,227,56,5.57,Medium,No,,0
TXN07119,U07119,25,Female,3.06,5.91,3.17,5.92,5.4,198,179,5.08,High,Yes,Severe,1
TXN07120,U07120,30,Female,8.99,4.55,3.09,1.07,5.69,246,226,10.28,Medium,No,Severe,1
TXN07121,U07121,18,Male,5.97,3.1,4.39,1.13,5.45,276,195,6.49,High,No,Mild,0
TXN07122,U07122,34,Male,4.14,3.3,3.95,2.53,8.06,216,24,5.65,Medium,No,,0
TXN07123,U07123,35,Female,11.75,3.19,2.06,3.42,5.03,225,195,14.72,High,Yes,Moderate,1
TXN07124,U07124,21,Other,8.3,5.81,2.48,3.63,4.38,140,175,10.98,Low,No,Severe,1
TXN07125,U07125,21,Female,5.69,3.01,2.59,1.07,5.33,49,100,7.38,Low,Yes,,0
TXN07126,U07126,35,Other,9.22,1.98,1.85,1.23,5.56,114,80,10.36,High,Yes,Moderate,1
TXN07127,U07127,32,Other,8.48,4.85,5.55,3.73,5.95,130,146,10.38,Low,No,Moderate,1
TXN07128,U07128,24,Male,10.48,5.19,3.22,5.19,3.0,133,232,13.03,Low,Yes,Severe,1
TXN07129,U07129,24,Male,7.82,2.53,3.89,4.29,5.18,162,134,9.06,High,No,Mild,0
TXN07130,U07130,22,Other,9.24,4.11,3.27,4.78,3.81,280,176,11.04,Low,Yes,Severe,1
TXN07131,U07131,20,Female,6.66,5.17,3.81,4.35,3.18,196,153,9.6,High,Yes,Moderate,1
TXN07132,U07132,24,Other,8.59,3.91,2.01,3.05,7.1,147,77,11.28,High,No,Moderate,1
TXN07133,U07133,33,Male,7.44,4.31,2.8,1.53,6.12,257,96,9.36,Medium,Yes,Moderate,1
TXN07134,U07134,18,Female,6.75,3.84,3.06,3.87,6.04,243,191,8.01,High,Yes,Moderate,1
TXN07135,U07135,21,Other,7.76,1.7,3.06,5.09,6.79,221,153,10.26,Low,No,Moderate,1
TXN07136,U07136,23,Other,3.12,5.46,5.07,1.85,6.85,128,79,4.05,Medium,Yes,Moderate,1
TXN07137,U07137,25,Female,4.63,0.82,2.21,3.07,5.46,79,168,5.77,Low,No,,0
TXN07138,U07138,20,Female,7.15,2.18,3.68,5.21,5.38,256,110,9.77,High,No,Moderate,1
TXN07139,U07139,24,Other,4.9,4.82,3.26,2.97,5.57,107,79,6.24,High,No,Moderate,1
TXN07140,U07140,33,Female,5.56,1.55,1.75,3.48,7.02,278,176,7.91,High,Yes,Mild,0
TXN07141,U07141,19,Female,5.69,1.81,0.89,2.51,7.05,238,161,7.75,High,No,,0
TXN07142,U07142,30,Male,4.15,3.44,1.32,1.87,5.46,242,111,5.91,High,Yes,,0
TXN07143,U07143,21,Female,11.9,4.52,3.24,0.54,4.76,111,163,14.58,High,Yes,Moderate,1
TXN07144,U07144,33,Other,9.07,5.64,4.82,5.78,5.46,202,215,10.0,Low,Yes,Moderate,1
TXN07145,U07145,31,Other,3.34,3.45,2.0,4.95,5.26,188,155,5.22,Medium,Yes,Mild,0
TXN07146,U07146,27,Other,9.85,3.04,2.96,5.37,3.91,273,178,12.48,Low,No,Severe,1
TXN07147,U07147,35,Female,8.59,0.73,3.75,1.57,3.53,251,178,10.61,Medium,No,Severe,1
TXN07148,U07148,32,Other,11.02,2.18,2.32,0.72,4.26,290,150,13.18,High,Yes,Moderate,1
TXN07149,U07149,25,Other,9.43,3.2,2.54,5.45,6.38,193,97,10.29,Medium,Yes,Severe,1
TXN07150,U07150,35,Female,7.35,2.29,4.52,1.34,7.65,233,139,9.25,Medium,No,Mild,0
TXN07151,U07151,20,Male,10.96,3.72,3.83,4.34,3.0,183,230,12.9,High,No,Moderate,1
TXN07152,U07152,20,Female,8.72,3.44,4.6,5.95,3.57,251,112,10.28,Low,No,Moderate,1
TXN07153,U07153,28,Male,7.66,1.24,3.24,3.97,5.35,146,77,10.46,Medium,No,Mild,0
TXN07154,U07154,33,Male,10.53,5.82,4.64,1.06,6.45,203,186,12.05,Medium,No,Moderate,1
TXN07155,U07155,32,Other,4.17,1.65,0.67,4.68,6.04,219,152,6.81,Medium,No,,0
TXN07156,U07156,35,Other,4.41,2.26,3.26,1.07,4.22,175,175,5.79,Low,No,Mild,0
TXN07157,U07157,19,Male,5.62,3.89,1.82,4.63,6.03,175,89,6.45,Low,No,,0
TXN07158,U07158,32,Female,7.25,2.62,4.09,2.92,4.08,178,124,9.26,Low,Yes,Mild,0
TXN07159,U07159,21,Male,8.72,3.24,4.18,5.1,4.28,184,87,10.88,High,No,Moderate,1
TXN07160,U07160,19,Other,4.82,4.5,3.64,1.73,6.56,298,217,5.51,Medium,No,Moderate,1
TXN07161,U07161,19,Female,4.03,5.49,2.58,5.92,5.05,163,111,7.02,Medium,No,Moderate,1
TXN07162,U07162,22,Female,5.71,1.14,1.71,3.38,4.92,84,46,6.97,High,Yes,Mild,0
TXN07163,U07163,26,Male,7.77,0.8,4.05,5.51,4.8,205,226,9.53,Low,Yes,Moderate,1
TXN07164,U07164,27,Male,4.23,4.5,6.3,2.18,3.0,336,239,6.94,High,Yes,Severe,1
TXN07165,U07165,18,Female,10.01,1.98,2.52,1.53,4.45,264,196,12.8,High,No,Severe,1
TXN07166,U07166,28,Female,3.79,2.67,3.21,2.58,5.64,233,63,6.22,Medium,No,,0
TXN07167,U07167,18,Male,3.19,5.96,3.13,3.57,6.29,276,210,5.78,High,No,Severe,1
TXN07168,U07168,23,Male,3.66,2.8,4.41,3.41,4.65,174,155,4.77,Medium,Yes,Mild,0
TXN07169,U07169,23,Male,10.67,2.95,3.68,1.83,4.49,307,119,11.19,Low,Yes,Moderate,1
TXN07170,U07170,28,Male,9.61,5.39,5.09,2.65,4.12,181,233,11.23,High,Yes,Severe,1
TXN07171,U07171,32,Female,9.71,4.26,5.37,4.42,3.69,190,187,11.12,High,No,Severe,1
TXN07172,U07172,30,Male,4.3,2.92,1.62,1.25,4.97,82,98,6.84,Low,No,Mild,0
TXN07173,U07173,32,Male,5.12,5.61,5.18,5.22,5.3,103,128,7.98,Medium,Yes,Moderate,1
TXN07174,U07174,29,Male,6.34,4.66,4.22,3.94,5.87,100,196,7.79,High,No,Moderate,1
TXN07175,U07175,25,Female,4.76,4.73,2.81,1.68,4.84,266,209,7.68,Medium,Yes,Moderate,1
TXN07176,U07176,31,Male,11.09,4.86,4.93,2.26,5.17,214,109,12.27,Low,Yes,Severe,1
TXN07177,U07177,26,Male,9.69,2.36,2.8,1.07,5.43,181,225,12.59,Low,No,Severe,1
TXN07178,U07178,20,Male,4.75,4.3,5.07,4.67,5.74,231,135,6.15,Medium,No,Moderate,1
TXN07179,U07179,32,Male,10.43,4.18,4.82,3.93,6.3,244,66,12.88,Low,Yes,Moderate,1
TXN07180,U07180,35,Male,3.92,2.34,0.12,1.44,6.01,163,165,4.99,Low,Yes,,0
TXN07181,U07181,32,Female,8.18,4.26,4.42,3.13,6.11,275,231,11.0,High,No,Severe,1
TXN07182,U07182,31,Female,5.19,3.08,2.55,1.81,5.25,161,76,5.84,High,Yes,,0
TXN07183,U07183,24,Female,5.07,2.56,2.51,2.86,5.2,57,130,7.52,High,Yes,,0
TXN07184,U07184,35,Male,11.06,4.16,4.38,2.93,3.23,104,156,13.3,High,Yes,Moderate,1
TXN07185,U07185,29,Female,9.36,1.0,1.93,4.45,5.36,102,194,10.48,High,Yes,Moderate,1
TXN07186,U07186,31,Other,4.3,2.75,1.81,1.89,7.36,248,66,6.85,Medium,Yes,Mild,0
TXN07187,U07187,21,Male,5.53,1.94,2.72,3.52,7.15,281,94,7.03,Low,No,Mild,0
TXN07188,U07188,34,Other,3.16,5.31,5.42,4.25,4.46,194,69,4.51,Medium,No,Moderate,1
TXN07189,U07189,27,Other,7.48,4.7,6.2,4.34,3.0,161,203,8.83,Medium,No,Severe,1
TXN07190,U07190,33,Female,7.91,5.97,2.88,2.05,3.0,203,228,8.89,High,No,Severe,1
TXN07191,U07191,24,Female,8.8,5.46,3.49,5.85,6.85,145,77,10.42,High,No,Moderate,1
TXN07192,U07192,29,Male,10.55,3.99,2.03,5.78,6.8,262,223,11.32,Low,Yes,Moderate,1
TXN07193,U07193,35,Female,6.41,0.83,3.87,4.99,5.1,193,100,7.31,Low,Yes,Moderate,1
TXN07194,U07194,27,Other,6.38,4.92,4.88,3.9,6.83,140,222,8.62,Medium,No,Moderate,1
TXN07195,U07195,33,Other,6.48,3.63,2.39,1.58,3.72,163,88,7.77,High,No,Moderate,1
TXN07196,U07196,31,Other,7.12,3.73,3.74,4.98,4.3,117,167,8.86,High,No,Moderate,1
TXN07197,U07197,29,Female,8.74,2.18,5.52,1.87,7.3,94,217,11.22,High,Yes,Moderate,1
TXN07198,U07198,28,Female,3.47,2.59,1.97,4.99,4.67,239,130,5.6,High,Yes,Mild,0
TXN07199,U07199,19,Female,7.79,4.36,3.88,5.74,4.34,166,218,9.21,Low,Yes,Moderate,1
TXN07200,U07200,19,Other,9.62,2.28,5.76,0.75,3.0,239,110,12.33,High,No,Severe,1
TXN07201,U07201,20,Female,8.37,2.65,5.31,4.25,3.09,202,230,9.1,Medium,No,Severe,1
TXN07202,U07202,19,Female,5.92,5.23,4.36,5.14,4.68,176,81,7.21,Low,Yes,Moderate,1
TXN07203,U07203,21,Other,10.69,4.62,5.49,2.43,3.8,235,141,12.67,Medium,Yes,Severe,1
TXN07204,U07204,31,Other,8.41,2.49,2.45,1.35,4.76,191,159,9.61,Low,Yes,Moderate,1
TXN07205,U07205,21,Female,7.31,4.82,3.49,5.46,5.93,117,187,8.86,Low,No,Moderate,1
TXN07206,U07206,32,Other,6.21,1.95,4.37,2.49,5.06,256,82,7.15,Medium,Yes,Moderate,1
TXN07207,U07207,35,Female,7.28,1.83,3.4,1.46,7.24,176,130,8.41,Low,Yes,Mild,0
TXN07208,U07208,30,Other,7.22,0.88,3.68,1.29,5.43,260,117,7.82,Low,No,Moderate,1
TXN07209,U07209,24,Other,8.09,3.09,3.16,4.56,3.0,268,190,10.4,High,No,Severe,1
TXN07210,U07210,33,Female,10.05,2.04,4.63,3.1,7.16,249,212,11.21,Low,Yes,Moderate,1
TXN07211,U07211,31,Female,6.77,4.02,2.18,1.5,5.08,103,226,9.46,Medium,Yes,Moderate,1
TXN07212,U07212,19,Other,11.88,1.66,3.84,4.82,7.12,213,149,13.72,High,Yes,Moderate,1
TXN07213,U07213,33,Other,5.31,3.75,1.76,2.96,7.04,145,29,7.59,Medium,No,,0
TXN07214,U07214,20,Other,6.42,4.86,2.99,2.1,3.93,166,134,8.27,Medium,No,Moderate,1
TXN07215,U07215,21,Other,11.82,4.93,1.96,1.33,3.15,290,136,13.6,Low,Yes,Moderate,1
TXN07216,U07216,23,Female,3.4,4.44,2.99,4.49,5.34,247,176,4.31,Medium,Yes,Severe,1
TXN07217,U07217,27,Other,7.78,1.15,5.14,5.82,6.12,235,120,8.37,Low,Yes,Moderate,1
TXN07218,U07218,30,Female,7.82,2.49,4.22,2.42,3.97,276,180,9.21,High,Yes,Mild,0
TXN07219,U07219,35,Male,6.88,3.58,1.81,0.82,4.43,192,125,7.67,Low,No,Moderate,1
TXN07220,U07220,21,Male,5.77,3.32,2.37,4.48,7.73,227,90,7.28,Medium,No,,0
TXN07221,U07221,20,Female,11.15,1.17,5.8,3.81,4.74,168,104,12.8,Low,No,Severe,1
TXN07222,U07222,22,Male,11.98,3.08,3.17,1.68,4.98,232,183,13.61,Low,No,Severe,1
TXN07223,U07223,21,Male,11.87,4.53,3.65,5.34,5.99,156,152,12.83,High,No,Moderate,1
TXN07224,U07224,34,Other,8.52,3.24,3.12,2.85,5.92,247,102,10.2,High,Yes,Severe,1
TXN07225,U07225,18,Female,7.91,1.83,3.42,4.42,6.11,76,136,9.93,High,No,Mild,0
TXN07226,U07226,35,Female,5.06,3.33,2.47,4.55,7.81,198,195,7.11,Low,Yes,Mild,0
TXN07227,U07227,30,Male,9.36,4.04,6.05,1.26,4.65,212,147,11.66,High,No,Severe,1
TXN07228,U07228,20,Other,3.42,1.4,4.59,2.69,6.63,206,174,4.34,High,No,Mild,0
TXN07229,U07229,32,Female,9.97,2.06,4.47,3.66,4.85,344,252,10.96,Low,No,Severe,1
TXN07230,U07230,26,Male,11.44,5.28,3.07,5.41,7.36,229,227,12.42,Medium,No,Moderate,1
TXN07231,U07231,30,Other,10.21,3.55,4.08,2.28,4.3,156,188,12.12,Low,No,Moderate,1
TXN07232,U07232,23,Male,11.89,4.58,4.49,5.61,6.35,161,113,12.64,High,No,Severe,1
TXN07233,U07233,24,Male,8.42,5.56,6.08,4.8,5.9,219,202,10.64,High,No,Severe,1
TXN07234,U07234,29,Other,8.94,1.22,5.2,5.43,3.17,225,66,9.56,Low,Yes,Moderate,1
TXN07235,U07235,35,Male,11.82,0.64,5.16,2.0,3.39,200,77,12.34,High,Yes,Moderate,1
TXN07236,U07236,20,Female,4.25,0.76,3.47,1.28,6.88,211,117,6.77,High,No,Mild,0
TXN07237,U07237,30,Other,11.55,1.39,2.31,5.99,5.69,162,74,13.3,Low,No,Moderate,1
TXN07238,U07238,20,Female,7.6,5.27,2.62,4.45,4.31,167,185,8.13,Low,No,Moderate,1
TXN07239,U07239,27,Other,3.04,1.12,1.47,5.57,6.48,251,164,4.96,Low,Yes,Mild,0
TXN07240,U07240,31,Male,4.29,5.45,5.43,3.33,3.95,160,147,6.47,High,Yes,Moderate,1
TXN07241,U07241,29,Other,4.21,5.88,2.28,4.42,3.78,136,102,4.8,High,Yes,Moderate,1
TXN07242,U07242,33,Male,11.17,4.99,2.85,3.77,5.57,293,218,11.8,Low,Yes,Moderate,1
TXN07243,U07243,34,Female,5.42,0.8,1.19,4.48,4.33,111,106,8.39,Medium,No,Mild,0
TXN07244,U07244,29,Female,4.47,2.69,3.32,5.68,8.73,31,151,7.23,Low,No,,0
TXN07245,U07245,26,Female,4.37,3.48,2.33,3.75,7.24,150,155,4.98,Medium,Yes,,0
TXN07246,U07246,18,Male,8.85,1.14,6.12,3.83,6.29,309,209,10.47,Medium,No,Severe,1
TXN07247,U07247,26,Female,11.81,3.95,4.43,5.22,3.0,355,209,14.0,Low,Yes,Severe,1
TXN07248,U07248,29,Female,3.09,2.76,3.63,4.03,6.78,215,80,3.63,Medium,No,Mild,0
TXN07249,U07249,22,Other,7.71,5.47,3.92,2.53,6.07,132,212,8.68,Medium,Yes,Moderate,1
TXN07250,U07250,18,Other,5.61,4.15,2.99,5.88,6.64,149,110,7.7,High,Yes,Moderate,1
TXN07251,U07251,33,Other,10.78,0.71,4.38,1.36,3.23,196,192,13.51,Low,Yes,Severe,1
TXN07252,U07252,35,Other,10.67,5.69,5.56,2.26,4.91,131,173,11.19,High,No,Severe,1
TXN07253,U07253,28,Female,4.35,2.42,4.64,2.0,6.38,252,135,6.26,High,No,Mild,0
TXN07254,U07254,18,Other,9.84,0.74,5.21,3.65,3.25,282,96,10.62,Medium,No,Severe,1
TXN07255,U07255,22,Female,9.47,5.17,3.41,0.94,6.96,164,82,10.81,Medium,Yes,Moderate,1
TXN07256,U07256,21,Female,11.89,3.18,3.71,5.67,4.42,221,111,14.01,Low,No,Severe,1
TXN07257,U07257,30,Male,4.43,3.87,4.36,0.97,7.64,285,150,5.53,Low,Yes,Mild,0
TXN07258,U07258,29,Other,4.7,3.38,1.65,5.32,3.97,216,200,5.73,High,Yes,Mild,0
TXN07259,U07259,35,Other,7.98,3.84,3.71,5.39,4.02,273,99,9.06,Medium,No,Moderate,1
TXN07260,U07260,30,Male,5.3,4.79,2.71,5.74,4.32,207,230,7.78,Low,Yes,Severe,1
TXN07261,U07261,27,Male,10.88,2.8,2.05,3.91,4.46,211,107,12.05,Low,Yes,Moderate,1
TXN07262,U07262,33,Female,9.47,0.56,5.13,4.85,6.57,109,80,10.89,Low,No,Moderate,1
TXN07263,U07263,31,Male,9.81,5.84,5.86,0.55,6.24,223,157,10.9,High,Yes,Severe,1
TXN07264,U07264,21,Female,5.55,1.94,3.59,1.29,5.17,203,85,8.21,High,No,,0
TXN07265,U07265,25,Other,7.92,1.03,3.92,1.47,3.83,178,120,8.88,High,No,Mild,0
TXN07266,U07266,30,Female,6.7,2.53,1.88,5.48,4.25,80,97,8.8,Low,No,Mild,0
TXN07267,U07267,33,Male,5.65,4.73,4.11,5.52,7.25,245,132,6.58,Low,No,Moderate,1
TXN07268,U07268,19,Female,5.8,1.6,3.63,4.0,5.45,99,99,6.45,Medium,Yes,Mild,0
TXN07269,U07269,35,Male,4.26,3.08,1.58,4.58,5.78,273,91,6.59,Medium,No,Mild,0
TXN07270,U07270,31,Female,7.33,4.09,3.65,3.79,4.42,339,176,9.64,Low,Yes,Severe,1
TXN07271,U07271,25,Female,7.2,2.87,1.66,1.41,5.59,289,182,8.93,Medium,No,Moderate,1
TXN07272,U07272,26,Male,10.9,5.09,3.8,3.88,6.21,133,224,13.35,Low,No,Severe,1
TXN07273,U07273,20,Female,8.03,0.98,5.97,2.12,4.7,264,207,9.02,Medium,No,Severe,1
TXN07274,U07274,20,Female,7.65,4.18,5.98,4.6,3.16,283,140,9.93,High,No,Severe,1
TXN07275,U07275,28,Female,9.28,4.03,5.97,4.12,3.0,125,246,10.28,High,Yes,Severe,1
TXN07276,U07276,24,Other,7.1,5.64,2.51,4.64,6.3,214,200,9.02,High,Yes,Moderate,1
TXN07277,U07277,31,Female,11.2,1.45,1.98,1.21,7.23,115,110,13.97,Low,No,Moderate,1
TXN07278,U07278,26,Female,5.44,2.11,3.38,5.37,7.91,236,33,8.07,High,Yes,,0
TXN07279,U07279,30,Other,11.03,2.69,5.32,2.99,5.48,270,155,12.56,Low,Yes,Moderate,1
TXN07280,U07280,29,Female,5.16,0.89,1.67,2.71,7.96,109,188,6.49,Medium,No,Mild,0
TXN07281,U07281,34,Female,8.41,3.16,4.33,4.45,4.64,133,177,10.99,Medium,No,Moderate,1
TXN07282,U07282,23,Other,5.8,4.97,5.3,0.54,6.51,194,219,6.39,Medium,Yes,Moderate,1
TXN07283,U07283,25,Female,6.72,5.29,2.54,2.62,4.02,126,133,9.11,Low,Yes,Severe,1
TXN07284,U07284,29,Male,4.02,4.84,3.62,3.42,6.56,239,127,5.18,Medium,Yes,Moderate,1
TXN07285,U07285,21,Female,3.71,0.67,0.2,1.77,7.87,155,100,5.67,Low,No,,0
TXN07286,U07286,21,Other,4.58,2.03,1.47,1.14,6.15,36,71,7.53,High,Yes,,0
TXN07287,U07287,22,Female,6.79,5.94,3.73,3.81,4.53,156,212,8.88,High,Yes,Severe,1
TXN07288,U07288,27,Male,8.39,4.52,3.52,2.93,4.56,266,160,10.12,Medium,Yes,Severe,1
TXN07289,U07289,23,Female,3.12,2.03,3.66,4.41,4.26,185,85,5.48,Medium,Yes,Mild,0
TXN07290,U07290,31,Female,11.7,4.48,4.48,4.69,4.65,213,225,12.84,Low,Yes,Moderate,1
TXN07291,U07291,34,Male,8.54,1.03,3.44,5.42,4.4,201,92,10.61,Medium,Yes,Moderate,1
TXN07292,U07292,29,Female,5.36,1.97,1.59,2.22,6.58,173,148,8.19,High,Yes,Mild,0
TXN07293,U07293,20,Other,5.01,5.35,5.21,5.3,3.23,264,174,5.6,Medium,No,Moderate,1
TXN07294,U07294,27,Female,4.83,3.82,1.7,5.19,7.43,167,180,7.49,Medium,No,Mild,0
TXN07295,U07295,18,Other,6.06,3.25,3.58,4.91,5.83,144,85,7.18,High,No,Moderate,1
TXN07296,U07296,22,Female,4.8,1.48,2.73,5.94,7.4,89,52,6.88,Medium,No,,0
TXN07297,U07297,20,Male,7.27,5.96,5.55,2.49,6.51,343,149,8.16,High,Yes,Severe,1
TXN07298,U07298,24,Female,7.69,2.2,0.86,4.79,4.29,178,102,9.91,High,Yes,Mild,0
TXN07299,U07299,23,Female,7.35,2.34,2.22,2.4,3.48,303,140,8.17,Low,Yes,Moderate,1
TXN07300,U07300,26,Other,9.34,4.9,5.8,0.78,3.0,298,96,11.05,High,Yes,Severe,1
TXN07301,U07301,24,Female,3.68,1.04,0.1,0.94,8.28,93,18,6.08,Medium,Yes,,0
TXN07302,U07302,18,Other,7.86,3.09,2.04,4.87,4.9,181,199,9.05,High,No,Moderate,1
TXN07303,U07303,29,Male,10.11,4.96,3.04,5.13,5.7,293,239,11.13,High,Yes,Severe,1
TXN07304,U07304,29,Male,6.35,1.77,1.71,5.27,5.19,239,147,7.29,High,No,Mild,0
TXN07305,U07305,35,Male,5.95,4.71,5.16,5.91,6.53,308,207,7.4,Low,Yes,Moderate,1
TXN07306,U07306,30,Other,8.95,1.31,2.63,0.76,5.16,167,116,10.99,High,Yes,Severe,1
TXN07307,U07307,19,Male,7.41,1.55,1.53,2.81,7.01,73,107,10.12,Low,No,Mild,0
TXN07308,U07308,26,Male,9.92,1.35,3.91,4.15,6.59,235,128,12.54,High,No,Moderate,1
TXN07309,U07309,33,Other,10.44,1.13,2.88,1.2,3.0,171,227,12.57,Medium,Yes,Severe,1
TXN07310,U07310,23,Female,7.14,5.95,3.03,4.22,6.54,298,111,10.01,Medium,Yes,Moderate,1
TXN07311,U07311,23,Other,5.86,5.0,5.18,2.94,4.67,245,189,6.79,High,Yes,Severe,1
TXN07312,U07312,21,Male,7.69,3.01,2.27,3.59,6.86,136,197,8.5,Low,Yes,Moderate,1
TXN07313,U07313,26,Other,5.83,2.47,0.6,2.12,7.51,40,125,8.51,Low,Yes,,0
TXN07314,U07314,35,Other,7.64,3.35,4.36,5.83,3.3,95,198,9.16,Low,No,Moderate,1
TXN07315,U07315,20,Female,8.39,0.57,5.38,5.41,4.91,190,124,9.71,Low,No,Severe,1
TXN07316,U07316,22,Other,8.21,5.81,3.09,1.76,3.81,155,94,10.16,Medium,Yes,Moderate,1
TXN07317,U07317,34,Other,6.11,4.28,5.53,1.16,3.78,312,138,8.0,High,No,Severe,1
TXN07318,U07318,32,Male,6.14,4.17,4.49,3.05,3.08,212,235,8.68,Medium,No,Severe,1
TXN07319,U07319,21,Other,11.25,1.61,5.28,2.62,6.05,339,174,13.6,High,No,Severe,1
TXN07320,U07320,18,Male,11.0,4.39,3.62,3.08,6.99,312,207,12.62,Low,No,Moderate,1
TXN07321,U07321,18,Male,11.95,3.08,4.41,2.0,5.73,179,135,12.53,Medium,Yes,Moderate,1
TXN07322,U07322,20,Other,7.71,1.63,5.17,5.01,6.26,173,207,9.77,High,Yes,Moderate,1
TXN07323,U07323,25,Male,7.61,2.41,1.69,2.81,3.83,251,91,8.49,High,Yes,Mild,0
TXN07324,U07324,33,Other,11.93,4.36,2.57,3.25,5.18,289,160,14.3,Low,Yes,Severe,1
TXN07325,U07325,34,Other,4.94,3.09,3.37,2.77,8.19,183,190,6.26,Medium,Yes,Mild,0
TXN07326,U07326,24,Male,9.43,4.71,3.76,5.63,4.08,230,105,10.13,Low,Yes,Severe,1
TXN07327,U07327,19,Male,10.61,2.82,4.86,4.01,4.5,217,155,11.37,Medium,Yes,Moderate,1
TXN07328,U07328,28,Other,4.82,0.57,3.82,2.49,6.88,186,204,6.03,Low,No,Mild,0
TXN07329,U07329,20,Male,9.53,2.51,4.8,5.33,3.0,205,183,10.76,High,No,Moderate,1
TXN07330,U07330,28,Female,5.46,3.86,2.77,2.23,8.33,204,28,6.75,High,Yes,,0
TXN07331,U07331,29,Female,4.0,1.49,3.43,4.83,4.94,61,183,5.99,Low,No,Mild,0
TXN07332,U07332,35,Other,8.65,2.69,3.77,0.83,5.96,198,135,9.64,Medium,No,Moderate,1
TXN07333,U07333,33,Female,5.82,1.32,3.37,3.5,7.39,69,114,6.73,Low,No,,0
TXN07334,U07334,32,Female,11.12,1.91,2.87,3.4,6.96,278,215,11.92,Medium,No,Moderate,1
TXN07335,U07335,25,Male,8.85,4.36,4.37,1.48,5.73,273,244,9.53,Low,Yes,Severe,1
TXN07336,U07336,32,Female,3.41,5.79,2.03,4.59,3.59,100,104,5.52,Low,No,Moderate,1
TXN07337,U07337,19,Male,8.51,4.31,1.93,5.82,6.64,149,195,11.36,Low,Yes,Moderate,1
TXN07338,U07338,35,Other,11.23,5.19,4.88,5.0,5.21,125,171,13.87,High,Yes,Moderate,1
TXN07339,U07339,24,Female,4.53,5.15,2.63,1.08,5.55,114,80,6.63,High,Yes,Moderate,1
TXN07340,U07340,21,Other,6.75,1.66,4.4,1.93,3.85,166,111,8.85,Low,No,Moderate,1
TXN07341,U07341,21,Male,3.64,3.43,1.29,5.45,7.64,113,53,6.01,Medium,Yes,Mild,0
TXN07342,U07342,24,Female,5.27,4.52,4.54,2.01,5.56,306,166,6.3,High,Yes,Severe,1
TXN07343,U07343,29,Female,11.1,5.78,5.51,2.33,4.93,319,253,12.5,High,No,Severe,1
TXN07344,U07344,26,Male,5.85,2.7,2.37,0.63,4.44,235,92,6.58,High,Yes,Mild,0
TXN07345,U07345,21,Other,8.9,1.34,4.65,2.14,4.52,220,215,11.29,Low,Yes,Severe,1
TXN07346,U07346,18,Other,7.73,0.78,1.44,2.71,4.75,218,98,8.75,High,No,Mild,0
TXN07347,U07347,25,Male,11.22,0.55,1.77,3.87,4.65,165,179,12.24,High,No,Moderate,1
TXN07348,U07348,35,Male,9.71,4.26,4.56,5.44,4.09,108,88,11.38,Medium,Yes,Moderate,1
TXN07349,U07349,35,Other,10.28,3.78,4.01,2.9,4.89,143,240,12.86,Medium,Yes,Severe,1
TXN07350,U07350,26,Male,4.72,3.99,3.87,2.88,6.05,82,125,5.26,High,Yes,,0
TXN07351,U07351,29,Female,9.07,1.35,2.66,3.41,3.0,274,221,11.47,Medium,No,Severe,1
TXN07352,U07352,22,Male,5.74,5.06,3.84,2.85,3.51,161,119,6.39,Low,No,Moderate,1
TXN07353,U07353,29,Female,9.6,1.3,3.88,3.76,3.0,175,184,10.5,High,Yes,Severe,1
TXN07354,U07354,27,Male,7.08,4.43,3.9,4.99,3.22,228,146,10.04,Low,Yes,Moderate,1
TXN07355,U07355,34,Female,4.85,3.67,1.48,5.7,5.55,104,108,6.59,Low,No,Mild,0
TXN07356,U07356,21,Other,7.72,4.2,5.11,2.0,4.86,298,144,9.79,Low,Yes,Severe,1
TXN07357,U07357,31,Other,8.83,5.89,3.87,1.7,3.4,254,82,9.57,Low,No,Moderate,1
TXN07358,U07358,28,Other,6.71,3.82,4.58,3.52,4.41,315,170,7.86,High,Yes,Moderate,1
TXN07359,U07359,30,Other,4.06,2.2,3.71,1.99,6.61,263,63,5.6,Low,Yes,Mild,0
TXN07360,U07360,19,Female,4.1,2.69,1.66,1.03,6.39,111,161,5.08,Low,No,Mild,0
TXN07361,U07361,35,Female,8.23,5.61,4.85,2.54,6.97,168,133,10.05,Low,Yes,Moderate,1
TXN07362,U07362,20,Female,7.48,4.52,4.08,4.9,6.5,264,171,8.71,High,No,Moderate,1
TXN07363,U07363,31,Male,9.29,2.17,1.67,4.97,3.42,278,135,12.04,High,Yes,Moderate,1
TXN07364,U07364,33,Female,3.45,4.0,1.86,5.4,5.25,121,50,4.23,Medium,Yes,,0
TXN07365,U07365,32,Female,7.16,2.82,3.01,2.09,6.8,146,154,8.48,Low,Yes,Moderate,1
TXN07366,U07366,25,Other,8.65,5.73,6.27,2.61,4.9,197,185,11.36,High,No,Severe,1
TXN07367,U07367,23,Male,5.78,1.8,2.62,5.27,4.64,99,171,6.71,High,Yes,,0
TXN07368,U07368,30,Female,8.55,5.29,4.78,5.34,6.72,219,223,11.13,Medium,No,Moderate,1
TXN07369,U07369,31,Female,5.16,3.97,1.94,0.84,4.93,212,159,7.57,High,No,Mild,0
TXN07370,U07370,21,Male,10.94,2.24,3.14,2.74,6.46,91,69,13.32,Low,Yes,Moderate,1
TXN07371,U07371,22,Male,5.7,0.88,3.42,4.98,8.73,23,171,7.47,Low,No,,0
TXN07372,U07372,27,Other,4.98,2.36,3.48,3.87,5.79,23,60,6.89,High,No,,0
TXN07373,U07373,25,Female,6.45,5.09,5.3,2.84,5.24,271,212,7.11,High,No,Severe,1
TXN07374,U07374,26,Other,10.14,5.85,2.95,3.35,7.26,253,105,11.44,Low,Yes,Moderate,1
TXN07375,U07375,30,Female,7.19,0.73,3.87,1.35,6.76,315,114,8.6,High,No,Moderate,1
TXN07376,U07376,22,Female,11.43,3.33,4.87,2.94,3.62,274,138,13.95,High,No,Severe,1
TXN07377,U07377,35,Other,8.95,1.85,5.8,4.39,3.35,134,182,10.24,Medium,Yes,Severe,1
TXN07378,U07378,24,Female,8.11,4.17,6.05,2.18,3.0,303,191,8.72,High,Yes,Severe,1
TXN07379,U07379,20,Female,6.08,0.76,1.09,4.07,3.93,153,109,8.07,Low,Yes,Mild,0
TXN07380,U07380,24,Male,4.72,1.75,4.58,4.39,4.97,129,166,6.74,High,Yes,Mild,0
TXN07381,U07381,22,Female,5.04,2.54,2.96,1.59,6.46,113,123,6.77,High,No,Mild,0
TXN07382,U07382,29,Male,10.48,1.39,5.01,2.99,3.31,182,216,12.96,Low,Yes,Severe,1
TXN07383,U07383,24,Other,5.52,2.31,0.86,3.88,5.36,202,111,7.0,High,No,Mild,0
TXN07384,U07384,21,Female,11.92,3.89,6.14,1.84,6.05,258,183,13.09,Low,No,Severe,1
TXN07385,U07385,34,Female,11.75,4.49,4.04,1.85,6.25,90,219,13.22,Medium,Yes,Moderate,1
TXN07386,U07386,23,Other,5.81,2.86,2.21,2.37,6.92,85,68,7.06,Medium,No,,0
TXN07387,U07387,19,Other,7.58,2.86,1.75,4.19,3.58,257,148,10.14,Low,No,Moderate,1
TXN07388,U07388,20,Other,5.93,2.68,2.0,3.66,7.03,145,61,6.44,Medium,No,Mild,0
TXN07389,U07389,32,Male,5.21,5.32,4.7,3.99,3.65,175,156,7.99,High,Yes,Moderate,1
TXN07390,U07390,22,Male,8.51,3.93,3.38,5.39,5.42,170,152,11.32,Low,Yes,Severe,1
TXN07391,U07391,31,Female,10.1,3.98,2.98,1.65,3.43,184,107,12.03,Medium,No,Severe,1
TXN07392,U07392,34,Male,3.61,5.0,5.14,2.17,5.84,226,137,4.78,Low,Yes,Severe,1
TXN07393,U07393,28,Male,6.91,1.82,1.1,5.46,5.63,145,186,9.42,Medium,No,Mild,0
TXN07394,U07394,34,Female,3.24,5.81,3.5,3.86,3.0,298,171,4.27,Low,Yes,Severe,1
TXN07395,U07395,32,Other,5.57,0.59,1.9,0.99,5.13,149,94,6.62,Medium,Yes,Mild,0
TXN07396,U07396,32,Other,5.43,2.85,2.46,5.96,7.69,61,178,6.41,Low,No,Mild,0
TXN07397,U07397,29,Female,4.78,0.52,2.89,1.35,8.21,170,161,7.48,Medium,Yes,,0
TXN07398,U07398,32,Male,11.57,5.54,3.33,1.92,4.58,238,251,12.91,Medium,No,Severe,1
TXN07399,U07399,24,Other,7.99,4.45,6.2,3.4,4.6,210,188,10.74,High,Yes,Severe,1
TXN07400,U07400,30,Other,8.42,5.31,2.91,5.75,4.5,288,139,9.78,High,No,Severe,1
TXN07401,U07401,33,Female,9.99,2.6,3.33,1.69,3.36,251,204,12.31,Low,No,Moderate,1
TXN07402,U07402,32,Female,8.53,2.6,3.83,0.94,6.88,272,217,9.05,Medium,No,Moderate,1
TXN07403,U07403,22,Female,3.23,4.78,3.71,5.98,3.09,225,224,4.75,Medium,No,Severe,1
TXN07404,U07404,31,Male,5.35,1.17,0.95,4.13,7.98,181,177,7.85,Low,No,,0
TXN07405,U07405,30,Other,8.37,4.8,2.75,1.36,3.0,197,171,8.95,Medium,Yes,Severe,1
TXN07406,U07406,30,Female,5.44,3.66,3.53,5.92,4.18,143,190,7.64,Medium,Yes,Mild,0
TXN07407,U07407,26,Male,5.21,0.78,0.32,3.21,4.78,63,19,6.75,Low,No,,0
TXN07408,U07408,25,Other,5.75,5.62,4.1,1.96,3.0,323,131,6.5,High,No,Severe,1
TXN07409,U07409,27,Female,3.85,2.92,1.26,2.17,5.28,213,42,6.32,Low,Yes,Mild,0
TXN07410,U07410,30,Other,7.69,2.49,2.31,2.87,7.59,126,168,8.88,Low,Yes,Mild,0
TXN07411,U07411,19,Male,8.86,5.19,2.6,3.61,5.36,300,198,11.1,Medium,Yes,Moderate,1
TXN07412,U07412,34,Other,9.11,4.99,3.17,1.71,5.57,243,163,9.68,High,No,Moderate,1
TXN07413,U07413,33,Other,7.72,2.1,3.13,0.7,4.64,243,137,8.71,Low,No,Mild,0
TXN07414,U07414,32,Other,6.94,3.78,1.63,2.74,5.83,85,101,8.88,High,No,Mild,0
TXN07415,U07415,28,Male,5.32,2.02,0.48,1.31,6.77,143,64,6.04,Medium,Yes,,0
TXN07416,U07416,29,Other,7.64,3.07,2.42,5.41,7.25,101,106,8.81,Medium,Yes,Mild,0
TXN07417,U07417,34,Female,4.12,3.34,2.21,5.38,5.83,32,108,6.33,Low,No,,0
TXN07418,U07418,34,Male,6.36,2.25,3.88,3.65,5.2,120,71,6.92,Low,No,Mild,0
TXN07419,U07419,34,Male,10.47,1.2,3.82,1.96,6.32,289,161,12.57,High,Yes,Severe,1
TXN07420,U07420,26,Other,10.55,4.59,3.65,1.4,4.21,215,70,11.5,High,No,Moderate,1
TXN07421,U07421,31,Male,3.37,3.27,4.7,4.68,7.43,189,69,4.6,High,Yes,Mild,0
TXN07422,U07422,32,Other,8.67,1.29,5.39,3.53,3.0,271,164,9.88,Low,Yes,Severe,1
TXN07423,U07423,26,Other,8.09,2.77,4.9,3.76,3.36,264,238,10.27,Medium,Yes,Severe,1
TXN07424,U07424,27,Male,8.18,2.27,3.09,0.8,6.7,256,194,8.74,Low,No,Moderate,1
TXN07425,U07425,28,Other,8.9,1.7,3.71,1.27,6.42,259,207,9.56,Medium,No,Moderate,1
TXN07426,U07426,18,Male,8.52,3.7,3.45,2.98,3.47,96,110,10.84,High,Yes,Moderate,1
TXN07427,U07427,25,Female,10.6,3.12,2.46,1.13,6.11,330,117,13.23,High,Yes,Severe,1
TXN07428,U07428,24,Female,10.29,2.42,5.82,5.54,6.24,252,108,12.35,Medium,No,Severe,1
TXN07429,U07429,35,Other,4.65,4.5,1.6,3.85,5.31,166,71,5.65,Medium,No,Moderate,1
TXN07430,U07430,29,Other,10.56,2.58,2.21,4.24,7.31,189,179,12.94,High,No,Moderate,1
TXN07431,U07431,24,Male,6.97,3.77,4.55,2.33,4.19,283,148,8.59,Low,No,Moderate,1
TXN07432,U07432,22,Female,8.03,2.56,4.39,3.74,6.03,220,70,8.63,Medium,No,Moderate,1
TXN07433,U07433,20,Male,4.32,5.05,5.4,0.54,6.75,220,132,6.91,Medium,Yes,Moderate,1
TXN07434,U07434,29,Female,6.28,2.67,3.55,4.6,3.5,222,187,8.12,Low,No,Moderate,1
TXN07435,U07435,34,Female,7.63,4.48,2.3,1.09,3.66,239,99,9.18,High,No,Moderate,1
TXN07436,U07436,26,Other,5.32,1.54,1.01,2.95,4.97,101,61,6.56,Medium,Yes,Mild,0
TXN07437,U07437,32,Male,8.44,5.02,5.24,4.49,5.51,244,194,9.64,High,Yes,Severe,1
TXN07438,U07438,33,Other,8.56,2.31,6.29,2.28,3.0,349,188,11.54,Medium,Yes,Severe,1
TXN07439,U07439,20,Female,6.86,4.29,2.63,1.91,5.82,155,218,8.75,High,No,Moderate,1
TXN07440,U07440,33,Other,7.65,2.61,1.21,5.44,6.08,135,62,9.92,Low,Yes,Mild,0
TXN07441,U07441,18,Female,5.11,1.62,3.0,4.46,6.65,26,170,6.52,Low,No,,0
TXN07442,U07442,33,Other,11.38,3.99,2.86,3.63,6.56,337,124,14.22,Low,Yes,Severe,1
TXN07443,U07443,31,Male,5.51,3.07,1.74,5.07,3.86,174,139,7.94,Low,No,Mild,0
TXN07444,U07444,19,Male,9.23,1.34,5.9,1.51,5.99,326,227,11.04,Low,Yes,Severe,1
TXN07445,U07445,30,Female,9.4,3.6,4.19,3.53,3.48,287,155,9.97,High,Yes,Severe,1
TXN07446,U07446,34,Other,11.46,5.68,2.48,4.62,6.42,354,91,12.54,Medium,Yes,Severe,1
TXN07447,U07447,26,Male,9.56,5.34,3.07,5.63,3.0,354,198,11.21,Medium,No,Severe,1
TXN07448,U07448,20,Female,5.0,1.68,2.87,1.02,6.67,237,26,5.87,Medium,Yes,,0
TXN07449,U07449,29,Male,8.13,1.83,5.51,3.29,3.89,341,213,8.79,High,No,Severe,1
TXN07450,U07450,23,Other,10.28,1.97,3.17,3.74,3.0,337,192,12.46,High,No,Severe,1
TXN07451,U07451,34,Female,8.26,1.53,5.32,1.66,6.2,209,155,11.23,High,Yes,Moderate,1
TXN07452,U07452,30,Male,6.22,5.39,3.79,4.54,6.28,156,234,7.07,High,No,Severe,1
TXN07453,U07453,18,Male,6.79,2.46,3.02,5.68,5.29,148,135,8.24,Medium,Yes,Moderate,1
TXN07454,U07454,20,Male,3.62,4.71,4.42,3.57,3.0,253,119,4.56,High,No,Severe,1
TXN07455,U07455,29,Other,3.45,3.95,1.2,1.24,7.51,25,84,5.19,High,No,,0
TXN07456,U07456,19,Male,5.31,3.71,3.78,3.73,4.6,114,100,5.94,Medium,No,Mild,0
TXN07457,U07457,26,Male,6.05,5.28,4.61,1.77,6.14,276,212,6.89,High,Yes,Moderate,1
TXN07458,U07458,29,Female,3.11,2.44,3.17,0.84,8.93,217,174,4.27,High,Yes,,0
TXN07459,U07459,25,Other,7.27,5.91,4.88,5.09,4.75,339,198,8.82,Low,No,Severe,1
TXN07460,U07460,34,Other,10.21,5.71,5.53,4.15,4.05,270,141,11.62,Low,No,Severe,1
TXN07461,U07461,21,Female,10.87,1.17,2.22,1.38,5.08,91,95,13.76,High,Yes,Moderate,1
TXN07462,U07462,32,Male,5.14,4.11,4.54,1.66,3.94,137,159,7.55,Low,Yes,Moderate,1
TXN07463,U07463,33,Male,8.93,1.02,3.9,5.43,5.02,311,230,11.24,Low,Yes,Moderate,1
TXN07464,U07464,28,Female,10.09,4.47,2.07,3.41,7.26,225,102,10.64,Medium,Yes,Moderate,1
TXN07465,U07465,33,Female,6.02,0.92,2.91,5.07,7.01,119,102,7.07,Medium,Yes,Mild,0
TXN07466,U07466,31,Other,5.32,1.9,1.94,2.36,3.75,174,105,6.29,Low,No,Mild,0
TXN07467,U07467,25,Female,3.25,2.39,2.69,1.44,5.21,149,171,4.23,Medium,Yes,Mild,0
TXN07468,U07468,35,Male,3.7,5.19,5.02,0.55,6.25,330,132,4.44,Low,No,Severe,1
TXN07469,U07469,28,Other,10.68,1.75,3.05,5.55,3.0,264,233,12.2,Medium,Yes,Severe,1
TXN07470,U07470,25,Other,4.57,5.03,4.26,3.68,6.5,208,155,6.5,Low,Yes,Severe,1
TXN07471,U07471,29,Male,7.65,3.08,5.35,3.18,6.9,279,176,9.79,High,No,Moderate,1
TXN07472,U07472,35,Male,7.02,0.82,3.16,4.58,5.35,234,81,8.65,Medium,Yes,Mild,0
TXN07473,U07473,32,Other,11.29,3.99,2.54,2.96,3.0,186,98,13.46,High,No,Severe,1
TXN07474,U07474,27,Male,3.97,5.78,2.55,1.12,5.95,156,174,6.59,Low,Yes,Severe,1
TXN07475,U07475,18,Male,6.2,2.68,3.14,5.39,3.02,264,71,7.32,Low,Yes,Moderate,1
TXN07476,U07476,27,Male,9.03,0.6,3.84,3.63,5.4,132,101,10.89,Low,Yes,Moderate,1
TXN07477,U07477,30,Male,5.83,2.62,1.47,2.25,8.06,190,57,7.82,Low,Yes,Mild,0
TXN07478,U07478,22,Female,5.62,4.15,2.12,4.46,4.87,192,177,6.71,Medium,No,Moderate,1
TXN07479,U07479,24,Other,7.69,5.11,3.52,2.24,6.48,200,247,9.82,High,No,Severe,1
TXN07480,U07480,20,Other,4.98,1.62,1.17,1.83,8.0,173,192,6.33,High,No,Mild,0
TXN07481,U07481,29,Female,8.44,1.19,4.1,4.45,6.03,281,91,10.89,Medium,No,Moderate,1
TXN07482,U07482,29,Male,4.72,3.65,0.78,2.58,5.15,20,76,6.02,Medium,No,,0
TXN07483,U07483,34,Other,3.1,3.96,4.14,3.66,4.15,266,92,5.79,Low,Yes,Mild,0
TXN07484,U07484,28,Female,6.81,4.34,5.44,5.98,3.36,118,139,9.02,Medium,No,Moderate,1
TXN07485,U07485,26,Other,10.76,3.04,3.63,5.51,5.93,124,120,11.63,High,No,Moderate,1
TXN07486,U07486,34,Female,8.53,0.87,5.75,5.71,3.87,215,243,10.98,Low,Yes,Severe,1
TXN07487,U07487,18,Other,5.5,1.56,3.36,1.91,8.05,88,203,6.18,Low,Yes,Mild,0
TXN07488,U07488,22,Other,3.83,1.01,2.55,0.63,4.06,78,121,5.04,Low,Yes,Mild,0
TXN07489,U07489,19,Other,6.73,1.46,2.04,4.28,6.2,239,149,7.72,High,Yes,Mild,0
TXN07490,U07490,19,Other,9.46,2.89,2.47,3.04,3.15,207,113,12.37,High,No,Moderate,1
TXN07491,U07491,21,Female,3.08,5.68,5.97,5.53,3.0,146,179,5.82,High,No,Severe,1
TXN07492,U07492,29,Male,6.42,4.21,2.78,3.86,3.97,145,103,8.12,Medium,No,Severe,1
TXN07493,U07493,27,Female,3.29,1.82,1.21,5.94,6.06,64,142,4.03,High,No,Mild,0
TXN07494,U07494,19,Female,10.41,3.32,6.28,5.58,4.37,227,171,10.93,Low,Yes,Severe,1
TXN07495,U07495,23,Other,6.65,4.56,3.71,5.09,3.31,183,152,7.43,Medium,No,Severe,1
TXN07496,U07496,26,Other,9.85,1.75,4.73,3.49,4.21,319,172,11.99,Low,Yes,Moderate,1
TXN07497,U07497,35,Male,5.67,2.33,2.76,5.9,8.47,197,56,7.08,Low,No,,0
TXN07498,U07498,22,Female,9.99,3.61,3.49,1.16,5.77,312,99,12.84,Medium,Yes,Severe,1
TXN07499,U07499,23,Male,8.74,1.59,2.47,4.64,3.79,239,137,10.52,High,Yes,Severe,1
TXN07500,U07500,27,Female,10.04,5.4,3.13,5.45,3.18,320,113,12.17,Low,Yes,Severe,1
